scrape_timestamp,url,region_code,region_name,total_birds,peak_birds_in_flight,flight_direction,flight_speed_mph,flight_altitude_ft,migration_start_raw,migration_start_utc,migration_end_raw,migration_end_utc,migration_date
8/18/25,https://dashboard.birdcast.info/region/US-CO-013,US-CO-013,"Boulder County, Colorado",123000,64500,S,19,1000,"Sun, Aug 17, 2025, 8:00 PM MDT",8/17/25,"Mon, Aug 18, 2025, 6:10 AM MDT",8/18/25,"Sunday night, Aug 17"
8/18/25,https://dashboard.birdcast.info/region/US-FL-031,US-FL-031,"Duval County, Florida",763600,197600,SSW,19,1500,"Sun, Aug 17, 2025, 8:10 PM EDT",8/18/25,"Mon, Aug 18, 2025, 6:50 AM EDT",8/18/25,"Sunday night, Aug 17"
8/19/25,https://dashboard.birdcast.info/region/US-CO-013,US-CO-013,"Boulder County, Colorado",4000,11100,SSW,18,2200,"Mon, Aug 18, 2025, 8:00 PM MDT",8/18/25,"Tue, Aug 19, 2025, 6:20 AM MDT",8/19/25,"Monday night, Aug 18"
8/19/25,https://dashboard.birdcast.info/region/US-FL-031,US-FL-031,"Duval County, Florida",303300,89800,WSW,16,1100,"Mon, Aug 18, 2025, 8:10 PM EDT",8/19/25,"Tue, Aug 19, 2025, 6:50 AM EDT",8/19/25,"Monday night, Aug 18"
8/22/25,https://dashboard.birdcast.info/region/US-FL-031,US-FL-031,"Duval County, Florida",162700,68600,SSE,11,1700,"Thu, Aug 21, 2025, 8:00 PM EDT",8/21/25,"Fri, Aug 22, 2025, 7:00 AM EDT",8/22/25,"Thursday night, Aug 21"
8/22/25,https://dashboard.birdcast.info/region/US-CO-013,US-CO-013,"Boulder County, Colorado",468100,135900,SSE,24,1300,"Thu, Aug 21, 2025, 7:50 PM MDT",8/22/25,"Fri, Aug 22, 2025, 6:20 AM MDT",8/22/25,"Thursday night, Aug 21"
8/23/25,https://dashboard.birdcast.info/region/US-FL-031,US-FL-031,"Duval County, Florida",109000,61600,SSW,4,1200,"Fri, Aug 22, 2025, 8:00 PM EDT",8/22/25,"Sat, Aug 23, 2025, 7:00 AM EDT",8/23/25,"Friday night, Aug 22"
8/23/25,https://dashboard.birdcast.info/region/US-CO-013,US-CO-013,"Boulder County, Colorado",108000,36300,S,16,1500,"Fri, Aug 22, 2025, 7:50 PM MDT",8/23/25,"Sat, Aug 23, 2025, 6:20 AM MDT",8/23/25,"Friday night, Aug 22"
8/24/25,https://dashboard.birdcast.info/region/US-FL-031,US-FL-031,"Duval County, Florida",280700,157500,S,17,1100,"Sat, Aug 23, 2025, 8:00 PM EDT",8/23/25,"Sun, Aug 24, 2025, 7:00 AM EDT",8/24/25,"Saturday night, Aug 23"
8/24/25,https://dashboard.birdcast.info/region/US-CO-013,US-CO-013,"Boulder County, Colorado",77900,29500,SSE,20,2900,"Sat, Aug 23, 2025, 7:50 PM MDT",8/24/25,"Sun, Aug 24, 2025, 6:20 AM MDT",8/24/25,"Saturday night, Aug 23"
8/25/25,https://dashboard.birdcast.info/region/US-FL-031,US-FL-031,"Duval County, Florida",754700,203000,SSE,13,2100,"Sun, Aug 24, 2025, 8:00 PM EDT",8/25/25,"Mon, Aug 25, 2025, 6:40 AM EDT",8/25/25,"Sunday night, Aug 24"
8/26/25,https://dashboard.birdcast.info/region/US-FL-031,US-FL-031,"Duval County, Florida",1317100,213400,S,24,1600,"Mon, Aug 25, 2025, 8:00 PM EDT",8/26/25,"Tue, Aug 26, 2025, 6:30 AM EDT",8/26/25,"Monday night, Aug 25"
8/27/25,https://dashboard.birdcast.info/region/US-FL-031,US-FL-031,"Duval County, Florida",214200,318600,S,21,1800,"Tue, Aug 26, 2025, 8:20 PM EDT",8/27/25,"Tue, Aug 26, 2025, 11:40 PM EDT",8/27/25,"Tuesday night, Aug 26"
8/30/25,https://dashboard.birdcast.info/region/US-FL-031,US-FL-031,"Duval County, Florida",58300,34900,WSW,14,900,"Fri, Aug 29, 2025, 7:50 PM EDT",8/29/25,"Sat, Aug 30, 2025, 7:00 AM EDT",8/30/25,"Friday night, Aug 29"
8/31/25,https://dashboard.birdcast.info/region/US-CO-013,US-CO-013,"Boulder County, Colorado",994900,153700,S,30,2300,"Sat, Aug 30, 2025, 7:40 PM MDT",8/30/25,"Sun, Aug 31, 2025, 6:30 AM MDT",8/31/25,"Saturday night, Aug 30"
8/31/25,https://dashboard.birdcast.info/region/US-FL-031,US-FL-031,"Duval County, Florida",746900,139500,SSW,22,1100,"Sat, Aug 30, 2025, 7:50 PM EDT",8/30/25,"Sun, Aug 31, 2025, 7:00 AM EDT",8/31/25,"Saturday night, Aug 30"
9/1/25,https://dashboard.birdcast.info/region/US-CO-013,US-CO-013,"Boulder County, Colorado",259700,61400,S,20,3200,"Sun, Aug 31, 2025, 7:40 PM MDT",8/31/25,"Mon, Sep 1, 2025, 6:30 AM MDT",9/1/25,"Sunday night, Aug 31"
9/1/25,https://dashboard.birdcast.info/region/US-FL-031,US-FL-031,"Duval County, Florida",2545000,406100,SSW,31,800,"Sun, Aug 31, 2025, 7:50 PM EDT",8/31/25,"Mon, Sep 1, 2025, 7:00 AM EDT",9/1/25,"Sunday night, Aug 31"
9/2/25,https://dashboard.birdcast.info/region/US-CO-013,US-CO-013,"Boulder County, Colorado",103300,26300,S,19,3500,"Mon, Sep 1, 2025, 7:30 PM MDT",9/1/25,"Tue, Sep 2, 2025, 6:30 AM MDT",9/2/25,"Monday night, Sep 1"
9/2/25,https://dashboard.birdcast.info/region/US-FL-031,US-FL-031,"Duval County, Florida",1810800,207200,S,34,1300,"Mon, Sep 1, 2025, 7:50 PM EDT",9/1/25,"Tue, Sep 2, 2025, 7:00 AM EDT",9/2/25,"Monday night, Sep 1"
9/3/25,https://dashboard.birdcast.info/region/US-CO-013,US-CO-013,"Boulder County, Colorado",254900,48400,SSE,17,3300,"Tue, Sep 2, 2025, 7:30 PM MDT",9/2/25,"Wed, Sep 3, 2025, 6:30 AM MDT",9/3/25,"Tuesday night, Sep 2"
9/3/25,https://dashboard.birdcast.info/region/US-FL-031,US-FL-031,"Duval County, Florida",789600,115400,SSW,26,1400,"Tue, Sep 2, 2025, 7:50 PM EDT",9/2/25,"Wed, Sep 3, 2025, 7:00 AM EDT",9/3/25,"Tuesday night, Sep 2"
9/4/25,https://dashboard.birdcast.info/region/US-CO-013,US-CO-013,"Boulder County, Colorado",459100,56000,SSE,35,4300,"Wed, Sep 3, 2025, 7:30 PM MDT",9/3/25,"Thu, Sep 4, 2025, 6:30 AM MDT",9/4/25,"Wednesday night, Sep 3"
9/4/25,https://dashboard.birdcast.info/region/US-FL-031,US-FL-031,"Duval County, Florida",259300,75700,SSW,17,1800,"Wed, Sep 3, 2025, 7:50 PM EDT",9/3/25,"Thu, Sep 4, 2025, 7:00 AM EDT",9/4/25,"Wednesday night, Sep 3"
9/5/25,https://dashboard.birdcast.info/region/US-CO-013,US-CO-013,"Boulder County, Colorado",362700,97900,SW,33,1400,"Thu, Sep 4, 2025, 7:30 PM MDT",9/4/25,"Fri, Sep 5, 2025, 6:30 AM MDT",9/5/25,"Thursday night, Sep 4"
9/5/25,https://dashboard.birdcast.info/region/US-FL-031,US-FL-031,"Duval County, Florida",58900,24600,SW,4,700,"Thu, Sep 4, 2025, 7:50 PM EDT",9/4/25,"Fri, Sep 5, 2025, 7:00 AM EDT",9/5/25,"Thursday night, Sep 4"
9/6/25,https://dashboard.birdcast.info/region/US-CO-013,US-CO-013,"Boulder County, Colorado",116600,30200,SE,21,3900,"Fri, Sep 5, 2025, 7:30 PM MDT",9/5/25,"Sat, Sep 6, 2025, 6:30 AM MDT",9/6/25,"Friday night, Sep 5"
9/6/25,https://dashboard.birdcast.info/region/US-FL-031,US-FL-031,"Duval County, Florida",116300,51600,SW,16,1300,"Fri, Sep 5, 2025, 7:50 PM EDT",9/5/25,"Sat, Sep 6, 2025, 7:00 AM EDT",9/6/25,"Friday night, Sep 5"
9/8/25,https://dashboard.birdcast.info/region/US-CO-013,US-CO-013,"Boulder County, Colorado",361600,59800,SE,23,3200,"Sun, Sep 7, 2025, 7:20 PM MDT",9/7/25,"Mon, Sep 8, 2025, 6:30 AM MDT",9/8/25,"Sunday night, Sep 7"
9/8/25,https://dashboard.birdcast.info/region/US-FL-031,US-FL-031,"Duval County, Florida",1090700,349800,S,25,700,"Sun, Sep 7, 2025, 7:40 PM EDT",9/7/25,"Mon, Sep 8, 2025, 7:10 AM EDT",9/8/25,"Sunday night, Sep 7"
9/9/25,https://dashboard.birdcast.info/region/US-CO-013,US-CO-013,"Boulder County, Colorado",356200,105200,SSE,24,4700,"Mon, Sep 8, 2025, 7:20 PM MDT",9/8/25,"Tue, Sep 9, 2025, 6:40 AM MDT",9/9/25,"Monday night, Sep 8"
9/9/25,https://dashboard.birdcast.info/region/US-FL-031,US-FL-031,"Duval County, Florida",1211000,801900,SSW,29,900,"Mon, Sep 8, 2025, 7:40 PM EDT",9/8/25,"Tue, Sep 9, 2025, 7:10 AM EDT",9/9/25,"Monday night, Sep 8"
9/10/25,https://dashboard.birdcast.info/region/US-CO-013,US-CO-013,"Boulder County, Colorado",67600,24000,SSE,16,3500,"Tue, Sep 9, 2025, 7:20 PM MDT",9/9/25,"Wed, Sep 10, 2025, 6:40 AM MDT",9/10/25,"Tuesday night, Sep 9"
9/10/25,https://dashboard.birdcast.info/region/US-FL-031,US-FL-031,"Duval County, Florida",3839200,753500,SSW,28,1000,"Tue, Sep 9, 2025, 7:40 PM EDT",9/9/25,"Wed, Sep 10, 2025, 7:10 AM EDT",9/10/25,"Tuesday night, Sep 9"
9/11/25,https://dashboard.birdcast.info/region/US-CO-013,US-CO-013,"Boulder County, Colorado",3300,4100,E,21,1500,"Wed, Sep 10, 2025, 7:20 PM MDT",9/10/25,"Thu, Sep 11, 2025, 6:40 AM MDT",9/11/25,"Wednesday night, Sep 10"
9/11/25,https://dashboard.birdcast.info/region/US-FL-031,US-FL-031,"Duval County, Florida",1276400,299000,S,21,1800,"Wed, Sep 10, 2025, 7:40 PM EDT",9/10/25,"Thu, Sep 11, 2025, 7:10 AM EDT",9/11/25,"Wednesday night, Sep 10"
9/14/25,https://dashboard.birdcast.info/region/US-CO-013,US-CO-013,"Boulder County, Colorado",136000,87600,S,28,1500,"Sat, Sep 13, 2025, 7:10 PM MDT",9/13/25,"Sun, Sep 14, 2025, 6:40 AM MDT",9/14/25,"Saturday night, Sep 13"
9/14/25,https://dashboard.birdcast.info/region/US-FL-031,US-FL-031,"Duval County, Florida",2792200,341400,SSW,29,1100,"Sat, Sep 13, 2025, 7:40 PM EDT",9/13/25,"Sun, Sep 14, 2025, 7:10 AM EDT",9/14/25,"Saturday night, Sep 13"
9/15/25,https://dashboard.birdcast.info/region/US-CO-013,US-CO-013,"Boulder County, Colorado",660400,149500,SSE,27,4700,"Sun, Sep 14, 2025, 7:10 PM MDT",9/14/25,"Mon, Sep 15, 2025, 6:40 AM MDT",9/15/25,"Sunday night, Sep 14"
9/15/25,https://dashboard.birdcast.info/region/US-FL-031,US-FL-031,"Duval County, Florida",1355600,203600,SSW,26,1000,"Sun, Sep 14, 2025, 7:40 PM EDT",9/14/25,"Mon, Sep 15, 2025, 7:10 AM EDT",9/15/25,"Sunday night, Sep 14"
9/16/25,https://dashboard.birdcast.info/region/US-CO-013,US-CO-013,"Boulder County, Colorado",148000,67500,S,20,1600,"Mon, Sep 15, 2025, 7:10 PM MDT",9/15/25,"Tue, Sep 16, 2025, 6:40 AM MDT",9/16/25,"Monday night, Sep 15"
9/16/25,https://dashboard.birdcast.info/region/US-FL-031,US-FL-031,"Duval County, Florida",1070200,168700,SSW,25,800,"Mon, Sep 15, 2025, 7:30 PM EDT",9/15/25,"Tue, Sep 16, 2025, 7:10 AM EDT",9/16/25,"Monday night, Sep 15"
9/17/25,https://dashboard.birdcast.info/region/US-CO-013,US-CO-013,"Boulder County, Colorado",367500,151700,S,27,1400,"Tue, Sep 16, 2025, 7:10 PM MDT",9/16/25,"Wed, Sep 17, 2025, 6:40 AM MDT",9/17/25,"Tuesday night, Sep 16"
9/17/25,https://dashboard.birdcast.info/region/US-FL-031,US-FL-031,"Duval County, Florida",1349700,273100,SSW,22,2500,"Tue, Sep 16, 2025, 7:30 PM EDT",9/16/25,"Wed, Sep 17, 2025, 7:10 AM EDT",9/17/25,"Tuesday night, Sep 16"
9/18/25,https://dashboard.birdcast.info/region/US-CO-013,US-CO-013,"Boulder County, Colorado",233600,39400,SSE,30,3000,"Wed, Sep 17, 2025, 7:10 PM MDT",9/17/25,"Thu, Sep 18, 2025, 6:40 AM MDT",9/18/25,"Wednesday night, Sep 17"
9/18/25,https://dashboard.birdcast.info/region/US-FL-031,US-FL-031,"Duval County, Florida",703300,123300,S,24,3900,"Wed, Sep 17, 2025, 7:30 PM EDT",9/17/25,"Thu, Sep 18, 2025, 7:10 AM EDT",9/18/25,"Wednesday night, Sep 17"
9/19/25,https://dashboard.birdcast.info/region/US-CO-013,US-CO-013,"Boulder County, Colorado",198600,34100,SSE,26,5900,"Thu, Sep 18, 2025, 7:10 PM MDT",9/18/25,"Fri, Sep 19, 2025, 6:40 AM MDT",9/19/25,"Thursday night, Sep 18"
9/19/25,https://dashboard.birdcast.info/region/US-FL-031,US-FL-031,"Duval County, Florida",1411300,245400,S,27,4800,"Thu, Sep 18, 2025, 7:30 PM EDT",9/18/25,"Fri, Sep 19, 2025, 7:10 AM EDT",9/19/25,"Thursday night, Sep 18"
9/20/25,https://dashboard.birdcast.info/region/US-CO-013,US-CO-013,"Boulder County, Colorado",70500,30300,WSW,12,1500,"Fri, Sep 19, 2025, 7:00 PM MDT",9/19/25,"Sat, Sep 20, 2025, 6:50 AM MDT",9/20/25,"Friday night, Sep 19"
9/20/25,https://dashboard.birdcast.info/region/US-FL-031,US-FL-031,"Duval County, Florida",1232800,230600,S,20,2900,"Fri, Sep 19, 2025, 7:30 PM EDT",9/19/25,"Sat, Sep 20, 2025, 7:10 AM EDT",9/20/25,"Friday night, Sep 19"
9/21/25,https://dashboard.birdcast.info/region/US-CO-013,US-CO-013,"Boulder County, Colorado",449000,107900,SSE,19,1800,"Sat, Sep 20, 2025, 7:00 PM MDT",9/20/25,"Sun, Sep 21, 2025, 6:50 AM MDT",9/21/25,"Saturday night, Sep 20"
9/21/25,https://dashboard.birdcast.info/region/US-FL-031,US-FL-031,"Duval County, Florida",2571600,379400,S,27,1200,"Sat, Sep 20, 2025, 7:30 PM EDT",9/20/25,"Sun, Sep 21, 2025, 7:10 AM EDT",9/21/25,"Saturday night, Sep 20"
9/22/25,https://dashboard.birdcast.info/region/US-CO-013,US-CO-013,"Boulder County, Colorado",192800,51100,ESE,16,2500,"Sun, Sep 21, 2025, 7:00 PM MDT",9/21/25,"Mon, Sep 22, 2025, 6:50 AM MDT",9/22/25,"Sunday night, Sep 21"
9/22/25,https://dashboard.birdcast.info/region/US-FL-031,US-FL-031,"Duval County, Florida",4457500,701500,SSW,22,600,"Sun, Sep 21, 2025, 7:30 PM EDT",9/21/25,"Mon, Sep 22, 2025, 7:10 AM EDT",9/22/25,"Sunday night, Sep 21"
9/23/25,https://dashboard.birdcast.info/region/US-CO-013,US-CO-013,"Boulder County, Colorado",144400,211700,S,44,1700,"Mon, Sep 22, 2025, 7:00 PM MDT",9/22/25,"Tue, Sep 23, 2025, 6:50 AM MDT",9/23/25,"Monday night, Sep 22"
9/23/25,https://dashboard.birdcast.info/region/US-FL-031,US-FL-031,"Duval County, Florida",2967300,535100,S,21,1100,"Mon, Sep 22, 2025, 7:30 PM EDT",9/22/25,"Tue, Sep 23, 2025, 7:10 AM EDT",9/23/25,"Monday night, Sep 22"
9/24/25,https://dashboard.birdcast.info/region/US-CO-013,US-CO-013,"Boulder County, Colorado",366500,95300,S,27,1400,"Tue, Sep 23, 2025, 7:00 PM MDT",9/23/25,"Wed, Sep 24, 2025, 6:50 AM MDT",9/24/25,"Tuesday night, Sep 23"
9/24/25,https://dashboard.birdcast.info/region/US-FL-031,US-FL-031,"Duval County, Florida",845600,214300,S,14,2900,"Tue, Sep 23, 2025, 7:20 PM EDT",9/23/25,"Wed, Sep 24, 2025, 7:10 AM EDT",9/24/25,"Tuesday night, Sep 23"
9/25/25,https://dashboard.birdcast.info/region/US-CO-013,US-CO-013,"Boulder County, Colorado",364500,59300,SSE,29,4400,"Wed, Sep 24, 2025, 7:00 PM MDT",9/24/25,"Thu, Sep 25, 2025, 6:50 AM MDT",9/25/25,"Wednesday night, Sep 24"
9/25/25,https://dashboard.birdcast.info/region/US-FL-031,US-FL-031,"Duval County, Florida",202700,81800,ESE,8,1300,"Wed, Sep 24, 2025, 7:20 PM EDT",9/24/25,"Thu, Sep 25, 2025, 7:10 AM EDT",9/25/25,"Wednesday night, Sep 24"
9/26/25,https://dashboard.birdcast.info/region/US-CO-013,US-CO-013,"Boulder County, Colorado",138100,37700,SSE,16,4400,"Thu, Sep 25, 2025, 6:50 PM MDT",9/25/25,"Fri, Sep 26, 2025, 6:50 AM MDT",9/26/25,"Thursday night, Sep 25"
9/26/25,https://dashboard.birdcast.info/region/US-FL-031,US-FL-031,"Duval County, Florida",392700,132600,SE,11,1600,"Thu, Sep 25, 2025, 7:20 PM EDT",9/25/25,"Fri, Sep 26, 2025, 7:20 AM EDT",9/26/25,"Thursday night, Sep 25"
9/27/25,https://dashboard.birdcast.info/region/US-CO-013,US-CO-013,"Boulder County, Colorado",531800,154300,S,20,2300,"Fri, Sep 26, 2025, 6:50 PM MDT",9/26/25,"Sat, Sep 27, 2025, 6:50 AM MDT",9/27/25,"Friday night, Sep 26"
9/27/25,https://dashboard.birdcast.info/region/US-FL-031,US-FL-031,"Duval County, Florida",825700,270100,S,14,1500,"Fri, Sep 26, 2025, 7:20 PM EDT",9/26/25,"Sat, Sep 27, 2025, 7:20 AM EDT",9/27/25,"Friday night, Sep 26"
9/28/25,https://dashboard.birdcast.info/region/US-CO-013,US-CO-013,"Boulder County, Colorado",400,400,s,,,"Sat, Sep 27, 2025, 6:50 PM MDT",9/27/25,"Sun, Sep 28, 2025, 6:50 AM MDT",9/28/25,"Saturday night, Sep 27"
9/28/25,https://dashboard.birdcast.info/region/US-FL-031,US-FL-031,"Duval County, Florida",4600200,1032300,S,25,1600,"Sat, Sep 27, 2025, 7:20 PM EDT",9/27/25,"Sun, Sep 28, 2025, 7:20 AM EDT",9/28/25,"Saturday night, Sep 27"
9/29/25,https://dashboard.birdcast.info/region/US-CO-013,US-CO-013,"Boulder County, Colorado",153000,49100,SSE,15,1000,"Sun, Sep 28, 2025, 6:50 PM MDT",9/28/25,"Mon, Sep 29, 2025, 6:50 AM MDT",9/29/25,"Sunday night, Sep 28"
9/29/25,https://dashboard.birdcast.info/region/US-FL-031,US-FL-031,"Duval County, Florida",5169900,1557300,SSW,28,1200,"Sun, Sep 28, 2025, 7:20 PM EDT",9/28/25,"Mon, Sep 29, 2025, 7:20 AM EDT",9/29/25,"Sunday night, Sep 28"
9/30/25,https://dashboard.birdcast.info/region/US-CO-013,US-CO-013,"Boulder County, Colorado",29400,17000,SSE,11,5100,"Mon, Sep 29, 2025, 6:50 PM MDT",9/29/25,"Tue, Sep 30, 2025, 7:00 AM MDT",9/30/25,"Monday night, Sep 29"
9/30/25,https://dashboard.birdcast.info/region/US-FL-031,US-FL-031,"Duval County, Florida",5925800,999800,S,39,1600,"Mon, Sep 29, 2025, 7:20 PM EDT",9/29/25,"Tue, Sep 30, 2025, 7:20 AM EDT",9/30/25,"Monday night, Sep 29"
10/1/25,https://dashboard.birdcast.info/region/US-CO-013,US-CO-013,"Boulder County, Colorado",60900,17500,ESE,18,1900,"Tue, Sep 30, 2025, 6:50 PM MDT",9/30/25,"Wed, Oct 1, 2025, 7:00 AM MDT",10/1/25,"Tuesday night, Sep 30"
10/1/25,https://dashboard.birdcast.info/region/US-FL-031,US-FL-031,"Duval County, Florida",8980900,1149300,S,34,1200,"Tue, Sep 30, 2025, 7:20 PM EDT",9/30/25,"Wed, Oct 1, 2025, 7:20 AM EDT",10/1/25,"Tuesday night, Sep 30"
10/2/25,https://dashboard.birdcast.info/region/US-CO-013,US-CO-013,"Boulder County, Colorado",77700,37800,S,15,3900,"Wed, Oct 1, 2025, 6:50 PM MDT",10/1/25,"Thu, Oct 2, 2025, 7:00 AM MDT",10/2/25,"Wednesday night, Oct 1"
10/2/25,https://dashboard.birdcast.info/region/US-FL-031,US-FL-031,"Duval County, Florida",7554800,938800,SSW,29,800,"Wed, Oct 1, 2025, 7:10 PM EDT",10/1/25,"Thu, Oct 2, 2025, 7:20 AM EDT",10/2/25,"Wednesday night, Oct 1"
10/6/25,https://dashboard.birdcast.info/region/US-CO-013,US-CO-013,"Boulder County, Colorado",16600,20400,SSW,24,900,"Sun, Oct 5, 2025, 6:40 PM MDT",10/5/25,"Mon, Oct 6, 2025, 7:00 AM MDT",10/6/25,"Sunday night, Oct 5"
10/6/25,https://dashboard.birdcast.info/region/US-FL-031,US-FL-031,"Duval County, Florida",413000,120400,SSW,16,600,"Sun, Oct 5, 2025, 7:10 PM EDT",10/5/25,"Mon, Oct 6, 2025, 7:20 AM EDT",10/6/25,"Sunday night, Oct 5"
10/7/25,https://dashboard.birdcast.info/region/US-CO-013,US-CO-013,"Boulder County, Colorado",126000,31500,SE,23,4100,"Mon, Oct 6, 2025, 6:40 PM MDT",10/6/25,"Tue, Oct 7, 2025, 7:00 AM MDT",10/7/25,"Monday night, Oct 6"
10/7/25,https://dashboard.birdcast.info/region/US-FL-031,US-FL-031,"Duval County, Florida",757200,222200,SSW,17,600,"Mon, Oct 6, 2025, 7:10 PM EDT",10/6/25,"Tue, Oct 7, 2025, 7:20 AM EDT",10/7/25,"Monday night, Oct 6"
10/8/25,https://dashboard.birdcast.info/region/US-CO-013,US-CO-013,"Boulder County, Colorado",65500,23400,SSE,14,2100,"Tue, Oct 7, 2025, 6:40 PM MDT",10/7/25,"Wed, Oct 8, 2025, 7:00 AM MDT",10/8/25,"Tuesday night, Oct 7"
10/8/25,https://dashboard.birdcast.info/region/US-FL-031,US-FL-031,"Duval County, Florida",799100,193100,S,20,900,"Tue, Oct 7, 2025, 7:10 PM EDT",10/7/25,"Wed, Oct 8, 2025, 7:20 AM EDT",10/8/25,"Tuesday night, Oct 7"
10/9/25,https://dashboard.birdcast.info/region/US-CO-013,US-CO-013,"Boulder County, Colorado",56400,11600,ESE,18,2200,"Wed, Oct 8, 2025, 6:30 PM MDT",10/8/25,"Thu, Oct 9, 2025, 7:00 AM MDT",10/9/25,"Wednesday night, Oct 8"
10/9/25,https://dashboard.birdcast.info/region/US-FL-031,US-FL-031,"Duval County, Florida",4789200,885700,SSW,33,1100,"Wed, Oct 8, 2025, 7:10 PM EDT",10/8/25,"Thu, Oct 9, 2025, 7:20 AM EDT",10/9/25,"Wednesday night, Oct 8"
10/10/25,https://dashboard.birdcast.info/region/US-CO-013,US-CO-013,"Boulder County, Colorado",31400,23200,SSW,13,4200,"Thu, Oct 9, 2025, 6:30 PM MDT",10/9/25,"Fri, Oct 10, 2025, 7:10 AM MDT",10/10/25,"Thursday night, Oct 9"
10/10/25,https://dashboard.birdcast.info/region/US-FL-031,US-FL-031,"Duval County, Florida",14200400,2067900,SSW,40,1300,"Thu, Oct 9, 2025, 7:00 PM EDT",10/9/25,"Fri, Oct 10, 2025, 7:20 AM EDT",10/10/25,"Thursday night, Oct 9"
10/13/25,https://dashboard.birdcast.info/region/US-CO-013,US-CO-013,"Boulder County, Colorado",266600,55400,SSW,28,1600,"Sun, Oct 12, 2025, 6:30 PM MDT",10/12/25,"Mon, Oct 13, 2025, 7:10 AM MDT",10/13/25,"Sunday night, Oct 12"
10/13/25,https://dashboard.birdcast.info/region/US-FL-031,US-FL-031,"Duval County, Florida",3648700,676700,SSE,23,2100,"Sun, Oct 12, 2025, 7:00 PM EDT",10/12/25,"Mon, Oct 13, 2025, 7:30 AM EDT",10/13/25,"Sunday night, Oct 12"
10/14/25,https://dashboard.birdcast.info/region/US-CO-013,US-CO-013,"Boulder County, Colorado",500,1200,s,,,"Mon, Oct 13, 2025, 6:30 PM MDT",10/13/25,"Tue, Oct 14, 2025, 7:10 AM MDT",10/14/25,"Monday night, Oct 13"
10/14/25,https://dashboard.birdcast.info/region/US-FL-031,US-FL-031,"Duval County, Florida",5143800,1115000,S,19,2100,"Mon, Oct 13, 2025, 7:00 PM EDT",10/13/25,"Tue, Oct 14, 2025, 7:30 AM EDT",10/14/25,"Monday night, Oct 13"
10/15/25,https://dashboard.birdcast.info/region/US-CO-013,US-CO-013,"Boulder County, Colorado",29400,11100,S,6,1500,"Tue, Oct 14, 2025, 6:20 PM MDT",10/14/25,"Wed, Oct 15, 2025, 7:10 AM MDT",10/15/25,"Tuesday night, Oct 14"
10/15/25,https://dashboard.birdcast.info/region/US-FL-031,US-FL-031,"Duval County, Florida",6035000,991100,SSW,26,2000,"Tue, Oct 14, 2025, 7:00 PM EDT",10/14/25,"Wed, Oct 15, 2025, 7:30 AM EDT",10/15/25,"Tuesday night, Oct 14"
10/17/25,https://dashboard.birdcast.info/region/US-CO-013,US-CO-013,"Boulder County, Colorado",210800,47700,SSE,24,2100,"Thu, Oct 16, 2025, 6:20 PM MDT",10/16/25,"Fri, Oct 17, 2025, 7:10 AM MDT",10/17/25,"Thursday night, Oct 16"
10/17/25,https://dashboard.birdcast.info/region/US-FL-031,US-FL-031,"Duval County, Florida",2677100,360100,SSW,24,1800,"Thu, Oct 16, 2025, 7:00 PM EDT",10/16/25,"Fri, Oct 17, 2025, 7:30 AM EDT",10/17/25,"Thursday night, Oct 16"
10/19/25,https://dashboard.birdcast.info/region/US-CO-013,US-CO-013,"Boulder County, Colorado",128900,23800,S,26,2900,"Sat, Oct 18, 2025, 6:20 PM MDT",10/18/25,"Sun, Oct 19, 2025, 7:10 AM MDT",10/19/25,"Saturday night, Oct 18"
10/19/25,https://dashboard.birdcast.info/region/US-FL-031,US-FL-031,"Duval County, Florida",5700,10100,W,15,800,"Sat, Oct 18, 2025, 6:50 PM EDT",10/18/25,"Sun, Oct 19, 2025, 7:30 AM EDT",10/19/25,"Saturday night, Oct 18"
10/20/25,https://dashboard.birdcast.info/region/US-CO-013,US-CO-013,"Boulder County, Colorado",1300,1200,s,,,"Sun, Oct 19, 2025, 6:20 PM MDT",10/19/25,"Mon, Oct 20, 2025, 12:30 AM MDT",10/20/25,"Sunday night, Oct 19"
10/20/25,https://dashboard.birdcast.info/region/US-FL-031,US-FL-031,"Duval County, Florida",624900,831500,SSE,29,2100,"Sun, Oct 19, 2025, 6:50 PM EDT",10/19/25,"Mon, Oct 20, 2025, 2:30 AM EDT",10/20/25,"Sunday night, Oct 19"
10/21/25,https://dashboard.birdcast.info/region/US-CO-013,US-CO-013,"Boulder County, Colorado",113700,21600,SSE,35,1800,"Mon, Oct 20, 2025, 6:20 PM MDT",10/20/25,"Tue, Oct 21, 2025, 7:20 AM MDT",10/21/25,"Monday night, Oct 20"
10/21/25,https://dashboard.birdcast.info/region/US-FL-031,US-FL-031,"Duval County, Florida",3768000,815700,S,18,2100,"Mon, Oct 20, 2025, 7:30 PM EDT",10/20/25,"Tue, Oct 21, 2025, 7:30 AM EDT",10/21/25,"Monday night, Oct 20"
10/22/25,https://dashboard.birdcast.info/region/US-CO-013,US-CO-013,"Boulder County, Colorado",24600,5600,SSE,18,2400,"Tue, Oct 21, 2025, 6:10 PM MDT",10/21/25,"Wed, Oct 22, 2025, 7:20 AM MDT",10/22/25,"Tuesday night, Oct 21"
10/22/25,https://dashboard.birdcast.info/region/US-FL-031,US-FL-031,"Duval County, Florida",344900,139100,ESE,13,2400,"Tue, Oct 21, 2025, 6:50 PM EDT",10/21/25,"Wed, Oct 22, 2025, 7:30 AM EDT",10/22/25,"Tuesday night, Oct 21"
10/23/25,https://dashboard.birdcast.info/region/US-CO-013,US-CO-013,"Boulder County, Colorado",2400,1200,s,,,"Wed, Oct 22, 2025, 6:10 PM MDT",10/22/25,"Thu, Oct 23, 2025, 7:20 AM MDT",10/23/25,"Wednesday night, Oct 22"
10/23/25,https://dashboard.birdcast.info/region/US-FL-031,US-FL-031,"Duval County, Florida",6376300,686200,SSE,25,1800,"Wed, Oct 22, 2025, 6:50 PM EDT",10/22/25,"Thu, Oct 23, 2025, 7:30 AM EDT",10/23/25,"Wednesday night, Oct 22"
10/24/25,https://dashboard.birdcast.info/region/US-CO-013,US-CO-013,"Boulder County, Colorado",19600,4200,S,21,1500,"Thu, Oct 23, 2025, 6:10 PM MDT",10/23/25,"Fri, Oct 24, 2025, 7:20 AM MDT",10/24/25,"Thursday night, Oct 23"
10/24/25,https://dashboard.birdcast.info/region/US-FL-031,US-FL-031,"Duval County, Florida",976200,240700,SSW,25,2000,"Thu, Oct 23, 2025, 6:50 PM EDT",10/23/25,"Fri, Oct 24, 2025, 7:30 AM EDT",10/24/25,"Thursday night, Oct 23"
10/25/25,https://dashboard.birdcast.info/region/US-AL-081,US-AL-081,"Lee County, Alabama",707900,,,,,"Fri, Oct 24, 2025, 6:00 PM CDT",10/24/25,"Sat, Oct 25, 2025, 6:50 AM CDT",10/25/25,"Friday night, Oct 24"
10/25/25,https://dashboard.birdcast.info/region/US-CO-013,US-CO-013,"Boulder County, Colorado",19400,,,,,"Fri, Oct 24, 2025, 6:10 PM MDT",10/24/25,"Sat, Oct 25, 2025, 7:20 AM MDT",10/25/25,"Friday night, Oct 24"
10/25/25,https://dashboard.birdcast.info/region/US-CA-013,US-CA-013,"Contra Costa County, California",2800,,,,,"Fri, Oct 24, 2025, 6:20 PM PDT",10/24/25,"Sat, Oct 25, 2025, 7:20 AM PDT",10/25/25,"Friday night, Oct 24"
10/25/25,https://dashboard.birdcast.info/region/US-NJ-013,US-NJ-013,"Essex County, New Jersey",1332800,,,,,"Fri, Oct 24, 2025, 6:00 PM EDT",10/24/25,"Sat, Oct 25, 2025, 7:20 AM EDT",10/25/25,"Friday night, Oct 24"
10/25/25,https://dashboard.birdcast.info/region/US-FL-031,US-FL-031,"Duval County, Florida",2357100,,,,,"Fri, Oct 24, 2025, 6:50 PM EDT",10/24/25,"Sat, Oct 25, 2025, 7:30 AM EDT",10/25/25,"Friday night, Oct 24"
10/26/25,https://dashboard.birdcast.info/region/US-AL-081,US-AL-081,"Lee County, Alabama",70600,,,,,"Sat, Oct 25, 2025, 6:00 PM CDT",10/25/25,"Sun, Oct 26, 2025, 6:50 AM CDT",10/26/25,"Saturday night, Oct 25"
10/26/25,https://dashboard.birdcast.info/region/US-CO-013,US-CO-013,"Boulder County, Colorado",1000,,,,,"Sat, Oct 25, 2025, 6:10 PM MDT",10/25/25,"Sun, Oct 26, 2025, 7:20 AM MDT",10/26/25,"Saturday night, Oct 25"
10/26/25,https://dashboard.birdcast.info/region/US-CA-013,US-CA-013,"Contra Costa County, California",1800,,,,,"Sat, Oct 25, 2025, 6:20 PM PDT",10/25/25,"Sun, Oct 26, 2025, 7:30 AM PDT",10/26/25,"Saturday night, Oct 25"
10/26/25,https://dashboard.birdcast.info/region/US-NJ-013,US-NJ-013,"Essex County, New Jersey",699300,,,,,"Sat, Oct 25, 2025, 6:00 PM EDT",10/25/25,"Sun, Oct 26, 2025, 7:20 AM EDT",10/26/25,"Saturday night, Oct 25"
10/26/25,https://dashboard.birdcast.info/region/US-FL-031,US-FL-031,"Duval County, Florida",1539000,,,,,"Sat, Oct 25, 2025, 6:50 PM EDT",10/25/25,"Sun, Oct 26, 2025, 7:30 AM EDT",10/26/25,"Saturday night, Oct 25"
10/27/25,https://dashboard.birdcast.info/region/US-NJ-013,US-NJ-013,"Essex County, New Jersey",118800,,,,,"Tue, Sep 16, 2025, 06:00 PM EDT",9/16/25,"Wed, Sep 17, 2025, 07:20 AM EDT",9/17/25,"Tuesday night, Sep 16"
10/27/25,https://dashboard.birdcast.info/region/US-NJ-013,US-NJ-013,"Essex County, New Jersey",27400,,,,,"Wed, Sep 17, 2025, 06:00 PM EDT",9/17/25,"Thu, Sep 18, 2025, 07:20 AM EDT",9/18/25,"Wednesday night, Sep 17"
10/27/25,https://dashboard.birdcast.info/region/US-NJ-013,US-NJ-013,"Essex County, New Jersey",355200,,,,,"Thu, Sep 18, 2025, 06:00 PM EDT",9/18/25,"Fri, Sep 19, 2025, 07:20 AM EDT",9/19/25,"Thursday night, Sep 18"
10/27/25,https://dashboard.birdcast.info/region/US-NJ-013,US-NJ-013,"Essex County, New Jersey",1236100,,,,,"Fri, Sep 19, 2025, 06:00 PM EDT",9/19/25,"Sat, Sep 20, 2025, 07:20 AM EDT",9/20/25,"Friday night, Sep 19"
10/27/25,https://dashboard.birdcast.info/region/US-NJ-013,US-NJ-013,"Essex County, New Jersey",119800,,,,,"Sat, Sep 20, 2025, 06:00 PM EDT",9/20/25,"Sun, Sep 21, 2025, 07:20 AM EDT",9/21/25,"Saturday night, Sep 20"
10/27/25,https://dashboard.birdcast.info/region/US-NJ-013,US-NJ-013,"Essex County, New Jersey",9900,,,,,"Sun, Sep 21, 2025, 06:00 PM EDT",9/21/25,"Mon, Sep 22, 2025, 07:20 AM EDT",9/22/25,"Sunday night, Sep 21"
10/27/25,https://dashboard.birdcast.info/region/US-NJ-013,US-NJ-013,"Essex County, New Jersey",100,,,,,"Mon, Sep 22, 2025, 06:00 PM EDT",9/22/25,"Tue, Sep 23, 2025, 07:20 AM EDT",9/23/25,"Monday night, Sep 22"
10/27/25,https://dashboard.birdcast.info/region/US-NJ-013,US-NJ-013,"Essex County, New Jersey",3000,,,,,"Tue, Sep 23, 2025, 06:00 PM EDT",9/23/25,"Wed, Sep 24, 2025, 07:20 AM EDT",9/24/25,"Tuesday night, Sep 23"
10/27/25,https://dashboard.birdcast.info/region/US-NJ-013,US-NJ-013,"Essex County, New Jersey",0,,,,,"Wed, Sep 24, 2025, 06:00 PM EDT",9/24/25,"Thu, Sep 25, 2025, 07:20 AM EDT",9/25/25,"Wednesday night, Sep 24"
10/27/25,https://dashboard.birdcast.info/region/US-NJ-013,US-NJ-013,"Essex County, New Jersey",36800,,,,,"Thu, Sep 25, 2025, 06:00 PM EDT",9/25/25,"Fri, Sep 26, 2025, 07:20 AM EDT",9/26/25,"Thursday night, Sep 25"
10/27/25,https://dashboard.birdcast.info/region/US-NJ-013,US-NJ-013,"Essex County, New Jersey",1294900,,,,,"Fri, Sep 26, 2025, 06:00 PM EDT",9/26/25,"Sat, Sep 27, 2025, 07:20 AM EDT",9/27/25,"Friday night, Sep 26"
10/27/25,https://dashboard.birdcast.info/region/US-NJ-013,US-NJ-013,"Essex County, New Jersey",13800,,,,,"Sat, Sep 27, 2025, 06:00 PM EDT",9/27/25,"Sun, Sep 28, 2025, 07:20 AM EDT",9/28/25,"Saturday night, Sep 27"
10/27/25,https://dashboard.birdcast.info/region/US-NJ-013,US-NJ-013,"Essex County, New Jersey",714300,,,,,"Sun, Sep 28, 2025, 06:00 PM EDT",9/28/25,"Mon, Sep 29, 2025, 07:20 AM EDT",9/29/25,"Sunday night, Sep 28"
10/27/25,https://dashboard.birdcast.info/region/US-NJ-013,US-NJ-013,"Essex County, New Jersey",325300,,,,,"Mon, Sep 29, 2025, 06:00 PM EDT",9/29/25,"Tue, Sep 30, 2025, 07:20 AM EDT",9/30/25,"Monday night, Sep 29"
10/27/25,https://dashboard.birdcast.info/region/US-NJ-013,US-NJ-013,"Essex County, New Jersey",1686500,,,,,"Tue, Sep 30, 2025, 06:00 PM EDT",9/30/25,"Wed, Oct 01, 2025, 07:20 AM EDT",10/1/25,"Tuesday night, Sep 30"
10/27/25,https://dashboard.birdcast.info/region/US-NJ-013,US-NJ-013,"Essex County, New Jersey",388800,,,,,"Wed, Oct 01, 2025, 06:00 PM EDT",10/1/25,"Thu, Oct 02, 2025, 07:20 AM EDT",10/2/25,"Wednesday night, Oct 01"
10/27/25,https://dashboard.birdcast.info/region/US-NJ-013,US-NJ-013,"Essex County, New Jersey",1100,,,,,"Thu, Oct 02, 2025, 06:00 PM EDT",10/2/25,"Fri, Oct 03, 2025, 07:20 AM EDT",10/3/25,"Thursday night, Oct 02"
10/27/25,https://dashboard.birdcast.info/region/US-NJ-013,US-NJ-013,"Essex County, New Jersey",9500,,,,,"Fri, Oct 03, 2025, 06:00 PM EDT",10/3/25,"Sat, Oct 04, 2025, 07:20 AM EDT",10/4/25,"Friday night, Oct 03"
10/27/25,https://dashboard.birdcast.info/region/US-NJ-013,US-NJ-013,"Essex County, New Jersey",64100,,,,,"Sat, Oct 04, 2025, 06:00 PM EDT",10/4/25,"Sun, Oct 05, 2025, 07:20 AM EDT",10/5/25,"Saturday night, Oct 04"
10/27/25,https://dashboard.birdcast.info/region/US-NJ-013,US-NJ-013,"Essex County, New Jersey",200,,,,,"Sun, Oct 05, 2025, 06:00 PM EDT",10/5/25,"Mon, Oct 06, 2025, 07:20 AM EDT",10/6/25,"Sunday night, Oct 05"
10/27/25,https://dashboard.birdcast.info/region/US-NJ-013,US-NJ-013,"Essex County, New Jersey",600,,,,,"Mon, Oct 06, 2025, 06:00 PM EDT",10/6/25,"Tue, Oct 07, 2025, 07:20 AM EDT",10/7/25,"Monday night, Oct 06"
10/27/25,https://dashboard.birdcast.info/region/US-NJ-013,US-NJ-013,"Essex County, New Jersey",0,,,,,"Tue, Oct 07, 2025, 06:00 PM EDT",10/7/25,"Wed, Oct 08, 2025, 07:20 AM EDT",10/8/25,"Tuesday night, Oct 07"
10/27/25,https://dashboard.birdcast.info/region/US-NJ-013,US-NJ-013,"Essex County, New Jersey",2919700,,,,,"Wed, Oct 08, 2025, 06:00 PM EDT",10/8/25,"Thu, Oct 09, 2025, 07:20 AM EDT",10/9/25,"Wednesday night, Oct 08"
10/27/25,https://dashboard.birdcast.info/region/US-NJ-013,US-NJ-013,"Essex County, New Jersey",405200,,,,,"Thu, Oct 09, 2025, 06:00 PM EDT",10/9/25,"Fri, Oct 10, 2025, 07:20 AM EDT",10/10/25,"Thursday night, Oct 09"
10/27/25,https://dashboard.birdcast.info/region/US-NJ-013,US-NJ-013,"Essex County, New Jersey",100,,,,,"Fri, Oct 10, 2025, 06:00 PM EDT",10/10/25,"Sat, Oct 11, 2025, 07:20 AM EDT",10/11/25,"Friday night, Oct 10"
10/27/25,https://dashboard.birdcast.info/region/US-NJ-013,US-NJ-013,"Essex County, New Jersey",16600,,,,,"Sat, Oct 11, 2025, 06:00 PM EDT",10/11/25,"Sun, Oct 12, 2025, 07:20 AM EDT",10/12/25,"Saturday night, Oct 11"
10/27/25,https://dashboard.birdcast.info/region/US-NJ-013,US-NJ-013,"Essex County, New Jersey",800,,,,,"Sun, Oct 12, 2025, 06:00 PM EDT",10/12/25,"Mon, Oct 13, 2025, 07:20 AM EDT",10/13/25,"Sunday night, Oct 12"
10/27/25,https://dashboard.birdcast.info/region/US-NJ-013,US-NJ-013,"Essex County, New Jersey",4600,,,,,"Mon, Oct 13, 2025, 06:00 PM EDT",10/13/25,"Tue, Oct 14, 2025, 07:20 AM EDT",10/14/25,"Monday night, Oct 13"
10/27/25,https://dashboard.birdcast.info/region/US-NJ-013,US-NJ-013,"Essex County, New Jersey",386600,,,,,"Tue, Oct 14, 2025, 06:00 PM EDT",10/14/25,"Wed, Oct 15, 2025, 07:20 AM EDT",10/15/25,"Tuesday night, Oct 14"
10/27/25,https://dashboard.birdcast.info/region/US-NJ-013,US-NJ-013,"Essex County, New Jersey",2198200,,,,,"Wed, Oct 15, 2025, 06:00 PM EDT",10/15/25,"Thu, Oct 16, 2025, 07:20 AM EDT",10/16/25,"Wednesday night, Oct 15"
10/27/25,https://dashboard.birdcast.info/region/US-NJ-013,US-NJ-013,"Essex County, New Jersey",567500,,,,,"Thu, Oct 16, 2025, 06:00 PM EDT",10/16/25,"Fri, Oct 17, 2025, 07:20 AM EDT",10/17/25,"Thursday night, Oct 16"
10/27/25,https://dashboard.birdcast.info/region/US-NJ-013,US-NJ-013,"Essex County, New Jersey",622800,,,,,"Fri, Oct 17, 2025, 06:00 PM EDT",10/17/25,"Sat, Oct 18, 2025, 07:20 AM EDT",10/18/25,"Friday night, Oct 17"
10/27/25,https://dashboard.birdcast.info/region/US-NJ-013,US-NJ-013,"Essex County, New Jersey",1300,,,,,"Sat, Oct 18, 2025, 06:00 PM EDT",10/18/25,"Sun, Oct 19, 2025, 07:20 AM EDT",10/19/25,"Saturday night, Oct 18"
10/27/25,https://dashboard.birdcast.info/region/US-NJ-013,US-NJ-013,"Essex County, New Jersey",0,,,,,"Sun, Oct 19, 2025, 06:00 PM EDT",10/19/25,"Mon, Oct 20, 2025, 07:20 AM EDT",10/20/25,"Sunday night, Oct 19"
10/27/25,https://dashboard.birdcast.info/region/US-NJ-013,US-NJ-013,"Essex County, New Jersey",39700,,,,,"Mon, Oct 20, 2025, 06:00 PM EDT",10/20/25,"Tue, Oct 21, 2025, 07:20 AM EDT",10/21/25,"Monday night, Oct 20"
10/27/25,https://dashboard.birdcast.info/region/US-NJ-013,US-NJ-013,"Essex County, New Jersey",0,,,,,"Tue, Oct 21, 2025, 06:00 PM EDT",10/21/25,"Wed, Oct 22, 2025, 07:20 AM EDT",10/22/25,"Tuesday night, Oct 21"
10/27/25,https://dashboard.birdcast.info/region/US-NJ-013,US-NJ-013,"Essex County, New Jersey",6100,,,,,"Wed, Oct 22, 2025, 06:00 PM EDT",10/22/25,"Thu, Oct 23, 2025, 07:20 AM EDT",10/23/25,"Wednesday night, Oct 22"
10/27/25,https://dashboard.birdcast.info/region/US-NJ-013,US-NJ-013,"Essex County, New Jersey",80700,,,,,"Thu, Oct 23, 2025, 06:00 PM EDT",10/23/25,"Fri, Oct 24, 2025, 07:20 AM EDT",10/24/25,"Thursday night, Oct 23"
10/27/25,https://dashboard.birdcast.info/region/US-AL-081,US-AL-081,"Lee County, Alabama",2100,,,,,"Sun, Oct 26, 2025, 6:00 PM CDT",10/26/25,"Mon, Oct 27, 2025, 6:50 AM CDT",10/27/25,"Sunday night, Oct 26"
10/27/25,https://dashboard.birdcast.info/region/US-CO-013,US-CO-013,"Boulder County, Colorado",1800,,,,,"Sun, Oct 26, 2025, 6:10 PM MDT",10/26/25,"Mon, Oct 27, 2025, 7:20 AM MDT",10/27/25,"Sunday night, Oct 26"
10/27/25,https://dashboard.birdcast.info/region/US-CA-013,US-CA-013,"Contra Costa County, California",12300,,,,,"Sun, Oct 26, 2025, 6:20 PM PDT",10/26/25,"Mon, Oct 27, 2025, 7:30 AM PDT",10/27/25,"Sunday night, Oct 26"
10/27/25,https://dashboard.birdcast.info/region/US-NJ-013,US-NJ-013,"Essex County, New Jersey",872000,,,,,"Sun, Oct 26, 2025, 6:00 PM EDT",10/26/25,"Mon, Oct 27, 2025, 7:20 AM EDT",10/27/25,"Sunday night, Oct 26"
10/27/25,https://dashboard.birdcast.info/region/US-FL-031,US-FL-031,"Duval County, Florida",8400,,,,,"Sun, Oct 26, 2025, 6:50 PM EDT",10/26/25,"Mon, Oct 27, 2025, 7:40 AM EDT",10/27/25,"Sunday night, Oct 26"
10/28/25,https://dashboard.birdcast.info/region/US-NJ-013,US-NJ-013,"Essex County, New Jersey",265300,,,,,"Mon, Oct 27, 2025, 6:00 PM EDT",10/27/25,"Tue, Oct 28, 2025, 7:20 AM EDT",10/28/25,"Monday night, Oct 27"
10/28/25,https://dashboard.birdcast.info/region/US-FL-031,US-FL-031,"Duval County, Florida",32600,,,,,"Mon, Oct 27, 2025, 6:50 PM EDT",10/27/25,"Tue, Oct 28, 2025, 7:40 AM EDT",10/28/25,"Monday night, Oct 27"
10/28/25,https://dashboard.birdcast.info/region/US-CA-013,US-CA-013,"Contra Costa County, California",453900,,,,,"Mon, Oct 27, 2025, 6:20 PM PDT",10/27/25,"Tue, Oct 28, 2025, 7:30 AM PDT",10/28/25,"Monday night, Oct 27"
2025-10-29T16:00:08.989432+00:00,https://dashboard.birdcast.info/region/US-FL-031,US-FL-031,"Duval County, Florida",541000,,,,,"Tue, Oct 28, 2025, 6:40 PM EDT",2025-10-28T22:40:00+00:00,"Wed, Oct 29, 2025, 7:40 AM EDT",2025-10-29T11:40:00+00:00,"Tuesday night, Oct 28"
2025-10-29T16:00:09.705057+00:00,https://dashboard.birdcast.info/region/US-CO-013,US-CO-013,"Boulder County, Colorado",18300,,,,,"Tue, Oct 28, 2025, 6:10 PM MDT",2025-10-28T18:10:00+00:00,"Wed, Oct 29, 2025, 7:30 AM MDT",2025-10-29T07:30:00+00:00,"Tuesday night, Oct 28"
2025-10-29T16:00:10.572290+00:00,https://dashboard.birdcast.info/region/US-NJ-013,US-NJ-013,"Essex County, New Jersey",31500,,,,,"Tue, Oct 28, 2025, 6:00 PM EDT",2025-10-28T22:00:00+00:00,"Wed, Oct 29, 2025, 7:20 AM EDT",2025-10-29T11:20:00+00:00,"Tuesday night, Oct 28"
2025-10-29T16:00:11.896514+00:00,https://dashboard.birdcast.info/region/US-CA-013,US-CA-013,"Contra Costa County, California",38900,,,,,"Tue, Oct 28, 2025, 6:10 PM PDT",2025-10-28T18:10:00+00:00,"Wed, Oct 29, 2025, 7:30 AM PDT",2025-10-29T07:30:00+00:00,"Tuesday night, Oct 28"
2025-10-29T16:00:13.848261+00:00,https://dashboard.birdcast.info/region/US-AL-081,US-AL-081,"Lee County, Alabama",15300,,,,,"Tue, Oct 28, 2025, 6:00 PM CDT",2025-10-28T18:00:00+00:00,"Wed, Oct 29, 2025, 6:50 AM CDT",2025-10-29T06:50:00+00:00,"Tuesday night, Oct 28"
2025-10-30T14:29:29.108382+00:00,https://dashboard.birdcast.info/region/US-FL-031,US-FL-031,"Duval County, Florida",366800,,,,,"Wed, Oct 29, 2025, 6:40 PM EDT",2025-10-29T22:40:00+00:00,"Thu, Oct 30, 2025, 7:40 AM EDT",2025-10-30T11:40:00+00:00,"Wednesday night, Oct 29"
2025-10-30T14:29:32.056474+00:00,https://dashboard.birdcast.info/region/US-CO-013,US-CO-013,"Boulder County, Colorado",6500,,,,,"Wed, Oct 29, 2025, 6:00 PM MDT",2025-10-29T18:00:00+00:00,"Thu, Oct 30, 2025, 7:30 AM MDT",2025-10-30T07:30:00+00:00,"Wednesday night, Oct 29"
2025-10-30T14:29:32.848722+00:00,https://dashboard.birdcast.info/region/US-NJ-013,US-NJ-013,"Essex County, New Jersey",1000,,,,,"Wed, Oct 29, 2025, 6:00 PM EDT",2025-10-29T22:00:00+00:00,"Thu, Oct 30, 2025, 7:20 AM EDT",2025-10-30T11:20:00+00:00,"Wednesday night, Oct 29"
2025-10-30T14:29:35.944042+00:00,https://dashboard.birdcast.info/region/US-AL-081,US-AL-081,"Lee County, Alabama",43800,,,,,"Wed, Oct 29, 2025, 6:00 PM CDT",2025-10-29T18:00:00+00:00,"Thu, Oct 30, 2025, 7:00 AM CDT",2025-10-30T07:00:00+00:00,"Wednesday night, Oct 29"
2025-10-30T14:37:57.979753+00:00,https://dashboard.birdcast.info/region/US-FL-031,US-FL-031,"Duval County, Florida",366800,,,,,"Wednesday night, Oct 29",,,,
2025-10-30T14:37:58.724721+00:00,https://dashboard.birdcast.info/region/US-CO-013,US-CO-013,"Boulder County, Colorado",6500,,,,,"Wednesday night, Oct 29",,,,
2025-10-30T14:37:59.692058+00:00,https://dashboard.birdcast.info/region/US-NJ-013,US-NJ-013,"Essex County, New Jersey",1000,,,,,"Wednesday night, Oct 29",,,,
2025-10-30T14:38:00.543667+00:00,https://dashboard.birdcast.info/region/US-CA-013,US-CA-013,"Contra Costa County, California",59200,,,,,"Wednesday night, Oct 29",,,,
2025-10-30T14:38:01.441938+00:00,https://dashboard.birdcast.info/region/US-AL-081,US-AL-081,"Lee County, Alabama",43800,,,,,"Wednesday night, Oct 29",,,,
2025-10-30T14:41:07.795370+00:00,https://dashboard.birdcast.info/region/US-FL-031,US-FL-031,"Duval County, Florida",366800,,,,,"Wed, Oct 29, 2025, 6:40 PM EDT",2025-10-29T22:40:00+00:00,"Thu, Oct 30, 2025, 7:40 AM EDT",2025-10-30T11:40:00+00:00,"Wednesday night, Oct 29"
2025-10-30T14:41:09.039098+00:00,https://dashboard.birdcast.info/region/US-CO-013,US-CO-013,"Boulder County, Colorado",6500,,,,,"Wed, Oct 29, 2025, 6:00 PM MDT",2025-10-29T18:00:00+00:00,"Thu, Oct 30, 2025, 7:30 AM MDT",2025-10-30T07:30:00+00:00,"Wednesday night, Oct 29"
2025-10-30T14:41:09.837532+00:00,https://dashboard.birdcast.info/region/US-NJ-013,US-NJ-013,"Essex County, New Jersey",1000,,,,,"Wed, Oct 29, 2025, 6:00 PM EDT",2025-10-29T22:00:00+00:00,"Thu, Oct 30, 2025, 7:20 AM EDT",2025-10-30T11:20:00+00:00,"Wednesday night, Oct 29"
2025-10-30T14:41:11.346091+00:00,https://dashboard.birdcast.info/region/US-CA-013,US-CA-013,"Contra Costa County, California",59200,,,,,"Wed, Oct 29, 2025, 6:10 PM PDT",2025-10-29T18:10:00+00:00,"Thu, Oct 30, 2025, 7:20 AM PDT",2025-10-30T07:20:00+00:00,"Wednesday night, Oct 29"
2025-10-30T14:41:12.082250+00:00,https://dashboard.birdcast.info/region/US-AL-081,US-AL-081,"Lee County, Alabama",43800,,,,,"Wed, Oct 29, 2025, 6:00 PM CDT",2025-10-29T18:00:00+00:00,"Thu, Oct 30, 2025, 7:00 AM CDT",2025-10-30T07:00:00+00:00,"Wednesday night, Oct 29"
2025-10-30T14:44:33.126079+00:00,https://dashboard.birdcast.info/region/US-FL-031,US-FL-031,"Duval County, Florida",366800,,SE,23,1100,"Wed, Oct 29, 2025, 6:40 PM EDT",2025-10-29T22:40:00+00:00,"Thu, Oct 30, 2025, 7:40 AM EDT",2025-10-30T11:40:00+00:00,"Wednesday night, Oct 29"
2025-10-30T14:44:33.907904+00:00,https://dashboard.birdcast.info/region/US-CO-013,US-CO-013,"Boulder County, Colorado",6500,,,,,"Wed, Oct 29, 2025, 6:00 PM MDT",2025-10-29T18:00:00+00:00,"Thu, Oct 30, 2025, 7:30 AM MDT",2025-10-30T07:30:00+00:00,"Wednesday night, Oct 29"
2025-10-30T14:44:34.689732+00:00,https://dashboard.birdcast.info/region/US-NJ-013,US-NJ-013,"Essex County, New Jersey",1000,,W,22,1100,"Wed, Oct 29, 2025, 6:00 PM EDT",2025-10-29T22:00:00+00:00,"Thu, Oct 30, 2025, 7:20 AM EDT",2025-10-30T11:20:00+00:00,"Wednesday night, Oct 29"
2025-10-30T14:44:35.496695+00:00,https://dashboard.birdcast.info/region/US-CA-013,US-CA-013,"Contra Costa County, California",59200,,SSE,17,2300,"Wed, Oct 29, 2025, 6:10 PM PDT",2025-10-29T18:10:00+00:00,"Thu, Oct 30, 2025, 7:20 AM PDT",2025-10-30T07:20:00+00:00,"Wednesday night, Oct 29"
2025-10-30T14:44:36.225114+00:00,https://dashboard.birdcast.info/region/US-AL-081,US-AL-081,"Lee County, Alabama",43800,,ESE,23,1100,"Wed, Oct 29, 2025, 6:00 PM CDT",2025-10-29T18:00:00+00:00,"Thu, Oct 30, 2025, 7:00 AM CDT",2025-10-30T07:00:00+00:00,"Wednesday night, Oct 29"
2025-10-30T14:49:54.656151+00:00,https://dashboard.birdcast.info/region/US-FL-031,US-FL-031,"Duval County, Florida",366800,134500,SE,23,1100,"Wed, Oct 29, 2025, 6:40 PM EDT",2025-10-29T22:40:00+00:00,"Thu, Oct 30, 2025, 7:40 AM EDT",2025-10-30T11:40:00+00:00,"Wednesday night, Oct 29"
2025-10-30T14:49:55.418369+00:00,https://dashboard.birdcast.info/region/US-CO-013,US-CO-013,"Boulder County, Colorado",6500,2000,,,,"Wed, Oct 29, 2025, 6:00 PM MDT",2025-10-29T18:00:00+00:00,"Thu, Oct 30, 2025, 7:30 AM MDT",2025-10-30T07:30:00+00:00,"Wednesday night, Oct 29"
2025-10-30T14:49:56.213394+00:00,https://dashboard.birdcast.info/region/US-NJ-013,US-NJ-013,"Essex County, New Jersey",1000,1500,W,22,1100,"Wed, Oct 29, 2025, 6:00 PM EDT",2025-10-29T22:00:00+00:00,"Thu, Oct 30, 2025, 7:20 AM EDT",2025-10-30T11:20:00+00:00,"Wednesday night, Oct 29"
2025-10-30T14:49:57.112751+00:00,https://dashboard.birdcast.info/region/US-CA-013,US-CA-013,"Contra Costa County, California",59200,18200,SSE,17,2300,"Wed, Oct 29, 2025, 6:10 PM PDT",2025-10-29T18:10:00+00:00,"Thu, Oct 30, 2025, 7:20 AM PDT",2025-10-30T07:20:00+00:00,"Wednesday night, Oct 29"
2025-10-30T14:49:57.951871+00:00,https://dashboard.birdcast.info/region/US-AL-081,US-AL-081,"Lee County, Alabama",43800,12700,ESE,23,1100,"Wed, Oct 29, 2025, 6:00 PM CDT",2025-10-29T18:00:00+00:00,"Thu, Oct 30, 2025, 7:00 AM CDT",2025-10-30T07:00:00+00:00,"Wednesday night, Oct 29"
2025-10-30T16:00:09.493673+00:00,https://dashboard.birdcast.info/region/US-FL-031,US-FL-031,"Duval County, Florida",366800,134500,SE,23,1100,"Wed, Oct 29, 2025, 6:40 PM EDT",2025-10-29T22:40:00+00:00,"Thu, Oct 30, 2025, 7:40 AM EDT",2025-10-30T11:40:00+00:00,"Wednesday night, Oct 29"
2025-10-30T16:00:11.632503+00:00,https://dashboard.birdcast.info/region/US-CO-013,US-CO-013,"Boulder County, Colorado",6500,2000,,,,"Wed, Oct 29, 2025, 6:00 PM MDT",2025-10-29T18:00:00+00:00,"Thu, Oct 30, 2025, 7:30 AM MDT",2025-10-30T07:30:00+00:00,"Wednesday night, Oct 29"
2025-10-30T16:00:12.475057+00:00,https://dashboard.birdcast.info/region/US-NJ-013,US-NJ-013,"Essex County, New Jersey",1000,1500,W,22,1100,"Wed, Oct 29, 2025, 6:00 PM EDT",2025-10-29T22:00:00+00:00,"Thu, Oct 30, 2025, 7:20 AM EDT",2025-10-30T11:20:00+00:00,"Wednesday night, Oct 29"
2025-10-30T16:00:14.652794+00:00,https://dashboard.birdcast.info/region/US-CA-013,US-CA-013,"Contra Costa County, California",59900,18200,SSE,17,2300,"Wed, Oct 29, 2025, 6:10 PM PDT",2025-10-29T18:10:00+00:00,"Thu, Oct 30, 2025, 7:30 AM PDT",2025-10-30T07:30:00+00:00,"Wednesday night, Oct 29"
2025-10-30T16:00:16.980902+00:00,https://dashboard.birdcast.info/region/US-AL-081,US-AL-081,"Lee County, Alabama",43800,12700,ESE,23,1100,"Wed, Oct 29, 2025, 6:00 PM CDT",2025-10-29T18:00:00+00:00,"Thu, Oct 30, 2025, 7:00 AM CDT",2025-10-30T07:00:00+00:00,"Wednesday night, Oct 29"
2025-10-31T16:00:05.413677+00:00,https://dashboard.birdcast.info/region/US-FL-031,US-FL-031,"Duval County, Florida",1460300,258900,SE,25,1200,"Thu, Oct 30, 2025, 6:40 PM EDT",2025-10-30T22:40:00+00:00,"Fri, Oct 31, 2025, 7:40 AM EDT",2025-10-31T11:40:00+00:00,"Thursday night, Oct 30"
2025-10-31T16:00:07.375925+00:00,https://dashboard.birdcast.info/region/US-CO-013,US-CO-013,"Boulder County, Colorado",4800,1500,,,,"Thu, Oct 30, 2025, 6:00 PM MDT",2025-10-30T18:00:00+00:00,"Fri, Oct 31, 2025, 7:30 AM MDT",2025-10-31T07:30:00+00:00,"Thursday night, Oct 30"
2025-10-31T16:00:08.452553+00:00,https://dashboard.birdcast.info/region/US-NJ-013,US-NJ-013,"Essex County, New Jersey",700,300,,,,"Thu, Oct 30, 2025, 6:00 PM EDT",2025-10-30T22:00:00+00:00,"Fri, Oct 31, 2025, 7:20 AM EDT",2025-10-31T11:20:00+00:00,"Thursday night, Oct 30"
2025-10-31T16:00:10.584646+00:00,https://dashboard.birdcast.info/region/US-CA-013,US-CA-013,"Contra Costa County, California",17600,11900,SSE,8,1200,"Thu, Oct 30, 2025, 6:10 PM PDT",2025-10-30T18:10:00+00:00,"Fri, Oct 31, 2025, 7:30 AM PDT",2025-10-31T07:30:00+00:00,"Thursday night, Oct 30"
2025-10-31T16:00:13.160246+00:00,https://dashboard.birdcast.info/region/US-AL-081,US-AL-081,"Lee County, Alabama",1972000,153300,SSE,36,1400,"Thu, Oct 30, 2025, 5:50 PM CDT",2025-10-30T17:50:00+00:00,"Fri, Oct 31, 2025, 7:00 AM CDT",2025-10-31T07:00:00+00:00,"Thursday night, Oct 30"
2025-11-02T17:00:03.409238+00:00,https://dashboard.birdcast.info/region/US-FL-031,US-FL-031,"Duval County, Florida",1557700,207500,SSW,28,700,"Sat, Nov 1, 2025, 6:40 PM EDT",2025-11-01T22:40:00+00:00,"Sun, Nov 2, 2025, 6:40 AM EST",2025-11-02T11:40:00+00:00,"Saturday night, Nov 1"
2025-11-02T17:00:04.534426+00:00,https://dashboard.birdcast.info/region/US-CO-013,US-CO-013,"Boulder County, Colorado",1700,400,,,,"Sat, Nov 1, 2025, 6:00 PM MDT",2025-11-01T18:00:00+00:00,"Sun, Nov 2, 2025, 6:30 AM MST",2025-11-02T06:30:00+00:00,"Saturday night, Nov 1"
2025-11-02T17:00:05.456470+00:00,https://dashboard.birdcast.info/region/US-NJ-013,US-NJ-013,"Essex County, New Jersey",284400,20300,S,24,1600,"Sat, Nov 1, 2025, 5:50 PM EDT",2025-11-01T21:50:00+00:00,"Sun, Nov 2, 2025, 6:30 AM EST",2025-11-02T11:30:00+00:00,"Saturday night, Nov 1"
2025-11-02T17:00:06.637963+00:00,https://dashboard.birdcast.info/region/US-CA-013,US-CA-013,"Contra Costa County, California",17700,18700,S,8,1200,"Sat, Nov 1, 2025, 6:10 PM PDT",2025-11-01T18:10:00+00:00,"Sun, Nov 2, 2025, 6:30 AM PST",2025-11-02T06:30:00+00:00,"Saturday night, Nov 1"
2025-11-02T17:00:07.702052+00:00,https://dashboard.birdcast.info/region/US-AL-081,US-AL-081,"Lee County, Alabama",148100,42700,SW,13,2100,"Sat, Nov 1, 2025, 5:50 PM CDT",2025-11-01T17:50:00+00:00,"Sun, Nov 2, 2025, 6:00 AM CST",2025-11-02T06:00:00+00:00,"Saturday night, Nov 1"
2025-11-03T17:00:05.940544+00:00,https://dashboard.birdcast.info/region/US-FL-031,US-FL-031,"Duval County, Florida",1017800,260300,S,19,1100,"Sun, Nov 2, 2025, 5:40 PM EST",2025-11-02T22:40:00+00:00,"Mon, Nov 3, 2025, 6:40 AM EST",2025-11-03T11:40:00+00:00,"Sunday night, Nov 2"
2025-11-03T17:00:07.762981+00:00,https://dashboard.birdcast.info/region/US-CO-013,US-CO-013,"Boulder County, Colorado",8000,2300,,,,"Sun, Nov 2, 2025, 5:00 PM MST",2025-11-02T17:00:00+00:00,"Mon, Nov 3, 2025, 6:30 AM MST",2025-11-03T06:30:00+00:00,"Sunday night, Nov 2"
2025-11-03T17:00:09.013343+00:00,https://dashboard.birdcast.info/region/US-NJ-013,US-NJ-013,"Essex County, New Jersey",16300,2200,SW,15,3500,"Sun, Nov 2, 2025, 4:50 PM EST",2025-11-02T21:50:00+00:00,"Mon, Nov 3, 2025, 6:30 AM EST",2025-11-03T11:30:00+00:00,"Sunday night, Nov 2"
2025-11-03T17:00:10.182673+00:00,https://dashboard.birdcast.info/region/US-CA-013,US-CA-013,"Contra Costa County, California",3300,12500,SSE,3,1000,"Sun, Nov 2, 2025, 5:10 PM PST",2025-11-02T17:10:00+00:00,"Mon, Nov 3, 2025, 6:30 AM PST",2025-11-03T06:30:00+00:00,"Sunday night, Nov 2"
2025-11-03T17:00:11.365647+00:00,https://dashboard.birdcast.info/region/US-AL-081,US-AL-081,"Lee County, Alabama",211600,33800,S,21,1300,"Sun, Nov 2, 2025, 4:50 PM CST",2025-11-02T16:50:00+00:00,"Mon, Nov 3, 2025, 6:00 AM CST",2025-11-03T06:00:00+00:00,"Sunday night, Nov 2"
2025-11-04T17:00:04.932640+00:00,https://dashboard.birdcast.info/region/US-FL-031,US-FL-031,"Duval County, Florida",1632600,173400,S,31,1200,"Mon, Nov 3, 2025, 5:40 PM EST",2025-11-03T22:40:00+00:00,"Tue, Nov 4, 2025, 6:40 AM EST",2025-11-04T11:40:00+00:00,"Monday night, Nov 3"
2025-11-04T17:00:06.905531+00:00,https://dashboard.birdcast.info/region/US-CO-013,US-CO-013,"Boulder County, Colorado",2100,1100,,,,"Mon, Nov 3, 2025, 5:00 PM MST",2025-11-03T17:00:00+00:00,"Tue, Nov 4, 2025, 6:30 AM MST",2025-11-04T06:30:00+00:00,"Monday night, Nov 3"
2025-11-04T17:00:08.473985+00:00,https://dashboard.birdcast.info/region/US-NJ-013,US-NJ-013,"Essex County, New Jersey",6000,1900,ESE,17,700,"Mon, Nov 3, 2025, 4:50 PM EST",2025-11-03T21:50:00+00:00,"Tue, Nov 4, 2025, 6:30 AM EST",2025-11-04T11:30:00+00:00,"Monday night, Nov 3"
2025-11-04T17:00:10.575032+00:00,https://dashboard.birdcast.info/region/US-CA-013,US-CA-013,"Contra Costa County, California",1600,1600,,,,"Mon, Nov 3, 2025, 5:10 PM PST",2025-11-03T17:10:00+00:00,"Tue, Nov 4, 2025, 6:30 AM PST",2025-11-04T06:30:00+00:00,"Monday night, Nov 3"
2025-11-04T17:00:12.972384+00:00,https://dashboard.birdcast.info/region/US-AL-081,US-AL-081,"Lee County, Alabama",550600,61800,SSW,30,1300,"Mon, Nov 3, 2025, 4:50 PM CST",2025-11-03T16:50:00+00:00,"Tue, Nov 4, 2025, 6:00 AM CST",2025-11-04T06:00:00+00:00,"Monday night, Nov 3"
2025-11-05T17:00:04.736918+00:00,https://dashboard.birdcast.info/region/US-FL-031,US-FL-031,"Duval County, Florida",479000,75700,SSW,24,700,"Tue, Nov 4, 2025, 5:40 PM EST",2025-11-04T22:40:00+00:00,"Wed, Nov 5, 2025, 6:40 AM EST",2025-11-05T11:40:00+00:00,"Tuesday night, Nov 4"
2025-11-05T17:00:06.663615+00:00,https://dashboard.birdcast.info/region/US-CO-013,US-CO-013,"Boulder County, Colorado",4500,1300,,,,"Tue, Nov 4, 2025, 5:00 PM MST",2025-11-04T17:00:00+00:00,"Wed, Nov 5, 2025, 6:30 AM MST",2025-11-05T06:30:00+00:00,"Tuesday night, Nov 4"
2025-11-05T17:00:07.556373+00:00,https://dashboard.birdcast.info/region/US-NJ-013,US-NJ-013,"Essex County, New Jersey",171500,10800,S,24,1600,"Tue, Nov 4, 2025, 4:50 PM EST",2025-11-04T21:50:00+00:00,"Wed, Nov 5, 2025, 6:30 AM EST",2025-11-05T11:30:00+00:00,"Tuesday night, Nov 4"
2025-11-05T17:00:08.424993+00:00,https://dashboard.birdcast.info/region/US-CA-013,US-CA-013,"Contra Costa County, California",200,2700,,,,"Tue, Nov 4, 2025, 5:10 PM PST",2025-11-04T17:10:00+00:00,"Wed, Nov 5, 2025, 6:40 AM PST",2025-11-05T06:40:00+00:00,"Tuesday night, Nov 4"
2025-11-05T17:00:09.887238+00:00,https://dashboard.birdcast.info/region/US-AL-081,US-AL-081,"Lee County, Alabama",15500,8100,WSW,15,2900,"Tue, Nov 4, 2025, 4:50 PM CST",2025-11-04T16:50:00+00:00,"Wed, Nov 5, 2025, 6:00 AM CST",2025-11-05T06:00:00+00:00,"Tuesday night, Nov 4"
2025-11-07T17:00:05.997223+00:00,https://dashboard.birdcast.info/region/US-FL-031,US-FL-031,"Duval County, Florida",1422800,423500,SSW,22,700,"Thu, Nov 6, 2025, 5:40 PM EST",2025-11-06T17:40:00+00:00,"Fri, Nov 7, 2025, 6:40 AM EST",2025-11-07T06:40:00+00:00,"Thursday night, Nov 6"
2025-11-07T17:00:07.567010+00:00,https://dashboard.birdcast.info/region/US-CO-013,US-CO-013,"Boulder County, Colorado",6100,1400,,,,"Thu, Nov 6, 2025, 4:50 PM MST",2025-11-06T23:50:00+00:00,"Fri, Nov 7, 2025, 6:40 AM MST",2025-11-07T13:40:00+00:00,"Thursday night, Nov 6"
2025-11-07T17:00:09.766416+00:00,https://dashboard.birdcast.info/region/US-NJ-013,US-NJ-013,"Essex County, New Jersey",427800,29600,SSW,27,1800,"Thu, Nov 6, 2025, 4:50 PM EST",2025-11-06T16:50:00+00:00,"Fri, Nov 7, 2025, 6:30 AM EST",2025-11-07T06:30:00+00:00,"Thursday night, Nov 6"
2025-11-07T17:00:12.236751+00:00,https://dashboard.birdcast.info/region/US-CA-013,US-CA-013,"Contra Costa County, California",17000,7900,SSE,12,1300,"Thu, Nov 6, 2025, 5:10 PM PST",2025-11-06T17:10:00+00:00,"Fri, Nov 7, 2025, 6:40 AM PST",2025-11-07T06:40:00+00:00,"Thursday night, Nov 6"
2025-11-07T17:00:13.859209+00:00,https://dashboard.birdcast.info/region/US-AL-081,US-AL-081,"Lee County, Alabama",58600,29200,WSW,12,1600,"Thu, Nov 6, 2025, 4:50 PM CST",2025-11-06T16:50:00+00:00,"Fri, Nov 7, 2025, 6:00 AM CST",2025-11-07T06:00:00+00:00,"Thursday night, Nov 6"
2025-11-08T21:48:11.117480+00:00,https://dashboard.birdcast.info/region/US-FL-031,US-FL-031,"Duval County, Florida",332800,176800,S,8,2400,"Fri, Nov 7, 2025, 5:40 PM EST",2025-11-07T17:40:00+00:00,"Sat, Nov 8, 2025, 6:40 AM EST",2025-11-08T06:40:00+00:00,"Friday night, Nov 7"
2025-11-08T21:48:12.581544+00:00,https://dashboard.birdcast.info/region/US-CO-013,US-CO-013,"Boulder County, Colorado",2700,1300,,,,"Fri, Nov 7, 2025, 4:50 PM MST",2025-11-07T23:50:00+00:00,"Sat, Nov 8, 2025, 6:40 AM MST",2025-11-08T13:40:00+00:00,"Friday night, Nov 7"
2025-11-08T21:48:13.900304+00:00,https://dashboard.birdcast.info/region/US-NJ-013,US-NJ-013,"Essex County, New Jersey",100,200,,,,"Fri, Nov 7, 2025, 4:50 PM EST",2025-11-07T16:50:00+00:00,"Sat, Nov 8, 2025, 6:30 AM EST",2025-11-08T06:30:00+00:00,"Friday night, Nov 7"
2025-11-08T21:48:15.562838+00:00,https://dashboard.birdcast.info/region/US-CA-013,US-CA-013,"Contra Costa County, California",230500,36000,SSE,32,1700,"Fri, Nov 7, 2025, 5:00 PM PST",2025-11-07T17:00:00+00:00,"Sat, Nov 8, 2025, 6:40 AM PST",2025-11-08T06:40:00+00:00,"Friday night, Nov 7"
2025-11-08T21:48:16.489612+00:00,https://dashboard.birdcast.info/region/US-AL-081,US-AL-081,"Lee County, Alabama",700,2300,,,,"Fri, Nov 7, 2025, 4:50 PM CST",2025-11-07T16:50:00+00:00,"Sat, Nov 8, 2025, 6:00 AM CST",2025-11-08T06:00:00+00:00,"Friday night, Nov 7"
2025-11-09T17:00:04.161969+00:00,https://dashboard.birdcast.info/region/US-FL-031,US-FL-031,"Duval County, Florida",36900,38600,SE,12,600,"Sat, Nov 8, 2025, 5:40 PM EST",2025-11-08T22:40:00+00:00,"Sun, Nov 9, 2025, 6:50 AM EST",2025-11-09T11:50:00+00:00,"Saturday night, Nov 8"
2025-11-09T17:00:05.384798+00:00,https://dashboard.birdcast.info/region/US-CO-013,US-CO-013,"Boulder County, Colorado",2800,1000,,,,"Sat, Nov 8, 2025, 4:50 PM MST",2025-11-08T16:50:00+00:00,"Sun, Nov 9, 2025, 6:40 AM MST",2025-11-09T06:40:00+00:00,"Saturday night, Nov 8"
2025-11-09T17:00:06.522292+00:00,https://dashboard.birdcast.info/region/US-NJ-013,US-NJ-013,"Essex County, New Jersey",73500,13900,SW,19,1500,"Sat, Nov 8, 2025, 4:50 PM EST",2025-11-08T21:50:00+00:00,"Sun, Nov 9, 2025, 6:40 AM EST",2025-11-09T11:40:00+00:00,"Saturday night, Nov 8"
2025-11-09T17:00:07.551717+00:00,https://dashboard.birdcast.info/region/US-CA-013,US-CA-013,"Contra Costa County, California",17800,15000,S,9,3100,"Sat, Nov 8, 2025, 5:00 PM PST",2025-11-08T17:00:00+00:00,"Sun, Nov 9, 2025, 6:40 AM PST",2025-11-09T06:40:00+00:00,"Saturday night, Nov 8"
2025-11-09T17:00:09.481359+00:00,https://dashboard.birdcast.info/region/US-AL-081,US-AL-081,"Lee County, Alabama",188900,46200,ESE,18,1200,"Sat, Nov 8, 2025, 4:50 PM CST",2025-11-08T16:50:00+00:00,"Sun, Nov 9, 2025, 6:00 AM CST",2025-11-09T06:00:00+00:00,"Saturday night, Nov 8"2025-11-10T17:00:03.781361+00:00,https://dashboard.birdcast.info/region/US-FL-031,US-FL-031,"Duval County, Florida",783200,186500,SSE,26,1300,"Sun, Nov 9, 2025, 5:40 PM EST",2025-11-09T22:40:00+00:00,"Mon, Nov 10, 2025, 6:50 AM EST",2025-11-10T11:50:00+00:00,"Sunday night, Nov 9"
2025-11-10T17:00:05.710130+00:00,https://dashboard.birdcast.info/region/US-CO-013,US-CO-013,"Boulder County, Colorado",2700,800,,,,"Sun, Nov 9, 2025, 4:50 PM MST",2025-11-09T16:50:00+00:00,"Mon, Nov 10, 2025, 6:40 AM MST",2025-11-10T06:40:00+00:00,"Sunday night, Nov 9"
2025-11-10T17:00:06.869304+00:00,https://dashboard.birdcast.info/region/US-NJ-013,US-NJ-013,"Essex County, New Jersey",800,1500,SSE,18,900,"Sun, Nov 9, 2025, 4:50 PM EST",2025-11-09T21:50:00+00:00,"Mon, Nov 10, 2025, 6:40 AM EST",2025-11-10T11:40:00+00:00,"Sunday night, Nov 9"
2025-11-10T17:00:08.348286+00:00,https://dashboard.birdcast.info/region/US-CA-013,US-CA-013,"Contra Costa County, California",18800,17200,S,11,3400,"Sun, Nov 9, 2025, 5:00 PM PST",2025-11-09T17:00:00+00:00,"Mon, Nov 10, 2025, 6:40 AM PST",2025-11-10T06:40:00+00:00,"Sunday night, Nov 9"
2025-11-10T17:00:10.334609+00:00,https://dashboard.birdcast.info/region/US-AL-081,US-AL-081,"Lee County, Alabama",612000,76100,SSE,31,1300,"Sun, Nov 9, 2025, 4:50 PM CST",2025-11-09T16:50:00+00:00,"Mon, Nov 10, 2025, 6:00 AM CST",2025-11-10T06:00:00+00:00,"Sunday night, Nov 9"
2025-11-11T17:00:03.320401+00:00,https://dashboard.birdcast.info/region/US-FL-031,US-FL-031,"Duval County, Florida",582200,181700,SSE,28,800,"Mon, Nov 10, 2025, 5:30 PM EST",2025-11-10T22:30:00+00:00,"Tue, Nov 11, 2025, 6:50 AM EST",2025-11-11T11:50:00+00:00,"Monday night, Nov 10"
2025-11-11T17:00:04.871665+00:00,https://dashboard.birdcast.info/region/US-CO-013,US-CO-013,"Boulder County, Colorado",3500,1000,,,,"Mon, Nov 10, 2025, 4:50 PM MST",2025-11-10T16:50:00+00:00,"Tue, Nov 11, 2025, 6:40 AM MST",2025-11-11T06:40:00+00:00,"Monday night, Nov 10"
2025-11-11T17:00:05.917880+00:00,https://dashboard.birdcast.info/region/US-NJ-013,US-NJ-013,"Essex County, New Jersey",22300,1600,SE,22,1000,"Mon, Nov 10, 2025, 4:40 PM EST",2025-11-10T21:40:00+00:00,"Tue, Nov 11, 2025, 6:40 AM EST",2025-11-11T11:40:00+00:00,"Monday night, Nov 10"
2025-11-11T17:00:06.774467+00:00,https://dashboard.birdcast.info/region/US-CA-013,US-CA-013,"Contra Costa County, California",13300,12300,SSE,7,3100,"Mon, Nov 10, 2025, 5:00 PM PST",2025-11-10T17:00:00+00:00,"Tue, Nov 11, 2025, 6:40 AM PST",2025-11-11T06:40:00+00:00,"Monday night, Nov 10"
2025-11-11T17:00:07.795246+00:00,https://dashboard.birdcast.info/region/US-AL-081,US-AL-081,"Lee County, Alabama",19400,3000,,,,"Mon, Nov 10, 2025, 4:50 PM CST",2025-11-10T16:50:00+00:00,"Tue, Nov 11, 2025, 6:10 AM CST",2025-11-11T06:10:00+00:00,"Monday night, Nov 10"
2025-11-12T17:00:08.328091+00:00,https://dashboard.birdcast.info/region/US-FL-031,US-FL-031,"Duval County, Florida",178400,42200,S,22,1200,"Tue, Nov 11, 2025, 5:30 PM EST",2025-11-11T22:30:00+00:00,"Wed, Nov 12, 2025, 6:50 AM EST",2025-11-12T11:50:00+00:00,"Tuesday night, Nov 11"
2025-11-12T17:00:09.188861+00:00,https://dashboard.birdcast.info/region/US-CO-013,US-CO-013,"Boulder County, Colorado",1200,1300,,,,"Tue, Nov 11, 2025, 4:50 PM MST",2025-11-11T16:50:00+00:00,"Wed, Nov 12, 2025, 6:40 AM MST",2025-11-12T06:40:00+00:00,"Tuesday night, Nov 11"
2025-11-12T17:00:10.244697+00:00,https://dashboard.birdcast.info/region/US-NJ-013,US-NJ-013,"Essex County, New Jersey",2900,600,,,,"Tue, Nov 11, 2025, 4:40 PM EST",2025-11-11T21:40:00+00:00,"Wed, Nov 12, 2025, 6:40 AM EST",2025-11-12T11:40:00+00:00,"Tuesday night, Nov 11"
2025-11-12T17:00:11.187044+00:00,https://dashboard.birdcast.info/region/US-CA-013,US-CA-013,"Contra Costa County, California",1400,11400,S,3,3000,"Tue, Nov 11, 2025, 5:00 PM PST",2025-11-11T17:00:00+00:00,"Wed, Nov 12, 2025, 6:40 AM PST",2025-11-12T06:40:00+00:00,"Tuesday night, Nov 11"
2025-11-12T17:00:12.241866+00:00,https://dashboard.birdcast.info/region/US-AL-081,US-AL-081,"Lee County, Alabama",400,900,,,,"Tue, Nov 11, 2025, 4:40 PM CST",2025-11-11T16:40:00+00:00,"Wed, Nov 12, 2025, 6:10 AM CST",2025-11-12T06:10:00+00:00,"Tuesday night, Nov 11"
2025-11-13T17:00:03.735586+00:00,https://dashboard.birdcast.info/region/US-FL-031,US-FL-031,"Duval County, Florida",17200,8600,SSE,11,500,"Wed, Nov 12, 2025, 5:30 PM EST",2025-11-12T22:30:00+00:00,"Thu, Nov 13, 2025, 6:50 AM EST",2025-11-13T11:50:00+00:00,"Wednesday night, Nov 12"
2025-11-13T17:00:04.597639+00:00,https://dashboard.birdcast.info/region/US-CO-013,US-CO-013,"Boulder County, Colorado",1700,1000,,,,"Wed, Nov 12, 2025, 4:50 PM MST",2025-11-12T16:50:00+00:00,"Thu, Nov 13, 2025, 6:40 AM MST",2025-11-13T06:40:00+00:00,"Wednesday night, Nov 12"
2025-11-13T17:00:05.555259+00:00,https://dashboard.birdcast.info/region/US-NJ-013,US-NJ-013,"Essex County, New Jersey",2500,1000,SE,17,1800,"Wed, Nov 12, 2025, 4:40 PM EST",2025-11-12T21:40:00+00:00,"Thu, Nov 13, 2025, 6:40 AM EST",2025-11-13T11:40:00+00:00,"Wednesday night, Nov 12"
2025-11-13T17:00:06.466398+00:00,https://dashboard.birdcast.info/region/US-CA-013,US-CA-013,"Contra Costa County, California",200,6200,E,35,1100,"Wed, Nov 12, 2025, 5:00 PM PST",2025-11-12T17:00:00+00:00,"Thu, Nov 13, 2025, 6:40 AM PST",2025-11-13T06:40:00+00:00,"Wednesday night, Nov 12"
2025-11-13T17:00:07.521931+00:00,https://dashboard.birdcast.info/region/US-AL-081,US-AL-081,"Lee County, Alabama",143000,21600,SSE,20,1500,"Wed, Nov 12, 2025, 4:40 PM CST",2025-11-12T16:40:00+00:00,"Thu, Nov 13, 2025, 6:10 AM CST",2025-11-13T06:10:00+00:00,"Wednesday night, Nov 12"
2025-11-14T17:00:07.677610+00:00,https://dashboard.birdcast.info/region/US-FL-031,US-FL-031,"Duval County, Florida",1309000,229800,S,25,1500,"Thu, Nov 13, 2025, 5:30 PM EST",2025-11-13T22:30:00+00:00,"Fri, Nov 14, 2025, 6:50 AM EST",2025-11-14T11:50:00+00:00,"Thursday night, Nov 13"
2025-11-14T17:00:08.772842+00:00,https://dashboard.birdcast.info/region/US-CO-013,US-CO-013,"Boulder County, Colorado",1000,1200,,,,"Thu, Nov 13, 2025, 4:50 PM MST",2025-11-13T16:50:00+00:00,"Fri, Nov 14, 2025, 6:40 AM MST",2025-11-14T06:40:00+00:00,"Thursday night, Nov 13"
2025-11-14T17:00:09.899386+00:00,https://dashboard.birdcast.info/region/US-NJ-013,US-NJ-013,"Essex County, New Jersey",203100,24200,S,25,800,"Thu, Nov 13, 2025, 4:40 PM EST",2025-11-13T21:40:00+00:00,"Fri, Nov 14, 2025, 6:40 AM EST",2025-11-14T11:40:00+00:00,"Thursday night, Nov 13"
2025-11-14T17:00:11.148938+00:00,https://dashboard.birdcast.info/region/US-CA-013,US-CA-013,"Contra Costa County, California",800,6100,ESE,4,1700,"Thu, Nov 13, 2025, 5:00 PM PST",2025-11-13T17:00:00+00:00,"Fri, Nov 14, 2025, 6:50 AM PST",2025-11-14T06:50:00+00:00,"Thursday night, Nov 13"
2025-11-14T17:00:12.322852+00:00,https://dashboard.birdcast.info/region/US-AL-081,US-AL-081,"Lee County, Alabama",901600,131900,SSW,19,2200,"Thu, Nov 13, 2025, 4:40 PM CST",2025-11-13T16:40:00+00:00,"Fri, Nov 14, 2025, 6:10 AM CST",2025-11-14T06:10:00+00:00,"Thursday night, Nov 13"
2025-11-15T17:00:04.105348+00:00,https://dashboard.birdcast.info/region/US-FL-031,US-FL-031,"Duval County, Florida",,,,,,,,,,"Saturday night, Nov 15"
2025-11-15T17:00:04.884077+00:00,https://dashboard.birdcast.info/region/US-CO-013,US-CO-013,"Boulder County, Colorado",,,,,,,,,,"Saturday night, Nov 15"
2025-11-15T17:00:06.385296+00:00,https://dashboard.birdcast.info/region/US-NJ-013,US-NJ-013,"Essex County, New Jersey",,,,,,,,,,"Saturday night, Nov 15"
2025-11-15T17:00:07.210382+00:00,https://dashboard.birdcast.info/region/US-CA-013,US-CA-013,"Contra Costa County, California",,,,,,,,,,"Saturday night, Nov 15"
2025-11-15T17:00:08.136409+00:00,https://dashboard.birdcast.info/region/US-AL-081,US-AL-081,"Lee County, Alabama",,,,,,,,,,"Saturday night, Nov 15"
2025-11-16T17:00:04.503149+00:00,https://dashboard.birdcast.info/region/US-FL-031,US-FL-031,"Duval County, Florida",,,,,,,,,,"Sunday night, Nov 16"
2025-11-16T17:00:06.020275+00:00,https://dashboard.birdcast.info/region/US-CO-013,US-CO-013,"Boulder County, Colorado",,,,,,,,,,"Sunday night, Nov 16"
2025-11-16T17:00:07.027850+00:00,https://dashboard.birdcast.info/region/US-NJ-013,US-NJ-013,"Essex County, New Jersey",,,,,,,,,,"Sunday night, Nov 16"
2025-11-16T17:00:07.953909+00:00,https://dashboard.birdcast.info/region/US-CA-013,US-CA-013,"Contra Costa County, California",,,,,,,,,,"Sunday night, Nov 16"
2025-11-16T17:00:09.607305+00:00,https://dashboard.birdcast.info/region/US-AL-081,US-AL-081,"Lee County, Alabama",,,,,,,,,,"Sunday night, Nov 16"
2025-11-22T17:00:05.010708+00:00,https://dashboard.birdcast.info/region/US-FL-031,US-FL-031,"Duval County, Florida",,,,,,,,,,"Saturday night, Nov 22"
2025-11-22T17:00:05.812891+00:00,https://dashboard.birdcast.info/region/US-CO-013,US-CO-013,"Boulder County, Colorado",,,,,,,,,,"Saturday night, Nov 22"
2025-11-22T17:00:06.622645+00:00,https://dashboard.birdcast.info/region/US-NJ-013,US-NJ-013,"Essex County, New Jersey",,,,,,,,,,"Saturday night, Nov 22"
2025-11-22T17:00:07.408947+00:00,https://dashboard.birdcast.info/region/US-CA-013,US-CA-013,"Contra Costa County, California",,,,,,,,,,"Saturday night, Nov 22"
2025-11-22T17:00:08.227646+00:00,https://dashboard.birdcast.info/region/US-AL-081,US-AL-081,"Lee County, Alabama",,,,,,,,,,"Saturday night, Nov 22"
2025-11-23T17:00:03.522368+00:00,https://dashboard.birdcast.info/region/US-FL-031,US-FL-031,"Duval County, Florida",,,,,,,,,,"Sunday night, Nov 23"
2025-11-23T17:00:04.366836+00:00,https://dashboard.birdcast.info/region/US-CO-013,US-CO-013,"Boulder County, Colorado",,,,,,,,,,"Sunday night, Nov 23"
2025-11-23T17:00:05.233478+00:00,https://dashboard.birdcast.info/region/US-NJ-013,US-NJ-013,"Essex County, New Jersey",,,,,,,,,,"Sunday night, Nov 23"
2025-11-23T17:00:06.056214+00:00,https://dashboard.birdcast.info/region/US-CA-013,US-CA-013,"Contra Costa County, California",,,,,,,,,,"Sunday night, Nov 23"
2025-11-23T17:00:06.878916+00:00,https://dashboard.birdcast.info/region/US-AL-081,US-AL-081,"Lee County, Alabama",,,,,,,,,,"Sunday night, Nov 23"
2025-11-24T17:00:08.394500+00:00,https://dashboard.birdcast.info/region/US-FL-031,US-FL-031,"Duval County, Florida",,,,,,,,,,"Monday night, Nov 24"
2025-11-24T17:00:09.227141+00:00,https://dashboard.birdcast.info/region/US-CO-013,US-CO-013,"Boulder County, Colorado",,,,,,,,,,"Monday night, Nov 24"
2025-11-24T17:00:10.006107+00:00,https://dashboard.birdcast.info/region/US-NJ-013,US-NJ-013,"Essex County, New Jersey",,,,,,,,,,"Monday night, Nov 24"
2025-11-24T17:00:10.834224+00:00,https://dashboard.birdcast.info/region/US-CA-013,US-CA-013,"Contra Costa County, California",,,,,,,,,,"Monday night, Nov 24"
2025-11-24T17:00:11.702890+00:00,https://dashboard.birdcast.info/region/US-AL-081,US-AL-081,"Lee County, Alabama",,,,,,,,,,"Monday night, Nov 24"
2025-11-25T17:00:03.424413+00:00,https://dashboard.birdcast.info/region/US-FL-031,US-FL-031,"Duval County, Florida",,,,,,,,,,"Tuesday night, Nov 25"
2025-11-25T17:00:04.137702+00:00,https://dashboard.birdcast.info/region/US-CO-013,US-CO-013,"Boulder County, Colorado",,,,,,,,,,"Tuesday night, Nov 25"
2025-11-25T17:00:04.870832+00:00,https://dashboard.birdcast.info/region/US-NJ-013,US-NJ-013,"Essex County, New Jersey",,,,,,,,,,"Tuesday night, Nov 25"
2025-11-25T17:00:05.665625+00:00,https://dashboard.birdcast.info/region/US-CA-013,US-CA-013,"Contra Costa County, California",,,,,,,,,,"Tuesday night, Nov 25"
2025-11-25T17:00:06.454454+00:00,https://dashboard.birdcast.info/region/US-AL-081,US-AL-081,"Lee County, Alabama",,,,,,,,,,"Tuesday night, Nov 25"
2025-11-27T19:20:36.679919+00:00,https://dashboard.birdcast.info/region/US-FL-031,US-FL-031,"Duval County, Florida",,,,,,,,,,"Thursday night, Nov 27"
2025-11-27T19:20:37.760327+00:00,https://dashboard.birdcast.info/region/US-CO-013,US-CO-013,"Boulder County, Colorado",,,,,,,,,,"Thursday night, Nov 27"
2025-11-27T19:20:38.811067+00:00,https://dashboard.birdcast.info/region/US-NJ-013,US-NJ-013,"Essex County, New Jersey",,,,,,,,,,"Thursday night, Nov 27"
2025-11-27T19:20:39.936223+00:00,https://dashboard.birdcast.info/region/US-CA-013,US-CA-013,"Contra Costa County, California",,,,,,,,,,"Thursday night, Nov 27"
2025-11-27T19:20:41.059931+00:00,https://dashboard.birdcast.info/region/US-AL-081,US-AL-081,"Lee County, Alabama",,,,,,,,,,"Thursday night, Nov 27"
2025-11-28T22:50:09.192260+00:00,https://dashboard.birdcast.info/region/US-FL-031,US-FL-031,"Duval County, Florida",,,,,,,,,,"Friday night, Nov 28"
2025-11-28T22:50:15.272739+00:00,https://dashboard.birdcast.info/region/US-CO-013,US-CO-013,"Boulder County, Colorado",,,,,,,,,,"Friday night, Nov 28"
2025-11-28T22:50:16.685474+00:00,https://dashboard.birdcast.info/region/US-NJ-013,US-NJ-013,"Essex County, New Jersey",,,,,,,,,,"Friday night, Nov 28"
2025-11-28T22:50:18.121311+00:00,https://dashboard.birdcast.info/region/US-CA-013,US-CA-013,"Contra Costa County, California",,,,,,,,,,"Friday night, Nov 28"
2025-11-28T22:50:21.694451+00:00,https://dashboard.birdcast.info/region/US-AL-081,US-AL-081,"Lee County, Alabama",,,,,,,,,,"Friday night, Nov 28"
2025-11-30T17:00:03.409135+00:00,https://dashboard.birdcast.info/region/US-FL-031,US-FL-031,"Duval County, Florida",,,,,,,,,,"Sunday night, Nov 30"
2025-11-30T17:00:04.134865+00:00,https://dashboard.birdcast.info/region/US-CO-013,US-CO-013,"Boulder County, Colorado",,,,,,,,,,"Sunday night, Nov 30"
2025-11-30T17:00:05.019813+00:00,https://dashboard.birdcast.info/region/US-NJ-013,US-NJ-013,"Essex County, New Jersey",,,,,,,,,,"Sunday night, Nov 30"
2025-11-30T17:00:05.781919+00:00,https://dashboard.birdcast.info/region/US-CA-013,US-CA-013,"Contra Costa County, California",,,,,,,,,,"Sunday night, Nov 30"
2025-11-30T17:00:06.561849+00:00,https://dashboard.birdcast.info/region/US-AL-081,US-AL-081,"Lee County, Alabama",,,,,,,,,,"Sunday night, Nov 30"
2025-12-01T17:00:08.508604+00:00,https://dashboard.birdcast.info/region/US-FL-031,US-FL-031,"Duval County, Florida",,,,,,,,,,"Monday night, Dec 1"
2025-12-01T17:00:09.268195+00:00,https://dashboard.birdcast.info/region/US-CO-013,US-CO-013,"Boulder County, Colorado",,,,,,,,,,"Monday night, Dec 1"
2025-12-01T17:00:10.078396+00:00,https://dashboard.birdcast.info/region/US-NJ-013,US-NJ-013,"Essex County, New Jersey",,,,,,,,,,"Monday night, Dec 1"
2025-12-01T17:00:10.906846+00:00,https://dashboard.birdcast.info/region/US-CA-013,US-CA-013,"Contra Costa County, California",,,,,,,,,,"Monday night, Dec 1"
2025-12-01T17:00:11.751901+00:00,https://dashboard.birdcast.info/region/US-AL-081,US-AL-081,"Lee County, Alabama",,,,,,,,,,"Monday night, Dec 1"
2025-12-02T17:00:03.505536+00:00,https://dashboard.birdcast.info/region/US-FL-031,US-FL-031,"Duval County, Florida",,,,,,,,,,"Tuesday night, Dec 2"
2025-12-02T17:00:04.414952+00:00,https://dashboard.birdcast.info/region/US-CO-013,US-CO-013,"Boulder County, Colorado",,,,,,,,,,"Tuesday night, Dec 2"
2025-12-02T17:00:05.278100+00:00,https://dashboard.birdcast.info/region/US-NJ-013,US-NJ-013,"Essex County, New Jersey",,,,,,,,,,"Tuesday night, Dec 2"
2025-12-02T17:00:06.057238+00:00,https://dashboard.birdcast.info/region/US-CA-013,US-CA-013,"Contra Costa County, California",,,,,,,,,,"Tuesday night, Dec 2"
2025-12-02T17:00:06.834523+00:00,https://dashboard.birdcast.info/region/US-AL-081,US-AL-081,"Lee County, Alabama",,,,,,,,,,"Tuesday night, Dec 2"
2025-12-03T17:00:03.389038+00:00,https://dashboard.birdcast.info/region/US-FL-031,US-FL-031,"Duval County, Florida",,,,,,,,,,"Wednesday night, Dec 3"
2025-12-03T17:00:04.191850+00:00,https://dashboard.birdcast.info/region/US-CO-013,US-CO-013,"Boulder County, Colorado",,,,,,,,,,"Wednesday night, Dec 3"
2025-12-03T17:00:05.002106+00:00,https://dashboard.birdcast.info/region/US-NJ-013,US-NJ-013,"Essex County, New Jersey",,,,,,,,,,"Wednesday night, Dec 3"
2025-12-03T17:00:05.829426+00:00,https://dashboard.birdcast.info/region/US-CA-013,US-CA-013,"Contra Costa County, California",,,,,,,,,,"Wednesday night, Dec 3"
2025-12-03T17:00:06.629825+00:00,https://dashboard.birdcast.info/region/US-AL-081,US-AL-081,"Lee County, Alabama",,,,,,,,,,"Wednesday night, Dec 3"
2025-12-04T17:00:03.312587+00:00,https://dashboard.birdcast.info/region/US-FL-031,US-FL-031,"Duval County, Florida",,,,,,,,,,"Thursday night, Dec 4"
2025-12-04T17:00:04.094762+00:00,https://dashboard.birdcast.info/region/US-CO-013,US-CO-013,"Boulder County, Colorado",,,,,,,,,,"Thursday night, Dec 4"
2025-12-04T17:00:04.935421+00:00,https://dashboard.birdcast.info/region/US-NJ-013,US-NJ-013,"Essex County, New Jersey",,,,,,,,,,"Thursday night, Dec 4"
2025-12-04T17:00:05.753306+00:00,https://dashboard.birdcast.info/region/US-CA-013,US-CA-013,"Contra Costa County, California",,,,,,,,,,"Thursday night, Dec 4"
2025-12-04T17:00:06.581278+00:00,https://dashboard.birdcast.info/region/US-AL-081,US-AL-081,"Lee County, Alabama",,,,,,,,,,"Thursday night, Dec 4"
2025-12-05T17:00:03.805593+00:00,https://dashboard.birdcast.info/region/US-FL-031,US-FL-031,"Duval County, Florida",,,,,,,,,,"Friday night, Dec 5"
2025-12-05T17:00:04.598172+00:00,https://dashboard.birdcast.info/region/US-CO-013,US-CO-013,"Boulder County, Colorado",,,,,,,,,,"Friday night, Dec 5"
2025-12-05T17:00:05.417538+00:00,https://dashboard.birdcast.info/region/US-NJ-013,US-NJ-013,"Essex County, New Jersey",,,,,,,,,,"Friday night, Dec 5"
2025-12-05T17:00:06.264406+00:00,https://dashboard.birdcast.info/region/US-CA-013,US-CA-013,"Contra Costa County, California",,,,,,,,,,"Friday night, Dec 5"
2025-12-05T17:00:07.058946+00:00,https://dashboard.birdcast.info/region/US-AL-081,US-AL-081,"Lee County, Alabama",,,,,,,,,,"Friday night, Dec 5"
2025-12-06T17:00:03.782554+00:00,https://dashboard.birdcast.info/region/US-FL-031,US-FL-031,"Duval County, Florida",,,,,,,,,,"Saturday night, Dec 6"
2025-12-06T17:00:04.596284+00:00,https://dashboard.birdcast.info/region/US-CO-013,US-CO-013,"Boulder County, Colorado",,,,,,,,,,"Saturday night, Dec 6"
2025-12-06T17:00:05.461774+00:00,https://dashboard.birdcast.info/region/US-NJ-013,US-NJ-013,"Essex County, New Jersey",,,,,,,,,,"Saturday night, Dec 6"
2025-12-06T17:00:06.353586+00:00,https://dashboard.birdcast.info/region/US-CA-013,US-CA-013,"Contra Costa County, California",,,,,,,,,,"Saturday night, Dec 6"
2025-12-06T17:00:07.192586+00:00,https://dashboard.birdcast.info/region/US-AL-081,US-AL-081,"Lee County, Alabama",,,,,,,,,,"Saturday night, Dec 6"
2025-12-07T17:00:03.655493+00:00,https://dashboard.birdcast.info/region/US-FL-031,US-FL-031,"Duval County, Florida",,,,,,,,,,"Sunday night, Dec 7"
2025-12-07T17:00:04.444738+00:00,https://dashboard.birdcast.info/region/US-CO-013,US-CO-013,"Boulder County, Colorado",,,,,,,,,,"Sunday night, Dec 7"
2025-12-07T17:00:05.281700+00:00,https://dashboard.birdcast.info/region/US-NJ-013,US-NJ-013,"Essex County, New Jersey",,,,,,,,,,"Sunday night, Dec 7"
2025-12-07T17:00:06.082748+00:00,https://dashboard.birdcast.info/region/US-CA-013,US-CA-013,"Contra Costa County, California",,,,,,,,,,"Sunday night, Dec 7"
2025-12-07T17:00:06.858211+00:00,https://dashboard.birdcast.info/region/US-AL-081,US-AL-081,"Lee County, Alabama",,,,,,,,,,"Sunday night, Dec 7"
2025-12-08T17:00:09.337156+00:00,https://dashboard.birdcast.info/region/US-FL-031,US-FL-031,"Duval County, Florida",,,,,,,,,,"Monday night, Dec 8"
2025-12-08T17:00:10.381368+00:00,https://dashboard.birdcast.info/region/US-CO-013,US-CO-013,"Boulder County, Colorado",,,,,,,,,,"Monday night, Dec 8"
2025-12-08T17:00:11.398397+00:00,https://dashboard.birdcast.info/region/US-NJ-013,US-NJ-013,"Essex County, New Jersey",,,,,,,,,,"Monday night, Dec 8"
2025-12-08T17:00:12.280330+00:00,https://dashboard.birdcast.info/region/US-CA-013,US-CA-013,"Contra Costa County, California",,,,,,,,,,"Monday night, Dec 8"
2025-12-08T17:00:13.150138+00:00,https://dashboard.birdcast.info/region/US-AL-081,US-AL-081,"Lee County, Alabama",,,,,,,,,,"Monday night, Dec 8"
2025-12-09T17:00:03.299065+00:00,https://dashboard.birdcast.info/region/US-FL-031,US-FL-031,"Duval County, Florida",,,,,,,,,,"Tuesday night, Dec 9"
2025-12-09T17:00:04.052611+00:00,https://dashboard.birdcast.info/region/US-CO-013,US-CO-013,"Boulder County, Colorado",,,,,,,,,,"Tuesday night, Dec 9"
2025-12-09T17:00:04.826361+00:00,https://dashboard.birdcast.info/region/US-NJ-013,US-NJ-013,"Essex County, New Jersey",,,,,,,,,,"Tuesday night, Dec 9"
2025-12-09T17:00:05.526391+00:00,https://dashboard.birdcast.info/region/US-CA-013,US-CA-013,"Contra Costa County, California",,,,,,,,,,"Tuesday night, Dec 9"
2025-12-09T17:00:06.321684+00:00,https://dashboard.birdcast.info/region/US-AL-081,US-AL-081,"Lee County, Alabama",,,,,,,,,,"Tuesday night, Dec 9"
2025-12-10T17:00:03.485324+00:00,https://dashboard.birdcast.info/region/US-FL-031,US-FL-031,"Duval County, Florida",,,,,,,,,,"Wednesday night, Dec 10"
2025-12-10T17:00:04.356247+00:00,https://dashboard.birdcast.info/region/US-CO-013,US-CO-013,"Boulder County, Colorado",,,,,,,,,,"Wednesday night, Dec 10"
2025-12-10T17:00:05.255906+00:00,https://dashboard.birdcast.info/region/US-NJ-013,US-NJ-013,"Essex County, New Jersey",,,,,,,,,,"Wednesday night, Dec 10"
2025-12-10T17:00:06.091100+00:00,https://dashboard.birdcast.info/region/US-CA-013,US-CA-013,"Contra Costa County, California",,,,,,,,,,"Wednesday night, Dec 10"
2025-12-10T17:00:07.018910+00:00,https://dashboard.birdcast.info/region/US-AL-081,US-AL-081,"Lee County, Alabama",,,,,,,,,,"Wednesday night, Dec 10"
2025-12-11T17:00:03.595031+00:00,https://dashboard.birdcast.info/region/US-FL-031,US-FL-031,"Duval County, Florida",,,,,,,,,,"Thursday night, Dec 11"
2025-12-11T17:00:04.475171+00:00,https://dashboard.birdcast.info/region/US-CO-013,US-CO-013,"Boulder County, Colorado",,,,,,,,,,"Thursday night, Dec 11"
2025-12-11T17:00:05.438042+00:00,https://dashboard.birdcast.info/region/US-NJ-013,US-NJ-013,"Essex County, New Jersey",,,,,,,,,,"Thursday night, Dec 11"
2025-12-11T17:00:06.324949+00:00,https://dashboard.birdcast.info/region/US-CA-013,US-CA-013,"Contra Costa County, California",,,,,,,,,,"Thursday night, Dec 11"
2025-12-11T17:00:07.184845+00:00,https://dashboard.birdcast.info/region/US-AL-081,US-AL-081,"Lee County, Alabama",,,,,,,,,,"Thursday night, Dec 11"
2025-12-12T17:00:03.710389+00:00,https://dashboard.birdcast.info/region/US-FL-031,US-FL-031,"Duval County, Florida",,,,,,,,,,"Friday night, Dec 12"
2025-12-12T17:00:04.533253+00:00,https://dashboard.birdcast.info/region/US-CO-013,US-CO-013,"Boulder County, Colorado",,,,,,,,,,"Friday night, Dec 12"
2025-12-12T17:00:05.323027+00:00,https://dashboard.birdcast.info/region/US-NJ-013,US-NJ-013,"Essex County, New Jersey",,,,,,,,,,"Friday night, Dec 12"
2025-12-12T17:00:06.163365+00:00,https://dashboard.birdcast.info/region/US-CA-013,US-CA-013,"Contra Costa County, California",,,,,,,,,,"Friday night, Dec 12"
2025-12-12T17:00:07.039066+00:00,https://dashboard.birdcast.info/region/US-AL-081,US-AL-081,"Lee County, Alabama",,,,,,,,,,"Friday night, Dec 12"
2025-12-13T17:00:03.818387+00:00,https://dashboard.birdcast.info/region/US-FL-031,US-FL-031,"Duval County, Florida",,,,,,,,,,"Saturday night, Dec 13"
2025-12-13T17:00:04.626953+00:00,https://dashboard.birdcast.info/region/US-CO-013,US-CO-013,"Boulder County, Colorado",,,,,,,,,,"Saturday night, Dec 13"
2025-12-13T17:00:05.413594+00:00,https://dashboard.birdcast.info/region/US-NJ-013,US-NJ-013,"Essex County, New Jersey",,,,,,,,,,"Saturday night, Dec 13"
2025-12-13T17:00:06.227944+00:00,https://dashboard.birdcast.info/region/US-CA-013,US-CA-013,"Contra Costa County, California",,,,,,,,,,"Saturday night, Dec 13"
2025-12-13T17:00:07.040315+00:00,https://dashboard.birdcast.info/region/US-AL-081,US-AL-081,"Lee County, Alabama",,,,,,,,,,"Saturday night, Dec 13"
2025-12-14T17:10:36.727779+00:00,https://dashboard.birdcast.info/region/US-FL-031,US-FL-031,"Duval County, Florida",,,,,,,,,,"Sunday night, Dec 14"
2025-12-14T17:10:37.924436+00:00,https://dashboard.birdcast.info/region/US-CO-013,US-CO-013,"Boulder County, Colorado",,,,,,,,,,"Sunday night, Dec 14"
2025-12-14T17:10:38.829709+00:00,https://dashboard.birdcast.info/region/US-NJ-013,US-NJ-013,"Essex County, New Jersey",,,,,,,,,,"Sunday night, Dec 14"
2025-12-14T17:10:39.588626+00:00,https://dashboard.birdcast.info/region/US-CA-013,US-CA-013,"Contra Costa County, California",,,,,,,,,,"Sunday night, Dec 14"
2025-12-14T17:10:40.261420+00:00,https://dashboard.birdcast.info/region/US-AL-081,US-AL-081,"Lee County, Alabama",,,,,,,,,,"Sunday night, Dec 14"
2025-12-15T17:00:07.982187+00:00,https://dashboard.birdcast.info/region/US-FL-031,US-FL-031,"Duval County, Florida",,,,,,,,,,"Monday night, Dec 15"
2025-12-15T17:00:08.798454+00:00,https://dashboard.birdcast.info/region/US-CO-013,US-CO-013,"Boulder County, Colorado",,,,,,,,,,"Monday night, Dec 15"
2025-12-15T17:00:09.618658+00:00,https://dashboard.birdcast.info/region/US-NJ-013,US-NJ-013,"Essex County, New Jersey",,,,,,,,,,"Monday night, Dec 15"
2025-12-15T17:00:10.430886+00:00,https://dashboard.birdcast.info/region/US-CA-013,US-CA-013,"Contra Costa County, California",,,,,,,,,,"Monday night, Dec 15"
2025-12-15T17:00:11.219798+00:00,https://dashboard.birdcast.info/region/US-AL-081,US-AL-081,"Lee County, Alabama",,,,,,,,,,"Monday night, Dec 15"
2025-12-16T17:00:03.832957+00:00,https://dashboard.birdcast.info/region/US-FL-031,US-FL-031,"Duval County, Florida",,,,,,,,,,"Tuesday night, Dec 16"
2025-12-16T17:00:04.562529+00:00,https://dashboard.birdcast.info/region/US-CO-013,US-CO-013,"Boulder County, Colorado",,,,,,,,,,"Tuesday night, Dec 16"
2025-12-16T17:00:05.349386+00:00,https://dashboard.birdcast.info/region/US-NJ-013,US-NJ-013,"Essex County, New Jersey",,,,,,,,,,"Tuesday night, Dec 16"
2025-12-16T17:00:06.129384+00:00,https://dashboard.birdcast.info/region/US-CA-013,US-CA-013,"Contra Costa County, California",,,,,,,,,,"Tuesday night, Dec 16"
2025-12-16T17:00:06.847291+00:00,https://dashboard.birdcast.info/region/US-AL-081,US-AL-081,"Lee County, Alabama",,,,,,,,,,"Tuesday night, Dec 16"
2025-12-17T17:00:10.268556+00:00,https://dashboard.birdcast.info/region/US-FL-031,US-FL-031,"Duval County, Florida",,,,,,,,,,"Wednesday night, Dec 17"
2025-12-17T17:00:11.091261+00:00,https://dashboard.birdcast.info/region/US-CO-013,US-CO-013,"Boulder County, Colorado",,,,,,,,,,"Wednesday night, Dec 17"
2025-12-17T17:00:11.880328+00:00,https://dashboard.birdcast.info/region/US-NJ-013,US-NJ-013,"Essex County, New Jersey",,,,,,,,,,"Wednesday night, Dec 17"
2025-12-17T17:00:12.766254+00:00,https://dashboard.birdcast.info/region/US-CA-013,US-CA-013,"Contra Costa County, California",,,,,,,,,,"Wednesday night, Dec 17"
2025-12-17T17:00:13.604755+00:00,https://dashboard.birdcast.info/region/US-AL-081,US-AL-081,"Lee County, Alabama",,,,,,,,,,"Wednesday night, Dec 17"
2025-12-18T17:00:03.119467+00:00,https://dashboard.birdcast.info/region/US-FL-031,US-FL-031,"Duval County, Florida",,,,,,,,,,"Thursday night, Dec 18"
2025-12-18T17:00:03.891600+00:00,https://dashboard.birdcast.info/region/US-CO-013,US-CO-013,"Boulder County, Colorado",,,,,,,,,,"Thursday night, Dec 18"
2025-12-18T17:00:04.713344+00:00,https://dashboard.birdcast.info/region/US-NJ-013,US-NJ-013,"Essex County, New Jersey",,,,,,,,,,"Thursday night, Dec 18"
2025-12-18T17:00:05.559561+00:00,https://dashboard.birdcast.info/region/US-CA-013,US-CA-013,"Contra Costa County, California",,,,,,,,,,"Thursday night, Dec 18"
2025-12-18T17:00:06.292494+00:00,https://dashboard.birdcast.info/region/US-AL-081,US-AL-081,"Lee County, Alabama",,,,,,,,,,"Thursday night, Dec 18"
2025-12-19T17:00:04.140109+00:00,https://dashboard.birdcast.info/region/US-FL-031,US-FL-031,"Duval County, Florida",,,,,,,,,,"Friday night, Dec 19"
2025-12-19T17:00:04.930586+00:00,https://dashboard.birdcast.info/region/US-CO-013,US-CO-013,"Boulder County, Colorado",,,,,,,,,,"Friday night, Dec 19"
2025-12-19T17:00:05.772664+00:00,https://dashboard.birdcast.info/region/US-NJ-013,US-NJ-013,"Essex County, New Jersey",,,,,,,,,,"Friday night, Dec 19"
2025-12-19T17:00:06.560005+00:00,https://dashboard.birdcast.info/region/US-CA-013,US-CA-013,"Contra Costa County, California",,,,,,,,,,"Friday night, Dec 19"
2025-12-19T17:00:07.361702+00:00,https://dashboard.birdcast.info/region/US-AL-081,US-AL-081,"Lee County, Alabama",,,,,,,,,,"Friday night, Dec 19"
2025-12-20T17:00:03.982366+00:00,https://dashboard.birdcast.info/region/US-FL-031,US-FL-031,"Duval County, Florida",,,,,,,,,,"Saturday night, Dec 20"
2025-12-20T17:00:04.872452+00:00,https://dashboard.birdcast.info/region/US-CO-013,US-CO-013,"Boulder County, Colorado",,,,,,,,,,"Saturday night, Dec 20"
2025-12-20T17:00:05.741768+00:00,https://dashboard.birdcast.info/region/US-NJ-013,US-NJ-013,"Essex County, New Jersey",,,,,,,,,,"Saturday night, Dec 20"
2025-12-20T17:00:06.585587+00:00,https://dashboard.birdcast.info/region/US-CA-013,US-CA-013,"Contra Costa County, California",,,,,,,,,,"Saturday night, Dec 20"
2025-12-20T17:00:07.468036+00:00,https://dashboard.birdcast.info/region/US-AL-081,US-AL-081,"Lee County, Alabama",,,,,,,,,,"Saturday night, Dec 20"
2025-12-21T17:32:24.884883+00:00,https://dashboard.birdcast.info/region/US-FL-031,US-FL-031,"Duval County, Florida",,,,,,,,,,"Sunday night, Dec 21"
2025-12-21T17:32:25.899643+00:00,https://dashboard.birdcast.info/region/US-CO-013,US-CO-013,"Boulder County, Colorado",,,,,,,,,,"Sunday night, Dec 21"
2025-12-21T17:32:26.952202+00:00,https://dashboard.birdcast.info/region/US-NJ-013,US-NJ-013,"Essex County, New Jersey",,,,,,,,,,"Sunday night, Dec 21"
2025-12-21T17:32:28.005015+00:00,https://dashboard.birdcast.info/region/US-CA-013,US-CA-013,"Contra Costa County, California",,,,,,,,,,"Sunday night, Dec 21"
2025-12-21T17:32:29.053155+00:00,https://dashboard.birdcast.info/region/US-AL-081,US-AL-081,"Lee County, Alabama",,,,,,,,,,"Sunday night, Dec 21"
2025-12-22T19:15:25.130001+00:00,https://dashboard.birdcast.info/region/US-FL-031,US-FL-031,"Duval County, Florida",,,,,,,,,,"Monday night, Dec 22"
2025-12-22T19:15:26.175857+00:00,https://dashboard.birdcast.info/region/US-CO-013,US-CO-013,"Boulder County, Colorado",,,,,,,,,,"Monday night, Dec 22"
2025-12-22T19:15:27.219392+00:00,https://dashboard.birdcast.info/region/US-NJ-013,US-NJ-013,"Essex County, New Jersey",,,,,,,,,,"Monday night, Dec 22"
2025-12-22T19:15:28.223829+00:00,https://dashboard.birdcast.info/region/US-CA-013,US-CA-013,"Contra Costa County, California",,,,,,,,,,"Monday night, Dec 22"
2025-12-22T19:15:29.165311+00:00,https://dashboard.birdcast.info/region/US-AL-081,US-AL-081,"Lee County, Alabama",,,,,,,,,,"Monday night, Dec 22"
2025-12-23T19:00:04.242380+00:00,https://dashboard.birdcast.info/region/US-FL-031,US-FL-031,"Duval County, Florida",,,,,,,,,,"Tuesday night, Dec 23"
2025-12-23T19:00:05.206125+00:00,https://dashboard.birdcast.info/region/US-CO-013,US-CO-013,"Boulder County, Colorado",,,,,,,,,,"Tuesday night, Dec 23"
2025-12-23T19:00:06.196593+00:00,https://dashboard.birdcast.info/region/US-NJ-013,US-NJ-013,"Essex County, New Jersey",,,,,,,,,,"Tuesday night, Dec 23"
2025-12-23T19:00:07.183140+00:00,https://dashboard.birdcast.info/region/US-CA-013,US-CA-013,"Contra Costa County, California",,,,,,,,,,"Tuesday night, Dec 23"
2025-12-23T19:00:08.097581+00:00,https://dashboard.birdcast.info/region/US-AL-081,US-AL-081,"Lee County, Alabama",,,,,,,,,,"Tuesday night, Dec 23"
2025-12-24T19:40:47.430673+00:00,https://dashboard.birdcast.info/region/US-FL-031,US-FL-031,"Duval County, Florida",,,,,,,,,,"Wednesday night, Dec 24"
2025-12-24T19:40:48.508709+00:00,https://dashboard.birdcast.info/region/US-CO-013,US-CO-013,"Boulder County, Colorado",,,,,,,,,,"Wednesday night, Dec 24"
2025-12-24T19:40:49.528427+00:00,https://dashboard.birdcast.info/region/US-NJ-013,US-NJ-013,"Essex County, New Jersey",,,,,,,,,,"Wednesday night, Dec 24"
2025-12-24T19:40:50.565623+00:00,https://dashboard.birdcast.info/region/US-CA-013,US-CA-013,"Contra Costa County, California",,,,,,,,,,"Wednesday night, Dec 24"
2025-12-24T19:40:51.627835+00:00,https://dashboard.birdcast.info/region/US-AL-081,US-AL-081,"Lee County, Alabama",,,,,,,,,,"Wednesday night, Dec 24"
2025-12-25T19:00:02.843858+00:00,https://dashboard.birdcast.info/region/US-FL-031,US-FL-031,"Duval County, Florida",,,,,,,,,,"Thursday night, Dec 25"
2025-12-25T19:00:03.830286+00:00,https://dashboard.birdcast.info/region/US-CO-013,US-CO-013,"Boulder County, Colorado",,,,,,,,,,"Thursday night, Dec 25"
2025-12-25T19:00:04.747968+00:00,https://dashboard.birdcast.info/region/US-NJ-013,US-NJ-013,"Essex County, New Jersey",,,,,,,,,,"Thursday night, Dec 25"
2025-12-25T19:00:05.683722+00:00,https://dashboard.birdcast.info/region/US-CA-013,US-CA-013,"Contra Costa County, California",,,,,,,,,,"Thursday night, Dec 25"
2025-12-25T19:00:06.622217+00:00,https://dashboard.birdcast.info/region/US-AL-081,US-AL-081,"Lee County, Alabama",,,,,,,,,,"Thursday night, Dec 25"
2025-12-26T19:00:08.385856+00:00,https://dashboard.birdcast.info/region/US-FL-031,US-FL-031,"Duval County, Florida",,,,,,,,,,"Friday night, Dec 26"
2025-12-26T19:00:09.212149+00:00,https://dashboard.birdcast.info/region/US-CO-013,US-CO-013,"Boulder County, Colorado",,,,,,,,,,"Friday night, Dec 26"
2025-12-26T19:00:10.053315+00:00,https://dashboard.birdcast.info/region/US-NJ-013,US-NJ-013,"Essex County, New Jersey",,,,,,,,,,"Friday night, Dec 26"
2025-12-26T19:00:10.866011+00:00,https://dashboard.birdcast.info/region/US-CA-013,US-CA-013,"Contra Costa County, California",,,,,,,,,,"Friday night, Dec 26"
2025-12-26T19:00:11.701864+00:00,https://dashboard.birdcast.info/region/US-AL-081,US-AL-081,"Lee County, Alabama",,,,,,,,,,"Friday night, Dec 26"
2025-12-28T17:03:06.375639+00:00,https://dashboard.birdcast.info/region/US-FL-031,US-FL-031,"Duval County, Florida",,,,,,,,,,"Sunday night, Dec 28"
2025-12-28T17:03:07.896341+00:00,https://dashboard.birdcast.info/region/US-CO-013,US-CO-013,"Boulder County, Colorado",,,,,,,,,,"Sunday night, Dec 28"
2025-12-28T17:03:09.021576+00:00,https://dashboard.birdcast.info/region/US-NJ-013,US-NJ-013,"Essex County, New Jersey",,,,,,,,,,"Sunday night, Dec 28"
2025-12-28T17:03:10.214416+00:00,https://dashboard.birdcast.info/region/US-CA-013,US-CA-013,"Contra Costa County, California",,,,,,,,,,"Sunday night, Dec 28"
2025-12-28T17:03:11.311103+00:00,https://dashboard.birdcast.info/region/US-AL-081,US-AL-081,"Lee County, Alabama",,,,,,,,,,"Sunday night, Dec 28"
2025-12-29T17:00:07.013866+00:00,https://dashboard.birdcast.info/region/US-FL-031,US-FL-031,"Duval County, Florida",,,,,,,,,,"Monday night, Dec 29"
2025-12-29T17:00:07.914110+00:00,https://dashboard.birdcast.info/region/US-CO-013,US-CO-013,"Boulder County, Colorado",,,,,,,,,,"Monday night, Dec 29"
2025-12-29T17:00:08.804818+00:00,https://dashboard.birdcast.info/region/US-NJ-013,US-NJ-013,"Essex County, New Jersey",,,,,,,,,,"Monday night, Dec 29"
2025-12-29T17:00:09.798411+00:00,https://dashboard.birdcast.info/region/US-CA-013,US-CA-013,"Contra Costa County, California",,,,,,,,,,"Monday night, Dec 29"
2025-12-29T17:00:10.683364+00:00,https://dashboard.birdcast.info/region/US-AL-081,US-AL-081,"Lee County, Alabama",,,,,,,,,,"Monday night, Dec 29"
2025-12-30T17:00:03.580583+00:00,https://dashboard.birdcast.info/region/US-FL-031,US-FL-031,"Duval County, Florida",,,,,,,,,,"Tuesday night, Dec 30"
2025-12-30T17:00:04.479417+00:00,https://dashboard.birdcast.info/region/US-CO-013,US-CO-013,"Boulder County, Colorado",,,,,,,,,,"Tuesday night, Dec 30"
2025-12-30T17:00:05.353204+00:00,https://dashboard.birdcast.info/region/US-NJ-013,US-NJ-013,"Essex County, New Jersey",,,,,,,,,,"Tuesday night, Dec 30"
2025-12-30T17:00:06.257405+00:00,https://dashboard.birdcast.info/region/US-CA-013,US-CA-013,"Contra Costa County, California",,,,,,,,,,"Tuesday night, Dec 30"
2025-12-30T17:00:07.116318+00:00,https://dashboard.birdcast.info/region/US-AL-081,US-AL-081,"Lee County, Alabama",,,,,,,,,,"Tuesday night, Dec 30"
2026-02-22T13:50:11.863600+00:00,https://dashboard.birdcast.info/region/US-FL-031,US-FL-031,"Duval County, Florida",,,,,,,,,,"Sunday night, Feb 22"
2026-02-22T13:50:12.490170+00:00,https://dashboard.birdcast.info/region/US-CO-013,US-CO-013,"Boulder County, Colorado",,,,,,,,,,"Sunday night, Feb 22"
2026-02-22T13:50:13.105423+00:00,https://dashboard.birdcast.info/region/US-NJ-013,US-NJ-013,"Essex County, New Jersey",,,,,,,,,,"Sunday night, Feb 22"
2026-02-22T13:50:13.722625+00:00,https://dashboard.birdcast.info/region/US-CA-013,US-CA-013,"Contra Costa County, California",,,,,,,,,,"Sunday night, Feb 22"
2026-02-22T13:50:14.333624+00:00,https://dashboard.birdcast.info/region/US-AL-081,US-AL-081,"Lee County, Alabama",,,,,,,,,,"Sunday night, Feb 22"
2026-02-23T11:47:07.653569+00:00,https://dashboard.birdcast.info/region/US-FL-031,US-FL-031,"Duval County, Florida",,,,,,,,,,"Monday night, Feb 23"
2026-02-23T11:47:08.447162+00:00,https://dashboard.birdcast.info/region/US-CO-013,US-CO-013,"Boulder County, Colorado",,,,,,,,,,"Monday night, Feb 23"
2026-02-23T11:47:09.248401+00:00,https://dashboard.birdcast.info/region/US-NJ-013,US-NJ-013,"Essex County, New Jersey",,,,,,,,,,"Monday night, Feb 23"
2026-02-23T11:47:10.037891+00:00,https://dashboard.birdcast.info/region/US-CA-013,US-CA-013,"Contra Costa County, California",,,,,,,,,,"Monday night, Feb 23"
2026-02-23T11:47:10.825732+00:00,https://dashboard.birdcast.info/region/US-AL-081,US-AL-081,"Lee County, Alabama",,,,,,,,,,"Monday night, Feb 23"
2026-02-24T11:47:34.443812+00:00,https://dashboard.birdcast.info/region/US-FL-031,US-FL-031,"Skip to content     Menu  Close  Main menu   
						About
					 
						BirdCast Home
					 Migration Dashboard  Duval County, Florida",,,,,,,,,,"Tuesday night, Feb 24"
2026-02-24T11:47:35.116391+00:00,https://dashboard.birdcast.info/region/US-CO-013,US-CO-013,"Skip to content     Menu  Close  Main menu   
						About
					 
						BirdCast Home
					 Migration Dashboard  Boulder County, Colorado",,,,,,,,,,"Tuesday night, Feb 24"
2026-02-24T11:47:35.795471+00:00,https://dashboard.birdcast.info/region/US-NJ-013,US-NJ-013,"Skip to content     Menu  Close  Main menu   
						About
					 
						BirdCast Home
					 Migration Dashboard  Essex County, New Jersey",,,,,,,,,,"Tuesday night, Feb 24"
2026-02-24T11:47:36.436705+00:00,https://dashboard.birdcast.info/region/US-CA-013,US-CA-013,"Skip to content     Menu  Close  Main menu   
						About
					 
						BirdCast Home
					 Migration Dashboard  Contra Costa County, California",,,,,,,,,,"Tuesday night, Feb 24"
2026-02-24T11:47:37.080317+00:00,https://dashboard.birdcast.info/region/US-AL-081,US-AL-081,"Skip to content     Menu  Close  Main menu   
						About
					 
						BirdCast Home
					 Migration Dashboard  Lee County, Alabama",,,,,,,,,,"Tuesday night, Feb 24"
2026-02-24T12:03:48.981005+00:00,https://dashboard.birdcast.info/region/US-FL-031,US-FL-031,"Skip to content     Menu  Close  Main menu   
						About
					 
						BirdCast Home
					 Migration Dashboard  Duval County, Florida",,,,,,,,,,"Tuesday night, Feb 24"
2026-02-24T12:03:49.900106+00:00,https://dashboard.birdcast.info/region/US-CO-013,US-CO-013,"Skip to content     Menu  Close  Main menu   
						About
					 
						BirdCast Home
					 Migration Dashboard  Boulder County, Colorado",,,,,,,,,,"Tuesday night, Feb 24"
2026-02-24T12:03:50.763142+00:00,https://dashboard.birdcast.info/region/US-NJ-013,US-NJ-013,"Skip to content     Menu  Close  Main menu   
						About
					 
						BirdCast Home
					 Migration Dashboard  Essex County, New Jersey",,,,,,,,,,"Tuesday night, Feb 24"
2026-02-24T12:03:51.602070+00:00,https://dashboard.birdcast.info/region/US-CA-013,US-CA-013,"Skip to content     Menu  Close  Main menu   
						About
					 
						BirdCast Home
					 Migration Dashboard  Contra Costa County, California",,,,,,,,,,"Tuesday night, Feb 24"
2026-02-24T12:03:52.438654+00:00,https://dashboard.birdcast.info/region/US-AL-081,US-AL-081,"Skip to content     Menu  Close  Main menu   
						About
					 
						BirdCast Home
					 Migration Dashboard  Lee County, Alabama",,,,,,,,,,"Tuesday night, Feb 24"
2026-02-24T18:04:11.649869+00:00,https://dashboard.birdcast.info/region/US-FL-031,US-FL-031,"Skip to content     Menu  Close  Main menu   
						About
					 
						BirdCast Home
					 Migration Dashboard  Duval County, Florida",,,,,,,,,,"Tuesday night, Feb 24"
2026-02-24T18:04:12.534318+00:00,https://dashboard.birdcast.info/region/US-CO-013,US-CO-013,"Skip to content     Menu  Close  Main menu   
						About
					 
						BirdCast Home
					 Migration Dashboard  Boulder County, Colorado",,,,,,,,,,"Tuesday night, Feb 24"
2026-02-24T18:04:13.391250+00:00,https://dashboard.birdcast.info/region/US-NJ-013,US-NJ-013,"Skip to content     Menu  Close  Main menu   
						About
					 
						BirdCast Home
					 Migration Dashboard  Essex County, New Jersey",,,,,,,,,,"Tuesday night, Feb 24"
2026-02-24T18:04:14.248408+00:00,https://dashboard.birdcast.info/region/US-CA-013,US-CA-013,"Skip to content     Menu  Close  Main menu   
						About
					 
						BirdCast Home
					 Migration Dashboard  Contra Costa County, California",,,,,,,,,,"Tuesday night, Feb 24"
2026-02-24T18:04:15.049288+00:00,https://dashboard.birdcast.info/region/US-AL-081,US-AL-081,"Skip to content     Menu  Close  Main menu   
						About
					 
						BirdCast Home
					 Migration Dashboard  Lee County, Alabama",,,,,,,,,,"Tuesday night, Feb 24"
2026-02-24T18:29:02.560260+00:00,https://dashboard.birdcast.info/region/US-FL-031,US-FL-031,"Skip to content     Menu  Close  Main menu   
						About
					 
						BirdCast Home
					 Migration Dashboard  Duval County, Florida",,,,,,,,,,"Tuesday night, Feb 24"
2026-02-24T18:29:03.238658+00:00,https://dashboard.birdcast.info/region/US-CO-013,US-CO-013,"Skip to content     Menu  Close  Main menu   
						About
					 
						BirdCast Home
					 Migration Dashboard  Boulder County, Colorado",,,,,,,,,,"Tuesday night, Feb 24"
2026-02-24T18:29:03.909338+00:00,https://dashboard.birdcast.info/region/US-NJ-013,US-NJ-013,"Skip to content     Menu  Close  Main menu   
						About
					 
						BirdCast Home
					 Migration Dashboard  Essex County, New Jersey",,,,,,,,,,"Tuesday night, Feb 24"
2026-02-24T18:29:04.578151+00:00,https://dashboard.birdcast.info/region/US-CA-013,US-CA-013,"Skip to content     Menu  Close  Main menu   
						About
					 
						BirdCast Home
					 Migration Dashboard  Contra Costa County, California",,,,,,,,,,"Tuesday night, Feb 24"
2026-02-24T18:29:05.246109+00:00,https://dashboard.birdcast.info/region/US-AL-081,US-AL-081,"Skip to content     Menu  Close  Main menu   
						About
					 
						BirdCast Home
					 Migration Dashboard  Lee County, Alabama",,,,,,,,,,"Tuesday night, Feb 24"
2026-02-25T11:47:01.920060+00:00,https://dashboard.birdcast.info/region/US-FL-031,US-FL-031,"Duval County, Florida",,,,,,,,,,"Wednesday night, Feb 25"
2026-02-25T11:47:02.776116+00:00,https://dashboard.birdcast.info/region/US-CO-013,US-CO-013,"Boulder County, Colorado",,,,,,,,,,"Wednesday night, Feb 25"
2026-02-25T11:47:03.611233+00:00,https://dashboard.birdcast.info/region/US-NJ-013,US-NJ-013,"Essex County, New Jersey",,,,,,,,,,"Wednesday night, Feb 25"
2026-02-25T11:47:04.449293+00:00,https://dashboard.birdcast.info/region/US-CA-013,US-CA-013,"Contra Costa County, California",,,,,,,,,,"Wednesday night, Feb 25"
2026-02-25T11:47:05.291251+00:00,https://dashboard.birdcast.info/region/US-AL-081,US-AL-081,"Lee County, Alabama",,,,,,,,,,"Wednesday night, Feb 25"
2026-02-26T10:29:15.218788+00:00,https://dashboard.birdcast.info/region/US-FL-031,US-FL-031,"Duval County, Florida",,,,,,,,,,"Thursday night, Feb 26"
2026-02-26T10:29:15.979484+00:00,https://dashboard.birdcast.info/region/US-CO-013,US-CO-013,"Boulder County, Colorado",,,,,,,,,,"Thursday night, Feb 26"
2026-02-26T10:29:16.772014+00:00,https://dashboard.birdcast.info/region/US-NJ-013,US-NJ-013,"Essex County, New Jersey",,,,,,,,,,"Thursday night, Feb 26"
2026-02-26T10:29:17.541667+00:00,https://dashboard.birdcast.info/region/US-CA-013,US-CA-013,"Contra Costa County, California",,,,,,,,,,"Thursday night, Feb 26"
2026-02-26T10:29:18.283114+00:00,https://dashboard.birdcast.info/region/US-AL-081,US-AL-081,"Lee County, Alabama",,,,,,,,,,"Thursday night, Feb 26"
2026-02-26T11:56:30.181355+00:00,https://dashboard.birdcast.info/region/US-FL-031,US-FL-031,"Duval County, Florida",,,,,,,,,,"Thursday night, Feb 26"
2026-02-26T11:56:30.866109+00:00,https://dashboard.birdcast.info/region/US-CO-013,US-CO-013,"Boulder County, Colorado",,,,,,,,,,"Thursday night, Feb 26"
2026-02-26T11:56:31.532312+00:00,https://dashboard.birdcast.info/region/US-NJ-013,US-NJ-013,"Essex County, New Jersey",,,,,,,,,,"Thursday night, Feb 26"
2026-02-26T11:56:32.182011+00:00,https://dashboard.birdcast.info/region/US-CA-013,US-CA-013,"Contra Costa County, California",,,,,,,,,,"Thursday night, Feb 26"
2026-02-26T11:56:32.879288+00:00,https://dashboard.birdcast.info/region/US-AL-081,US-AL-081,"Lee County, Alabama",,,,,,,,,,"Thursday night, Feb 26"
2026-02-27T11:44:24.825214+00:00,https://dashboard.birdcast.info/region/US-FL-031,US-FL-031,"Duval County, Florida",,,,,,,,,,"Friday night, Feb 27"
2026-02-27T11:44:25.686160+00:00,https://dashboard.birdcast.info/region/US-CO-013,US-CO-013,"Boulder County, Colorado",,,,,,,,,,"Friday night, Feb 27"
2026-02-27T11:44:26.521757+00:00,https://dashboard.birdcast.info/region/US-NJ-013,US-NJ-013,"Essex County, New Jersey",,,,,,,,,,"Friday night, Feb 27"
2026-02-27T11:44:27.391260+00:00,https://dashboard.birdcast.info/region/US-CA-013,US-CA-013,"Contra Costa County, California",,,,,,,,,,"Friday night, Feb 27"
2026-02-27T11:44:28.257312+00:00,https://dashboard.birdcast.info/region/US-AL-081,US-AL-081,"Lee County, Alabama",,,,,,,,,,"Friday night, Feb 27"
