Date,source_sheet,Bird,Feeder Visits
2025-09-16,"Essex Fells, NJ 07021 Daily Sum",,0.0
2025-09-17,"Essex Fells, NJ 07021 Daily Sum",,0.0
2025-09-18,"Essex Fells, NJ 07021 Daily Sum",,0.0
2025-09-19,"Essex Fells, NJ 07021 Daily Sum",,0.0
2025-09-20,"Essex Fells, NJ 07021 Daily Sum",,0.0
2025-09-21,"Essex Fells, NJ 07021 Daily Sum",,0.0
2025-09-22,"Essex Fells, NJ 07021 Daily Sum",,0.0
2025-09-23,"Essex Fells, NJ 07021 Daily Sum",,0.0
2025-09-24,"Essex Fells, NJ 07021 Daily Sum",Black-capped Chickadee,15.0
2025-09-25,"Essex Fells, NJ 07021 Daily Sum",,0.0
2025-09-26,"Essex Fells, NJ 07021 Daily Sum",Black-capped Chickadee,5.0
2025-09-26,"Essex Fells, NJ 07021 Daily Sum",Northern Cardinal,21.0
2025-09-26,"Essex Fells, NJ 07021 Daily Sum",Carolina Wren,2.0
2025-09-27,"Essex Fells, NJ 07021 Daily Sum",Northern Cardinal,15.0
2025-09-28,"Essex Fells, NJ 07021 Daily Sum",Black-capped Chickadee,2.0
2025-09-28,"Essex Fells, NJ 07021 Daily Sum",Northern Cardinal,15.0
2025-09-29,"Essex Fells, NJ 07021 Daily Sum",Northern Cardinal,10.0
2025-09-30,"Essex Fells, NJ 07021 Daily Sum",Black-capped Chickadee,12.0
2025-09-30,"Essex Fells, NJ 07021 Daily Sum",Northern Cardinal,5.0
2025-09-30,"Essex Fells, NJ 07021 Daily Sum",Tufted Titmouse,3.0
2025-10-01,"Essex Fells, NJ 07021 Daily Sum",Black-capped Chickadee,2.0
2025-10-01,"Essex Fells, NJ 07021 Daily Sum",Northern Cardinal,18.0
2025-10-02,"Essex Fells, NJ 07021 Daily Sum",Black-capped Chickadee,4.0
2025-10-02,"Essex Fells, NJ 07021 Daily Sum",Northern Cardinal,23.0
2025-10-02,"Essex Fells, NJ 07021 Daily Sum",Blue Jay,13.0
2025-10-03,"Essex Fells, NJ 07021 Daily Sum",Northern Cardinal,20.0
2025-10-03,"Essex Fells, NJ 07021 Daily Sum",Blue Jay,4.0
2025-10-04,"Essex Fells, NJ 07021 Daily Sum",Black-capped Chickadee,2.0
2025-10-04,"Essex Fells, NJ 07021 Daily Sum",Northern Cardinal,24.0
2025-10-04,"Essex Fells, NJ 07021 Daily Sum",Downy Woodpecker,1.0
2025-10-05,"Essex Fells, NJ 07021 Daily Sum",Black-capped Chickadee,5.0
2025-10-05,"Essex Fells, NJ 07021 Daily Sum",Northern Cardinal,23.0
2025-10-06,"Essex Fells, NJ 07021 Daily Sum",Northern Cardinal,28.0
2025-10-07,"Essex Fells, NJ 07021 Daily Sum",Northern Cardinal,24.0
2025-10-07,"Essex Fells, NJ 07021 Daily Sum",Carolina Wren,1.0
2025-10-08,"Essex Fells, NJ 07021 Daily Sum",Northern Cardinal,26.0
2025-10-09,"Essex Fells, NJ 07021 Daily Sum",Northern Cardinal,40.0
2025-10-10,"Essex Fells, NJ 07021 Daily Sum",Northern Cardinal,38.0
2025-10-10,"Essex Fells, NJ 07021 Daily Sum",Blue Jay,1.0
2025-10-11,"Essex Fells, NJ 07021 Daily Sum",Northern Cardinal,55.0
2025-10-11,"Essex Fells, NJ 07021 Daily Sum",Blue Jay,3.0
2025-10-12,"Essex Fells, NJ 07021 Daily Sum",Northern Cardinal,57.0
2025-10-12,"Essex Fells, NJ 07021 Daily Sum",Blue Jay,6.0
2025-10-12,"Essex Fells, NJ 07021 Daily Sum",Black-capped Chickadee,12.0
2025-10-12,"Essex Fells, NJ 07021 Daily Sum",Red-bellied Woodpecker,1.0
2025-10-13,"Essex Fells, NJ 07021 Daily Sum",Northern Cardinal,55.0
2025-10-13,"Essex Fells, NJ 07021 Daily Sum",Black-capped Chickadee,23.0
2025-10-13,"Essex Fells, NJ 07021 Daily Sum",Blue Jay,7.0
2025-10-14,"Essex Fells, NJ 07021 Daily Sum",Northern Cardinal,29.0
2025-10-14,"Essex Fells, NJ 07021 Daily Sum",Black-capped Chickadee,2.0
2025-10-14,"Essex Fells, NJ 07021 Daily Sum",Blue Jay,2.0
2025-10-15,"Essex Fells, NJ 07021 Daily Sum",Northern Cardinal,38.0
2025-10-15,"Essex Fells, NJ 07021 Daily Sum",Blue Jay,2.0
2025-10-15,"Essex Fells, NJ 07021 Daily Sum",Downy Woodpecker,4.0
2025-10-16,"Essex Fells, NJ 07021 Daily Sum",Northern Cardinal,26.0
2025-10-16,"Essex Fells, NJ 07021 Daily Sum",Blue Jay,9.0
2025-10-17,"Essex Fells, NJ 07021 Daily Sum",Northern Cardinal,19.0
2025-10-17,"Essex Fells, NJ 07021 Daily Sum",Blue Jay,10.0
2025-10-18,"Essex Fells, NJ 07021 Daily Sum",Northern Cardinal,44.0
2025-10-18,"Essex Fells, NJ 07021 Daily Sum",Blue Jay,6.0
2025-10-19,"Essex Fells, NJ 07021 Daily Sum",Northern Cardinal,37.0
2025-10-19,"Essex Fells, NJ 07021 Daily Sum",Blue Jay,11.0
2025-10-20,"Essex Fells, NJ 07021 Daily Sum",Northern Cardinal,31.0
2025-10-20,"Essex Fells, NJ 07021 Daily Sum",Blue Jay,6.0
2025-10-21,"Essex Fells, NJ 07021 Daily Sum",Northern Cardinal,45.0
2025-10-21,"Essex Fells, NJ 07021 Daily Sum",Blue Jay,24.0
2025-10-22,"Essex Fells, NJ 07021 Daily Sum",Northern Cardinal,37.0
2025-10-22,"Essex Fells, NJ 07021 Daily Sum",Blue Jay,18.0
2025-10-23,"Essex Fells, NJ 07021 Daily Sum",Northern Cardinal,32.0
2025-10-23,"Essex Fells, NJ 07021 Daily Sum",Blue Jay,36.0
2025-10-23,"Essex Fells, NJ 07021 Daily Sum",Black-capped Chickadee,6.0
2025-10-23,"Essex Fells, NJ 07021 Daily Sum",Tufted Titmouse,5.0
2025-10-24,"Essex Fells, NJ 07021 Daily Sum",Northern Cardinal,35.0
2025-10-24,"Essex Fells, NJ 07021 Daily Sum",Blue Jay,15.0
2025-10-25,"Essex Fells, NJ 07021 Daily Sum",Northern Cardinal,56.0
2025-10-25,"Essex Fells, NJ 07021 Daily Sum",Black-capped Chickadee,25.0
2025-10-25,"Essex Fells, NJ 07021 Daily Sum",Tufted Titmouse,101.0
2025-10-25,"Essex Fells, NJ 07021 Daily Sum",Blue Jay,49.0
2025-10-25,"Essex Fells, NJ 07021 Daily Sum",Downy Woodpecker,2.0
2025-10-25,"Essex Fells, NJ 07021 Daily Sum",White-breasted Nuthatch,8.0
2025-10-26,"Essex Fells, NJ 07021 Daily Sum",Northern Cardinal,10.0
2025-10-26,"Essex Fells, NJ 07021 Daily Sum",Blue Jay,7.0
2025-10-26,"Essex Fells, NJ 07021 Daily Sum",Tufted Titmouse,7.0
2025-10-26,"Essex Fells, NJ 07021 Daily Sum",Downy Woodpecker,1.0
2025-10-26,"Essex Fells, NJ 07021 Daily Sum",White-breasted Nuthatch,1.0
2025-10-27,"Essex Fells, NJ 07021 Daily Sum",Blue Jay,4.0
2025-10-27,"Essex Fells, NJ 07021 Daily Sum",Northern Cardinal,1.0
2025-10-27,"Essex Fells, NJ 07021 Daily Sum",Black-capped Chickadee,2.0
2025-10-28,"Essex Fells, NJ 07021 Daily Sum",Northern Cardinal,2.0
2025-10-29,"Essex Fells, NJ 07021 Daily Sum",Blue Jay,1.0
2025-10-29,"Essex Fells, NJ 07021 Daily Sum",Northern Cardinal,2.0
2025-10-30,"Essex Fells, NJ 07021 Daily Sum",Northern Cardinal,2.0
2025-10-31,"Essex Fells, NJ 07021 Daily Sum",,
2025-11-01,"Essex Fells, NJ 07021 Daily Sum",Tufted Titmouse,1.0
2025-11-02,"Essex Fells, NJ 07021 Daily Sum",Black-capped Chickadee,2.0
2025-11-03,"Essex Fells, NJ 07021 Daily Sum",Black-capped Chickadee,2.0
2025-11-03,"Essex Fells, NJ 07021 Daily Sum",Tufted Titmouse,1.0
2025-11-04,"Essex Fells, NJ 07021 Daily Sum",Blue Jay,1.0
2025-11-05,"Essex Fells, NJ 07021 Daily Sum",,
2025-11-06,"Essex Fells, NJ 07021 Daily Sum",Blue Jay,53.0
2025-11-06,"Essex Fells, NJ 07021 Daily Sum",Northern Cardinal,25.0
2025-11-07,"Essex Fells, NJ 07021 Daily Sum",Blue Jay,27.0
2025-11-07,"Essex Fells, NJ 07021 Daily Sum",Northern Cardinal,24.0
2025-11-07,"Essex Fells, NJ 07021 Daily Sum",Red-bellied Woodpecker,2.0
2025-11-08,"Essex Fells, NJ 07021 Daily Sum",Blue Jay,83.0
2025-11-08,"Essex Fells, NJ 07021 Daily Sum",Northern Cardinal,27.0
2025-11-08,"Essex Fells, NJ 07021 Daily Sum",Red-bellied Woodpecker,1.0
2025-11-08,"Essex Fells, NJ 07021 Daily Sum",White-breasted Nuthatch,22.0
2025-11-09,"Essex Fells, NJ 07021 Daily Sum",Northern Cardinal,23.0
2025-11-09,"Essex Fells, NJ 07021 Daily Sum",Blue Jay,43.0
2025-11-09,"Essex Fells, NJ 07021 Daily Sum",Downy Woodpecker,2.0
2025-11-09,"Essex Fells, NJ 07021 Daily Sum",Red-bellied Woodpecker,1.0
2025-11-09,"Essex Fells, NJ 07021 Daily Sum",White-breasted Nuthatch,29.0
2025-11-10,"Essex Fells, NJ 07021 Daily Sum",Northern Cardinal,56.0
2025-11-10,"Essex Fells, NJ 07021 Daily Sum",Tufted Titmouse,53.0
2025-11-10,"Essex Fells, NJ 07021 Daily Sum",Blue Jay,31.0
2025-11-10,"Essex Fells, NJ 07021 Daily Sum",White-breasted Nuthatch,13.0
2025-11-10,"Essex Fells, NJ 07021 Daily Sum",Dark-eyed Junco,1.0
2025-11-10,"Essex Fells, NJ 07021 Daily Sum",House Finch,8.0
2025-11-11,"Essex Fells, NJ 07021 Daily Sum",Black-capped Chickadee,48.0
2025-11-11,"Essex Fells, NJ 07021 Daily Sum",Northern Cardinal,36.0
2025-11-11,"Essex Fells, NJ 07021 Daily Sum",Tufted Titmouse,74.0
2025-11-11,"Essex Fells, NJ 07021 Daily Sum",Blue Jay,88.0
2025-11-11,"Essex Fells, NJ 07021 Daily Sum",Downy Woodpecker,2.0
2025-11-11,"Essex Fells, NJ 07021 Daily Sum",White-breasted Nuthatch,41.0
2025-11-11,"Essex Fells, NJ 07021 Daily Sum",Dark-eyed Junco,25.0
2025-11-11,"Essex Fells, NJ 07021 Daily Sum",House Finch,20.0
2025-11-12,"Essex Fells, NJ 07021 Daily Sum",Black-capped Chickadee,16.0
2025-11-12,"Essex Fells, NJ 07021 Daily Sum",Northern Cardinal,53.0
2025-11-12,"Essex Fells, NJ 07021 Daily Sum",Tufted Titmouse,75.0
2025-11-12,"Essex Fells, NJ 07021 Daily Sum",Blue Jay,52.0
2025-11-12,"Essex Fells, NJ 07021 Daily Sum",Downy Woodpecker,7.0
2025-11-12,"Essex Fells, NJ 07021 Daily Sum",White-breasted Nuthatch,47.0
2025-11-12,"Essex Fells, NJ 07021 Daily Sum",Dark-eyed Junco,41.0
2025-11-12,"Essex Fells, NJ 07021 Daily Sum",House Finch,8.0
2025-11-12,"Essex Fells, NJ 07021 Daily Sum",Red-bellied Woodpecker,2.0
2025-11-13,"Essex Fells, NJ 07021 Daily Sum",Northern Cardinal,72.0
2025-11-13,"Essex Fells, NJ 07021 Daily Sum",Tufted Titmouse,66.0
2025-11-13,"Essex Fells, NJ 07021 Daily Sum",Blue Jay,58.0
2025-11-13,"Essex Fells, NJ 07021 Daily Sum",Downy Woodpecker,10.0
2025-11-13,"Essex Fells, NJ 07021 Daily Sum",White-breasted Nuthatch,58.0
2025-11-13,"Essex Fells, NJ 07021 Daily Sum",Dark-eyed Junco,52.0
2025-11-13,"Essex Fells, NJ 07021 Daily Sum",House Finch,12.0
2025-11-13,"Essex Fells, NJ 07021 Daily Sum",Red-bellied Woodpecker,6.0
2025-11-14,"Essex Fells, NJ 07021 Daily Sum",Northern Cardinal,37.0
2025-11-14,"Essex Fells, NJ 07021 Daily Sum",Tufted Titmouse,30.0
2025-11-14,"Essex Fells, NJ 07021 Daily Sum",Blue Jay,35.0
2025-11-14,"Essex Fells, NJ 07021 Daily Sum",Downy Woodpecker,1.0
2025-11-14,"Essex Fells, NJ 07021 Daily Sum",White-breasted Nuthatch,51.0
2025-11-14,"Essex Fells, NJ 07021 Daily Sum",Dark-eyed Junco,65.0
2025-11-14,"Essex Fells, NJ 07021 Daily Sum",House Finch,9.0
2025-11-14,"Essex Fells, NJ 07021 Daily Sum",Red-bellied Woodpecker,6.0
2025-11-14,"Essex Fells, NJ 07021 Daily Sum",Black-capped Chickadee,3.0
2025-11-14,"Essex Fells, NJ 07021 Daily Sum",Mourning Dove,13.0
2025-11-15,"Essex Fells, NJ 07021 Daily Sum",Northern Cardinal,46.0
2025-11-15,"Essex Fells, NJ 07021 Daily Sum",Tufted Titmouse,40.0
2025-11-15,"Essex Fells, NJ 07021 Daily Sum",Blue Jay,39.0
2025-11-15,"Essex Fells, NJ 07021 Daily Sum",Downy Woodpecker,6.0
2025-11-15,"Essex Fells, NJ 07021 Daily Sum",White-breasted Nuthatch,24.0
2025-11-15,"Essex Fells, NJ 07021 Daily Sum",Dark-eyed Junco,55.0
2025-11-15,"Essex Fells, NJ 07021 Daily Sum",House Finch,12.0
2025-11-15,"Essex Fells, NJ 07021 Daily Sum",Red-bellied Woodpecker,21.0
2025-11-15,"Essex Fells, NJ 07021 Daily Sum",Black-capped Chickadee,7.0
2025-11-15,"Essex Fells, NJ 07021 Daily Sum",Mourning Dove,11.0
2025-11-16,"Essex Fells, NJ 07021 Daily Sum",Northern Cardinal,64.0
2025-11-16,"Essex Fells, NJ 07021 Daily Sum",Tufted Titmouse,38.0
2025-11-16,"Essex Fells, NJ 07021 Daily Sum",Blue Jay,36.0
2025-11-16,"Essex Fells, NJ 07021 Daily Sum",Downy Woodpecker,5.0
2025-11-16,"Essex Fells, NJ 07021 Daily Sum",White-breasted Nuthatch,32.0
2025-11-16,"Essex Fells, NJ 07021 Daily Sum",Dark-eyed Junco,42.0
2025-11-16,"Essex Fells, NJ 07021 Daily Sum",House Finch,39.0
2025-11-16,"Essex Fells, NJ 07021 Daily Sum",Red-bellied Woodpecker,7.0
2025-11-16,"Essex Fells, NJ 07021 Daily Sum",Black-capped Chickadee,31.0
2025-11-16,"Essex Fells, NJ 07021 Daily Sum",Mourning Dove,13.0
2025-11-17,"Essex Fells, NJ 07021 Daily Sum",Northern Cardinal,57.0
2025-11-17,"Essex Fells, NJ 07021 Daily Sum",Tufted Titmouse,45.0
2025-11-17,"Essex Fells, NJ 07021 Daily Sum",Blue Jay,30.0
2025-11-17,"Essex Fells, NJ 07021 Daily Sum",Downy Woodpecker,6.0
2025-11-17,"Essex Fells, NJ 07021 Daily Sum",White-breasted Nuthatch,49.0
2025-11-17,"Essex Fells, NJ 07021 Daily Sum",Dark-eyed Junco,33.0
2025-11-17,"Essex Fells, NJ 07021 Daily Sum",House Finch,46.0
2025-11-17,"Essex Fells, NJ 07021 Daily Sum",Red-bellied Woodpecker,15.0
2025-11-17,"Essex Fells, NJ 07021 Daily Sum",Black-capped Chickadee,1.0
2025-11-17,"Essex Fells, NJ 07021 Daily Sum",Mourning Dove,11.0
2025-11-18,"Essex Fells, NJ 07021 Daily Sum",Northern Cardinal,35.0
2025-11-18,"Essex Fells, NJ 07021 Daily Sum",Tufted Titmouse,67.0
2025-11-18,"Essex Fells, NJ 07021 Daily Sum",Blue Jay,98.0
2025-11-18,"Essex Fells, NJ 07021 Daily Sum",Downy Woodpecker,13.0
2025-11-18,"Essex Fells, NJ 07021 Daily Sum",White-breasted Nuthatch,59.0
2025-11-18,"Essex Fells, NJ 07021 Daily Sum",Dark-eyed Junco,6.0
2025-11-18,"Essex Fells, NJ 07021 Daily Sum",House Finch,22.0
2025-11-18,"Essex Fells, NJ 07021 Daily Sum",Red-bellied Woodpecker,32.0
2025-11-18,"Essex Fells, NJ 07021 Daily Sum",Black-capped Chickadee,0.0
2025-11-18,"Essex Fells, NJ 07021 Daily Sum",Mourning Dove,3.0
2025-11-19,"Essex Fells, NJ 07021 Daily Sum",Northern Cardinal,45.0
2025-11-19,"Essex Fells, NJ 07021 Daily Sum",Tufted Titmouse,52.0
2025-11-19,"Essex Fells, NJ 07021 Daily Sum",Blue Jay,76.0
2025-11-19,"Essex Fells, NJ 07021 Daily Sum",Downy Woodpecker,41.0
2025-11-19,"Essex Fells, NJ 07021 Daily Sum",White-breasted Nuthatch,67.0
2025-11-19,"Essex Fells, NJ 07021 Daily Sum",Dark-eyed Junco,7.0
2025-11-19,"Essex Fells, NJ 07021 Daily Sum",House Finch,78.0
2025-11-19,"Essex Fells, NJ 07021 Daily Sum",Red-bellied Woodpecker,66.0
2025-11-19,"Essex Fells, NJ 07021 Daily Sum",Black-capped Chickadee,2.0
2025-11-19,"Essex Fells, NJ 07021 Daily Sum",Mourning Dove,10.0
2025-11-19,"Essex Fells, NJ 07021 Daily Sum",Common Grackle,5.0
2025-11-20,"Essex Fells, NJ 07021 Daily Sum",Northern Cardinal,26.0
2025-11-20,"Essex Fells, NJ 07021 Daily Sum",Tufted Titmouse,49.0
2025-11-20,"Essex Fells, NJ 07021 Daily Sum",Blue Jay,114.0
2025-11-20,"Essex Fells, NJ 07021 Daily Sum",Downy Woodpecker,24.0
2025-11-20,"Essex Fells, NJ 07021 Daily Sum",White-breasted Nuthatch,77.0
2025-11-20,"Essex Fells, NJ 07021 Daily Sum",Dark-eyed Junco,8.0
2025-11-20,"Essex Fells, NJ 07021 Daily Sum",House Finch,105.0
2025-11-20,"Essex Fells, NJ 07021 Daily Sum",Red-bellied Woodpecker,90.0
2025-11-20,"Essex Fells, NJ 07021 Daily Sum",Black-capped Chickadee,25.0
2025-11-20,"Essex Fells, NJ 07021 Daily Sum",Mourning Dove,10.0
2025-11-20,"Essex Fells, NJ 07021 Daily Sum",Common Grackle,0.0
2025-11-21,"Essex Fells, NJ 07021 Daily Sum",Northern Cardinal,48.0
2025-11-21,"Essex Fells, NJ 07021 Daily Sum",Tufted Titmouse,51.0
2025-11-21,"Essex Fells, NJ 07021 Daily Sum",Blue Jay,70.0
2025-11-21,"Essex Fells, NJ 07021 Daily Sum",Downy Woodpecker,36.0
2025-11-21,"Essex Fells, NJ 07021 Daily Sum",White-breasted Nuthatch,43.0
2025-11-21,"Essex Fells, NJ 07021 Daily Sum",Dark-eyed Junco,31.0
2025-11-21,"Essex Fells, NJ 07021 Daily Sum",House Finch,96.0
2025-11-21,"Essex Fells, NJ 07021 Daily Sum",Red-bellied Woodpecker,58.0
2025-11-21,"Essex Fells, NJ 07021 Daily Sum",Black-capped Chickadee,24.0
2025-11-21,"Essex Fells, NJ 07021 Daily Sum",Mourning Dove,9.0
2025-11-21,"Essex Fells, NJ 07021 Daily Sum",Common Grackle,0.0
2025-11-21,"Essex Fells, NJ 07021 Daily Sum",Carolina Wren,1.0
2025-11-21,"Essex Fells, NJ 07021 Daily Sum",Red-breasted Nuthatch,3.0
2025-11-22,"Essex Fells, NJ 07021 Daily Sum",Northern Cardinal,44.0
2025-11-22,"Essex Fells, NJ 07021 Daily Sum",Tufted Titmouse,101.0
2025-11-22,"Essex Fells, NJ 07021 Daily Sum",Blue Jay,57.0
2025-11-22,"Essex Fells, NJ 07021 Daily Sum",Downy Woodpecker,26.0
2025-11-22,"Essex Fells, NJ 07021 Daily Sum",White-breasted Nuthatch,70.0
2025-11-22,"Essex Fells, NJ 07021 Daily Sum",Dark-eyed Junco,22.0
2025-11-22,"Essex Fells, NJ 07021 Daily Sum",House Finch,49.0
2025-11-22,"Essex Fells, NJ 07021 Daily Sum",Red-bellied Woodpecker,32.0
2025-11-22,"Essex Fells, NJ 07021 Daily Sum",Black-capped Chickadee,47.0
2025-11-22,"Essex Fells, NJ 07021 Daily Sum",Mourning Dove,15.0
2025-11-22,"Essex Fells, NJ 07021 Daily Sum",Common Grackle,0.0
2025-11-22,"Essex Fells, NJ 07021 Daily Sum",Carolina Wren,0.0
2025-11-22,"Essex Fells, NJ 07021 Daily Sum",Red-breasted Nuthatch,0.0
2025-11-23,"Essex Fells, NJ 07021 Daily Sum",Northern Cardinal,15.0
2025-11-23,"Essex Fells, NJ 07021 Daily Sum",Tufted Titmouse,9.0
2025-11-23,"Essex Fells, NJ 07021 Daily Sum",Blue Jay,16.0
2025-11-23,"Essex Fells, NJ 07021 Daily Sum",Downy Woodpecker,12.0
2025-11-23,"Essex Fells, NJ 07021 Daily Sum",White-breasted Nuthatch,5.0
2025-11-23,"Essex Fells, NJ 07021 Daily Sum",Dark-eyed Junco,19.0
2025-11-23,"Essex Fells, NJ 07021 Daily Sum",House Finch,11.0
2025-11-23,"Essex Fells, NJ 07021 Daily Sum",Red-bellied Woodpecker,6.0
2025-11-23,"Essex Fells, NJ 07021 Daily Sum",Black-capped Chickadee,5.0
2025-11-23,"Essex Fells, NJ 07021 Daily Sum",Mourning Dove,3.0
2025-11-23,"Essex Fells, NJ 07021 Daily Sum",Common Grackle,0.0
2025-11-23,"Essex Fells, NJ 07021 Daily Sum",Carolina Wren,0.0
2025-11-23,"Essex Fells, NJ 07021 Daily Sum",Red-breasted Nuthatch,1.0
2025-11-24,"Essex Fells, NJ 07021 Daily Sum",Northern Cardinal,1.0
2025-11-24,"Essex Fells, NJ 07021 Daily Sum",Tufted Titmouse,1.0
2025-11-24,"Essex Fells, NJ 07021 Daily Sum",Blue Jay,5.0
2025-11-24,"Essex Fells, NJ 07021 Daily Sum",Downy Woodpecker,1.0
2025-11-24,"Essex Fells, NJ 07021 Daily Sum",White-breasted Nuthatch,2.0
2025-11-24,"Essex Fells, NJ 07021 Daily Sum",Dark-eyed Junco,7.0
2025-11-24,"Essex Fells, NJ 07021 Daily Sum",House Finch,0.0
2025-11-24,"Essex Fells, NJ 07021 Daily Sum",Red-bellied Woodpecker,0.0
2025-11-24,"Essex Fells, NJ 07021 Daily Sum",Black-capped Chickadee,1.0
2025-11-24,"Essex Fells, NJ 07021 Daily Sum",Mourning Dove,0.0
2025-11-24,"Essex Fells, NJ 07021 Daily Sum",Common Grackle,0.0
2025-11-24,"Essex Fells, NJ 07021 Daily Sum",Carolina Wren,0.0
2025-11-24,"Essex Fells, NJ 07021 Daily Sum",Red-breasted Nuthatch,0.0
2025-11-25,"Essex Fells, NJ 07021 Daily Sum",Northern Cardinal,3.0
2025-11-25,"Essex Fells, NJ 07021 Daily Sum",Tufted Titmouse,0.0
2025-11-25,"Essex Fells, NJ 07021 Daily Sum",Blue Jay,0.0
2025-11-25,"Essex Fells, NJ 07021 Daily Sum",Downy Woodpecker,0.0
2025-11-25,"Essex Fells, NJ 07021 Daily Sum",White-breasted Nuthatch,2.0
2025-11-25,"Essex Fells, NJ 07021 Daily Sum",Dark-eyed Junco,2.0
2025-11-25,"Essex Fells, NJ 07021 Daily Sum",House Finch,1.0
2025-11-25,"Essex Fells, NJ 07021 Daily Sum",Red-bellied Woodpecker,1.0
2025-11-25,"Essex Fells, NJ 07021 Daily Sum",Black-capped Chickadee,0.0
2025-11-25,"Essex Fells, NJ 07021 Daily Sum",Mourning Dove,4.0
2025-11-25,"Essex Fells, NJ 07021 Daily Sum",Common Grackle,0.0
2025-11-25,"Essex Fells, NJ 07021 Daily Sum",Carolina Wren,0.0
2025-11-25,"Essex Fells, NJ 07021 Daily Sum",Red-breasted Nuthatch,0.0
2025-11-26,"Essex Fells, NJ 07021 Daily Sum",Northern Cardinal,3.0
2025-11-26,"Essex Fells, NJ 07021 Daily Sum",Tufted Titmouse,0.0
2025-11-26,"Essex Fells, NJ 07021 Daily Sum",Blue Jay,1.0
2025-11-26,"Essex Fells, NJ 07021 Daily Sum",Downy Woodpecker,0.0
2025-11-26,"Essex Fells, NJ 07021 Daily Sum",White-breasted Nuthatch,1.0
2025-11-26,"Essex Fells, NJ 07021 Daily Sum",Dark-eyed Junco,1.0
2025-11-26,"Essex Fells, NJ 07021 Daily Sum",House Finch,0.0
2025-11-26,"Essex Fells, NJ 07021 Daily Sum",Red-bellied Woodpecker,0.0
2025-11-26,"Essex Fells, NJ 07021 Daily Sum",Black-capped Chickadee,1.0
2025-11-26,"Essex Fells, NJ 07021 Daily Sum",Mourning Dove,0.0
2025-11-26,"Essex Fells, NJ 07021 Daily Sum",Common Grackle,0.0
2025-11-26,"Essex Fells, NJ 07021 Daily Sum",Carolina Wren,0.0
2025-11-26,"Essex Fells, NJ 07021 Daily Sum",Red-breasted Nuthatch,0.0
2025-11-27,"Essex Fells, NJ 07021 Daily Sum",Northern Cardinal,0.0
2025-11-27,"Essex Fells, NJ 07021 Daily Sum",Tufted Titmouse,0.0
2025-11-27,"Essex Fells, NJ 07021 Daily Sum",Blue Jay,1.0
2025-11-27,"Essex Fells, NJ 07021 Daily Sum",Downy Woodpecker,0.0
2025-11-27,"Essex Fells, NJ 07021 Daily Sum",White-breasted Nuthatch,0.0
2025-11-27,"Essex Fells, NJ 07021 Daily Sum",Dark-eyed Junco,2.0
2025-11-27,"Essex Fells, NJ 07021 Daily Sum",House Finch,0.0
2025-11-27,"Essex Fells, NJ 07021 Daily Sum",Red-bellied Woodpecker,0.0
2025-11-27,"Essex Fells, NJ 07021 Daily Sum",Black-capped Chickadee,2.0
2025-11-27,"Essex Fells, NJ 07021 Daily Sum",Mourning Dove,0.0
2025-11-27,"Essex Fells, NJ 07021 Daily Sum",Common Grackle,0.0
2025-11-27,"Essex Fells, NJ 07021 Daily Sum",Carolina Wren,0.0
2025-11-27,"Essex Fells, NJ 07021 Daily Sum",Red-breasted Nuthatch,0.0
2025-11-28,"Essex Fells, NJ 07021 Daily Sum",Northern Cardinal,1.0
2025-11-28,"Essex Fells, NJ 07021 Daily Sum",Tufted Titmouse,2.0
2025-11-28,"Essex Fells, NJ 07021 Daily Sum",Blue Jay,0.0
2025-11-28,"Essex Fells, NJ 07021 Daily Sum",Downy Woodpecker,0.0
2025-11-28,"Essex Fells, NJ 07021 Daily Sum",White-breasted Nuthatch,0.0
2025-11-28,"Essex Fells, NJ 07021 Daily Sum",Dark-eyed Junco,0.0
2025-11-28,"Essex Fells, NJ 07021 Daily Sum",House Finch,0.0
2025-11-28,"Essex Fells, NJ 07021 Daily Sum",Red-bellied Woodpecker,0.0
2025-11-28,"Essex Fells, NJ 07021 Daily Sum",Black-capped Chickadee,1.0
2025-11-28,"Essex Fells, NJ 07021 Daily Sum",Mourning Dove,0.0
2025-11-28,"Essex Fells, NJ 07021 Daily Sum",Common Grackle,0.0
2025-11-28,"Essex Fells, NJ 07021 Daily Sum",Carolina Wren,0.0
2025-11-28,"Essex Fells, NJ 07021 Daily Sum",Red-breasted Nuthatch,0.0
2025-11-29,"Essex Fells, NJ 07021 Daily Sum",Northern Cardinal,1.0
2025-11-29,"Essex Fells, NJ 07021 Daily Sum",Tufted Titmouse,1.0
2025-11-29,"Essex Fells, NJ 07021 Daily Sum",Blue Jay,0.0
2025-11-29,"Essex Fells, NJ 07021 Daily Sum",Downy Woodpecker,0.0
2025-11-29,"Essex Fells, NJ 07021 Daily Sum",White-breasted Nuthatch,0.0
2025-11-29,"Essex Fells, NJ 07021 Daily Sum",Dark-eyed Junco,1.0
2025-11-29,"Essex Fells, NJ 07021 Daily Sum",House Finch,0.0
2025-11-29,"Essex Fells, NJ 07021 Daily Sum",Red-bellied Woodpecker,0.0
2025-11-29,"Essex Fells, NJ 07021 Daily Sum",Black-capped Chickadee,0.0
2025-11-29,"Essex Fells, NJ 07021 Daily Sum",Mourning Dove,0.0
2025-11-29,"Essex Fells, NJ 07021 Daily Sum",Common Grackle,0.0
2025-11-29,"Essex Fells, NJ 07021 Daily Sum",Carolina Wren,0.0
2025-11-29,"Essex Fells, NJ 07021 Daily Sum",Red-breasted Nuthatch,0.0
2025-11-30,"Essex Fells, NJ 07021 Daily Sum",Northern Cardinal,0.0
2025-11-30,"Essex Fells, NJ 07021 Daily Sum",Tufted Titmouse,0.0
2025-11-30,"Essex Fells, NJ 07021 Daily Sum",Blue Jay,0.0
2025-11-30,"Essex Fells, NJ 07021 Daily Sum",Downy Woodpecker,0.0
2025-11-30,"Essex Fells, NJ 07021 Daily Sum",White-breasted Nuthatch,0.0
2025-11-30,"Essex Fells, NJ 07021 Daily Sum",Dark-eyed Junco,1.0
2025-11-30,"Essex Fells, NJ 07021 Daily Sum",House Finch,0.0
2025-11-30,"Essex Fells, NJ 07021 Daily Sum",Red-bellied Woodpecker,0.0
2025-11-30,"Essex Fells, NJ 07021 Daily Sum",Black-capped Chickadee,0.0
2025-11-30,"Essex Fells, NJ 07021 Daily Sum",Mourning Dove,0.0
2025-11-30,"Essex Fells, NJ 07021 Daily Sum",Common Grackle,0.0
2025-11-30,"Essex Fells, NJ 07021 Daily Sum",Carolina Wren,0.0
2025-11-30,"Essex Fells, NJ 07021 Daily Sum",Red-breasted Nuthatch,0.0
2025-12-01,"Essex Fells, NJ 07021 Daily Sum",Northern Cardinal,0.0
2025-12-01,"Essex Fells, NJ 07021 Daily Sum",Tufted Titmouse,0.0
2025-12-01,"Essex Fells, NJ 07021 Daily Sum",Blue Jay,1.0
2025-12-01,"Essex Fells, NJ 07021 Daily Sum",Downy Woodpecker,0.0
2025-12-01,"Essex Fells, NJ 07021 Daily Sum",White-breasted Nuthatch,0.0
2025-12-01,"Essex Fells, NJ 07021 Daily Sum",Dark-eyed Junco,0.0
2025-12-01,"Essex Fells, NJ 07021 Daily Sum",House Finch,0.0
2025-12-01,"Essex Fells, NJ 07021 Daily Sum",Red-bellied Woodpecker,0.0
2025-12-01,"Essex Fells, NJ 07021 Daily Sum",Black-capped Chickadee,0.0
2025-12-01,"Essex Fells, NJ 07021 Daily Sum",Mourning Dove,0.0
2025-12-01,"Essex Fells, NJ 07021 Daily Sum",Common Grackle,0.0
2025-12-01,"Essex Fells, NJ 07021 Daily Sum",Carolina Wren,0.0
2025-12-01,"Essex Fells, NJ 07021 Daily Sum",Red-breasted Nuthatch,0.0
2025-12-02,"Essex Fells, NJ 07021 Daily Sum",Northern Cardinal,1.0
2025-12-02,"Essex Fells, NJ 07021 Daily Sum",Tufted Titmouse,0.0
2025-12-02,"Essex Fells, NJ 07021 Daily Sum",Blue Jay,2.0
2025-12-02,"Essex Fells, NJ 07021 Daily Sum",Downy Woodpecker,0.0
2025-12-02,"Essex Fells, NJ 07021 Daily Sum",White-breasted Nuthatch,0.0
2025-12-02,"Essex Fells, NJ 07021 Daily Sum",Dark-eyed Junco,0.0
2025-12-02,"Essex Fells, NJ 07021 Daily Sum",House Finch,1.0
2025-12-02,"Essex Fells, NJ 07021 Daily Sum",Red-bellied Woodpecker,0.0
2025-12-02,"Essex Fells, NJ 07021 Daily Sum",Black-capped Chickadee,0.0
2025-12-02,"Essex Fells, NJ 07021 Daily Sum",Mourning Dove,1.0
2025-12-02,"Essex Fells, NJ 07021 Daily Sum",Common Grackle,0.0
2025-12-02,"Essex Fells, NJ 07021 Daily Sum",Carolina Wren,0.0
2025-12-02,"Essex Fells, NJ 07021 Daily Sum",Red-breasted Nuthatch,0.0
2025-12-03,"Essex Fells, NJ 07021 Daily Sum",Northern Cardinal,0.0
2025-12-03,"Essex Fells, NJ 07021 Daily Sum",Tufted Titmouse,0.0
2025-12-03,"Essex Fells, NJ 07021 Daily Sum",Blue Jay,0.0
2025-12-03,"Essex Fells, NJ 07021 Daily Sum",Downy Woodpecker,0.0
2025-12-03,"Essex Fells, NJ 07021 Daily Sum",White-breasted Nuthatch,0.0
2025-12-03,"Essex Fells, NJ 07021 Daily Sum",Dark-eyed Junco,0.0
2025-12-03,"Essex Fells, NJ 07021 Daily Sum",House Finch,0.0
2025-12-03,"Essex Fells, NJ 07021 Daily Sum",Red-bellied Woodpecker,0.0
2025-12-03,"Essex Fells, NJ 07021 Daily Sum",Black-capped Chickadee,0.0
2025-12-03,"Essex Fells, NJ 07021 Daily Sum",Mourning Dove,0.0
2025-12-03,"Essex Fells, NJ 07021 Daily Sum",Common Grackle,0.0
2025-12-03,"Essex Fells, NJ 07021 Daily Sum",Carolina Wren,0.0
2025-12-03,"Essex Fells, NJ 07021 Daily Sum",Red-breasted Nuthatch,0.0
2025-12-03,"Essex Fells, NJ 07021 Daily Sum",Carolina Wren,0.0
2025-12-04,"Essex Fells, NJ 07021 Daily Sum",Northern Cardinal,1.0
2025-12-04,"Essex Fells, NJ 07021 Daily Sum",Tufted Titmouse,0.0
2025-12-04,"Essex Fells, NJ 07021 Daily Sum",Blue Jay,0.0
2025-12-04,"Essex Fells, NJ 07021 Daily Sum",Downy Woodpecker,0.0
2025-12-04,"Essex Fells, NJ 07021 Daily Sum",White-breasted Nuthatch,0.0
2025-12-04,"Essex Fells, NJ 07021 Daily Sum",Dark-eyed Junco,0.0
2025-12-04,"Essex Fells, NJ 07021 Daily Sum",House Finch,0.0
2025-12-04,"Essex Fells, NJ 07021 Daily Sum",Red-bellied Woodpecker,0.0
2025-12-04,"Essex Fells, NJ 07021 Daily Sum",Black-capped Chickadee,0.0
2025-12-04,"Essex Fells, NJ 07021 Daily Sum",Mourning Dove,0.0
2025-12-04,"Essex Fells, NJ 07021 Daily Sum",Common Grackle,0.0
2025-12-04,"Essex Fells, NJ 07021 Daily Sum",Carolina Wren,0.0
2025-12-04,"Essex Fells, NJ 07021 Daily Sum",Red-breasted Nuthatch,0.0
2025-12-04,"Essex Fells, NJ 07021 Daily Sum",Carolina Wren,0.0
2025-12-05,"Essex Fells, NJ 07021 Daily Sum",Northern Cardinal,0.0
2025-12-05,"Essex Fells, NJ 07021 Daily Sum",Tufted Titmouse,0.0
2025-12-05,"Essex Fells, NJ 07021 Daily Sum",Blue Jay,0.0
2025-12-05,"Essex Fells, NJ 07021 Daily Sum",Downy Woodpecker,0.0
2025-12-05,"Essex Fells, NJ 07021 Daily Sum",White-breasted Nuthatch,0.0
2025-12-05,"Essex Fells, NJ 07021 Daily Sum",Dark-eyed Junco,0.0
2025-12-05,"Essex Fells, NJ 07021 Daily Sum",House Finch,0.0
2025-12-05,"Essex Fells, NJ 07021 Daily Sum",Red-bellied Woodpecker,0.0
2025-12-05,"Essex Fells, NJ 07021 Daily Sum",Black-capped Chickadee,0.0
2025-12-05,"Essex Fells, NJ 07021 Daily Sum",Mourning Dove,0.0
2025-12-05,"Essex Fells, NJ 07021 Daily Sum",Common Grackle,0.0
2025-12-05,"Essex Fells, NJ 07021 Daily Sum",Carolina Wren,0.0
2025-12-05,"Essex Fells, NJ 07021 Daily Sum",Red-breasted Nuthatch,0.0
2025-12-05,"Essex Fells, NJ 07021 Daily Sum",Carolina Wren,0.0
2025-12-06,"Essex Fells, NJ 07021 Daily Sum",Northern Cardinal,0.0
2025-12-06,"Essex Fells, NJ 07021 Daily Sum",Tufted Titmouse,0.0
2025-12-06,"Essex Fells, NJ 07021 Daily Sum",Blue Jay,0.0
2025-12-06,"Essex Fells, NJ 07021 Daily Sum",Downy Woodpecker,1.0
2025-12-06,"Essex Fells, NJ 07021 Daily Sum",White-breasted Nuthatch,0.0
2025-12-06,"Essex Fells, NJ 07021 Daily Sum",Dark-eyed Junco,0.0
2025-12-06,"Essex Fells, NJ 07021 Daily Sum",House Finch,0.0
2025-12-06,"Essex Fells, NJ 07021 Daily Sum",Red-bellied Woodpecker,0.0
2025-12-06,"Essex Fells, NJ 07021 Daily Sum",Black-capped Chickadee,1.0
2025-12-06,"Essex Fells, NJ 07021 Daily Sum",Mourning Dove,0.0
2025-12-06,"Essex Fells, NJ 07021 Daily Sum",Common Grackle,0.0
2025-12-06,"Essex Fells, NJ 07021 Daily Sum",Carolina Wren,0.0
2025-12-06,"Essex Fells, NJ 07021 Daily Sum",Red-breasted Nuthatch,0.0
2025-12-06,"Essex Fells, NJ 07021 Daily Sum",Carolina Wren,0.0
2025-12-07,"Essex Fells, NJ 07021 Daily Sum",Northern Cardinal,0.0
2025-12-07,"Essex Fells, NJ 07021 Daily Sum",Tufted Titmouse,0.0
2025-12-07,"Essex Fells, NJ 07021 Daily Sum",Blue Jay,0.0
2025-12-07,"Essex Fells, NJ 07021 Daily Sum",Downy Woodpecker,0.0
2025-12-07,"Essex Fells, NJ 07021 Daily Sum",White-breasted Nuthatch,0.0
2025-12-07,"Essex Fells, NJ 07021 Daily Sum",Dark-eyed Junco,0.0
2025-12-07,"Essex Fells, NJ 07021 Daily Sum",House Finch,0.0
2025-12-07,"Essex Fells, NJ 07021 Daily Sum",Red-bellied Woodpecker,0.0
2025-12-07,"Essex Fells, NJ 07021 Daily Sum",Black-capped Chickadee,0.0
2025-12-07,"Essex Fells, NJ 07021 Daily Sum",Mourning Dove,0.0
2025-12-07,"Essex Fells, NJ 07021 Daily Sum",Common Grackle,0.0
2025-12-07,"Essex Fells, NJ 07021 Daily Sum",Carolina Wren,0.0
2025-12-07,"Essex Fells, NJ 07021 Daily Sum",Red-breasted Nuthatch,0.0
2025-12-07,"Essex Fells, NJ 07021 Daily Sum",Carolina Wren,0.0
2025-12-08,"Essex Fells, NJ 07021 Daily Sum",Northern Cardinal,0.0
2025-12-08,"Essex Fells, NJ 07021 Daily Sum",Tufted Titmouse,0.0
2025-12-08,"Essex Fells, NJ 07021 Daily Sum",Blue Jay,0.0
2025-12-08,"Essex Fells, NJ 07021 Daily Sum",Downy Woodpecker,0.0
2025-12-08,"Essex Fells, NJ 07021 Daily Sum",White-breasted Nuthatch,0.0
2025-12-08,"Essex Fells, NJ 07021 Daily Sum",Dark-eyed Junco,0.0
2025-12-08,"Essex Fells, NJ 07021 Daily Sum",House Finch,0.0
2025-12-08,"Essex Fells, NJ 07021 Daily Sum",Red-bellied Woodpecker,0.0
2025-12-08,"Essex Fells, NJ 07021 Daily Sum",Black-capped Chickadee,0.0
2025-12-08,"Essex Fells, NJ 07021 Daily Sum",Mourning Dove,0.0
2025-12-08,"Essex Fells, NJ 07021 Daily Sum",Common Grackle,0.0
2025-12-08,"Essex Fells, NJ 07021 Daily Sum",Carolina Wren,0.0
2025-12-08,"Essex Fells, NJ 07021 Daily Sum",Red-breasted Nuthatch,0.0
2025-12-08,"Essex Fells, NJ 07021 Daily Sum",Carolina Wren,0.0
2025-12-09,"Essex Fells, NJ 07021 Daily Sum",Northern Cardinal,23.0
2025-12-09,"Essex Fells, NJ 07021 Daily Sum",Tufted Titmouse,2.0
2025-12-09,"Essex Fells, NJ 07021 Daily Sum",Blue Jay,118.0
2025-12-09,"Essex Fells, NJ 07021 Daily Sum",Downy Woodpecker,8.0
2025-12-09,"Essex Fells, NJ 07021 Daily Sum",White-breasted Nuthatch,0.0
2025-12-09,"Essex Fells, NJ 07021 Daily Sum",Dark-eyed Junco,1.0
2025-12-09,"Essex Fells, NJ 07021 Daily Sum",House Finch,0.0
2025-12-09,"Essex Fells, NJ 07021 Daily Sum",Red-bellied Woodpecker,58.0
2025-12-09,"Essex Fells, NJ 07021 Daily Sum",Black-capped Chickadee,0.0
2025-12-09,"Essex Fells, NJ 07021 Daily Sum",Mourning Dove,0.0
2025-12-09,"Essex Fells, NJ 07021 Daily Sum",Common Grackle,0.0
2025-12-09,"Essex Fells, NJ 07021 Daily Sum",Carolina Wren,0.0
2025-12-09,"Essex Fells, NJ 07021 Daily Sum",Red-breasted Nuthatch,0.0
2025-12-09,"Essex Fells, NJ 07021 Daily Sum",Carolina Wren,0.0
2025-12-10,"Essex Fells, NJ 07021 Daily Sum",Northern Cardinal,25.0
2025-12-10,"Essex Fells, NJ 07021 Daily Sum",Tufted Titmouse,15.0
2025-12-10,"Essex Fells, NJ 07021 Daily Sum",Blue Jay,122.0
2025-12-10,"Essex Fells, NJ 07021 Daily Sum",Downy Woodpecker,6.0
2025-12-10,"Essex Fells, NJ 07021 Daily Sum",White-breasted Nuthatch,16.0
2025-12-10,"Essex Fells, NJ 07021 Daily Sum",Dark-eyed Junco,16.0
2025-12-10,"Essex Fells, NJ 07021 Daily Sum",House Finch,7.0
2025-12-10,"Essex Fells, NJ 07021 Daily Sum",Red-bellied Woodpecker,45.0
2025-12-10,"Essex Fells, NJ 07021 Daily Sum",Black-capped Chickadee,50.0
2025-12-10,"Essex Fells, NJ 07021 Daily Sum",Mourning Dove,20.0
2025-12-10,"Essex Fells, NJ 07021 Daily Sum",Common Grackle,0.0
2025-12-10,"Essex Fells, NJ 07021 Daily Sum",Carolina Wren,0.0
2025-12-10,"Essex Fells, NJ 07021 Daily Sum",Red-breasted Nuthatch,0.0
2025-12-10,"Essex Fells, NJ 07021 Daily Sum",Carolina Wren,0.0
2025-12-11,"Essex Fells, NJ 07021 Daily Sum",Northern Cardinal,42.0
2025-12-11,"Essex Fells, NJ 07021 Daily Sum",Tufted Titmouse,49.0
2025-12-11,"Essex Fells, NJ 07021 Daily Sum",Blue Jay,64.0
2025-12-11,"Essex Fells, NJ 07021 Daily Sum",Downy Woodpecker,0.0
2025-12-11,"Essex Fells, NJ 07021 Daily Sum",White-breasted Nuthatch,20.0
2025-12-11,"Essex Fells, NJ 07021 Daily Sum",Dark-eyed Junco,26.0
2025-12-11,"Essex Fells, NJ 07021 Daily Sum",House Finch,17.0
2025-12-11,"Essex Fells, NJ 07021 Daily Sum",Red-bellied Woodpecker,29.0
2025-12-11,"Essex Fells, NJ 07021 Daily Sum",Black-capped Chickadee,30.0
2025-12-11,"Essex Fells, NJ 07021 Daily Sum",Mourning Dove,31.0
2025-12-11,"Essex Fells, NJ 07021 Daily Sum",Common Grackle,0.0
2025-12-11,"Essex Fells, NJ 07021 Daily Sum",Carolina Wren,0.0
2025-12-11,"Essex Fells, NJ 07021 Daily Sum",Red-breasted Nuthatch,0.0
2025-12-11,"Essex Fells, NJ 07021 Daily Sum",Carolina Wren,0.0
2025-12-12,"Essex Fells, NJ 07021 Daily Sum",Northern Cardinal,35.0
2025-12-12,"Essex Fells, NJ 07021 Daily Sum",Tufted Titmouse,48.0
2025-12-12,"Essex Fells, NJ 07021 Daily Sum",Blue Jay,212.0
2025-12-12,"Essex Fells, NJ 07021 Daily Sum",Downy Woodpecker,4.0
2025-12-12,"Essex Fells, NJ 07021 Daily Sum",White-breasted Nuthatch,15.0
2025-12-12,"Essex Fells, NJ 07021 Daily Sum",Dark-eyed Junco,27.0
2025-12-12,"Essex Fells, NJ 07021 Daily Sum",House Finch,12.0
2025-12-12,"Essex Fells, NJ 07021 Daily Sum",Red-bellied Woodpecker,46.0
2025-12-12,"Essex Fells, NJ 07021 Daily Sum",Black-capped Chickadee,66.0
2025-12-12,"Essex Fells, NJ 07021 Daily Sum",Mourning Dove,39.0
2025-12-12,"Essex Fells, NJ 07021 Daily Sum",Common Grackle,0.0
2025-12-12,"Essex Fells, NJ 07021 Daily Sum",Carolina Wren,0.0
2025-12-12,"Essex Fells, NJ 07021 Daily Sum",Red-breasted Nuthatch,1.0
2025-12-12,"Essex Fells, NJ 07021 Daily Sum",Carolina Wren,0.0
2025-12-13,"Essex Fells, NJ 07021 Daily Sum",Northern Cardinal,29.0
2025-12-13,"Essex Fells, NJ 07021 Daily Sum",Tufted Titmouse,24.0
2025-12-13,"Essex Fells, NJ 07021 Daily Sum",Blue Jay,143.0
2025-12-13,"Essex Fells, NJ 07021 Daily Sum",Downy Woodpecker,0.0
2025-12-13,"Essex Fells, NJ 07021 Daily Sum",White-breasted Nuthatch,9.0
2025-12-13,"Essex Fells, NJ 07021 Daily Sum",Dark-eyed Junco,29.0
2025-12-13,"Essex Fells, NJ 07021 Daily Sum",House Finch,19.0
2025-12-13,"Essex Fells, NJ 07021 Daily Sum",Red-bellied Woodpecker,37.0
2025-12-13,"Essex Fells, NJ 07021 Daily Sum",Black-capped Chickadee,30.0
2025-12-13,"Essex Fells, NJ 07021 Daily Sum",Mourning Dove,66.0
2025-12-13,"Essex Fells, NJ 07021 Daily Sum",Common Grackle,0.0
2025-12-13,"Essex Fells, NJ 07021 Daily Sum",Carolina Wren,0.0
2025-12-13,"Essex Fells, NJ 07021 Daily Sum",Red-breasted Nuthatch,0.0
2025-12-13,"Essex Fells, NJ 07021 Daily Sum",Carolina Wren,0.0
2025-12-14,"Essex Fells, NJ 07021 Daily Sum",Northern Cardinal,44.0
2025-12-14,"Essex Fells, NJ 07021 Daily Sum",Tufted Titmouse,63.0
2025-12-14,"Essex Fells, NJ 07021 Daily Sum",Blue Jay,234.0
2025-12-14,"Essex Fells, NJ 07021 Daily Sum",Downy Woodpecker,13.0
2025-12-14,"Essex Fells, NJ 07021 Daily Sum",White-breasted Nuthatch,13.0
2025-12-14,"Essex Fells, NJ 07021 Daily Sum",Dark-eyed Junco,84.0
2025-12-14,"Essex Fells, NJ 07021 Daily Sum",House Finch,55.0
2025-12-14,"Essex Fells, NJ 07021 Daily Sum",Red-bellied Woodpecker,15.0
2025-12-14,"Essex Fells, NJ 07021 Daily Sum",Black-capped Chickadee,31.0
2025-12-14,"Essex Fells, NJ 07021 Daily Sum",Mourning Dove,93.0
2025-12-14,"Essex Fells, NJ 07021 Daily Sum",Common Grackle,0.0
2025-12-14,"Essex Fells, NJ 07021 Daily Sum",Carolina Wren,0.0
2025-12-14,"Essex Fells, NJ 07021 Daily Sum",Red-breasted Nuthatch,0.0
2025-12-14,"Essex Fells, NJ 07021 Daily Sum",Carolina Wren,0.0
2025-12-14,"Essex Fells, NJ 07021 Daily Sum",House Sparrow,4.0
2025-12-15,"Essex Fells, NJ 07021 Daily Sum",Northern Cardinal,43.0
2025-12-15,"Essex Fells, NJ 07021 Daily Sum",Tufted Titmouse,19.0
2025-12-15,"Essex Fells, NJ 07021 Daily Sum",Blue Jay,251.0
2025-12-15,"Essex Fells, NJ 07021 Daily Sum",Downy Woodpecker,13.0
2025-12-15,"Essex Fells, NJ 07021 Daily Sum",White-breasted Nuthatch,11.0
2025-12-15,"Essex Fells, NJ 07021 Daily Sum",Dark-eyed Junco,110.0
2025-12-15,"Essex Fells, NJ 07021 Daily Sum",House Finch,29.0
2025-12-15,"Essex Fells, NJ 07021 Daily Sum",Red-bellied Woodpecker,21.0
2025-12-15,"Essex Fells, NJ 07021 Daily Sum",Black-capped Chickadee,25.0
2025-12-15,"Essex Fells, NJ 07021 Daily Sum",Mourning Dove,126.0
2025-12-15,"Essex Fells, NJ 07021 Daily Sum",Common Grackle,0.0
2025-12-15,"Essex Fells, NJ 07021 Daily Sum",Carolina Wren,0.0
2025-12-15,"Essex Fells, NJ 07021 Daily Sum",Red-breasted Nuthatch,0.0
2025-12-15,"Essex Fells, NJ 07021 Daily Sum",Carolina Wren,0.0
2025-12-15,"Essex Fells, NJ 07021 Daily Sum",House Sparrow,8.0
2025-12-15,"Essex Fells, NJ 07021 Daily Sum",White-throated Sparrow,3.0
2025-12-16,"Essex Fells, NJ 07021 Daily Sum",Northern Cardinal,19.0
2025-12-16,"Essex Fells, NJ 07021 Daily Sum",Tufted Titmouse,23.0
2025-12-16,"Essex Fells, NJ 07021 Daily Sum",Blue Jay,353.0
2025-12-16,"Essex Fells, NJ 07021 Daily Sum",Downy Woodpecker,11.0
2025-12-16,"Essex Fells, NJ 07021 Daily Sum",White-breasted Nuthatch,17.0
2025-12-16,"Essex Fells, NJ 07021 Daily Sum",Dark-eyed Junco,39.0
2025-12-16,"Essex Fells, NJ 07021 Daily Sum",House Finch,12.0
2025-12-16,"Essex Fells, NJ 07021 Daily Sum",Red-bellied Woodpecker,37.0
2025-12-16,"Essex Fells, NJ 07021 Daily Sum",Black-capped Chickadee,0.0
2025-12-16,"Essex Fells, NJ 07021 Daily Sum",Mourning Dove,196.0
2025-12-16,"Essex Fells, NJ 07021 Daily Sum",Common Grackle,0.0
2025-12-16,"Essex Fells, NJ 07021 Daily Sum",Carolina Wren,10.0
2025-12-16,"Essex Fells, NJ 07021 Daily Sum",Red-breasted Nuthatch,0.0
2025-12-16,"Essex Fells, NJ 07021 Daily Sum",Carolina Wren,10.0
2025-12-16,"Essex Fells, NJ 07021 Daily Sum",House Sparrow,12.0
2025-12-16,"Essex Fells, NJ 07021 Daily Sum",White-throated Sparrow,0.0
2025-12-17,"Essex Fells, NJ 07021 Daily Sum",Northern Cardinal,18.0
2025-12-17,"Essex Fells, NJ 07021 Daily Sum",Tufted Titmouse,10.0
2025-12-17,"Essex Fells, NJ 07021 Daily Sum",Blue Jay,193.0
2025-12-17,"Essex Fells, NJ 07021 Daily Sum",Downy Woodpecker,14.0
2025-12-17,"Essex Fells, NJ 07021 Daily Sum",White-breasted Nuthatch,12.0
2025-12-17,"Essex Fells, NJ 07021 Daily Sum",Dark-eyed Junco,62.0
2025-12-17,"Essex Fells, NJ 07021 Daily Sum",House Finch,81.0
2025-12-17,"Essex Fells, NJ 07021 Daily Sum",Red-bellied Woodpecker,25.0
2025-12-17,"Essex Fells, NJ 07021 Daily Sum",Black-capped Chickadee,6.0
2025-12-17,"Essex Fells, NJ 07021 Daily Sum",Mourning Dove,232.0
2025-12-17,"Essex Fells, NJ 07021 Daily Sum",Common Grackle,0.0
2025-12-17,"Essex Fells, NJ 07021 Daily Sum",Carolina Wren,2.0
2025-12-17,"Essex Fells, NJ 07021 Daily Sum",Red-breasted Nuthatch,0.0
2025-12-17,"Essex Fells, NJ 07021 Daily Sum",Carolina Wren,2.0
2025-12-17,"Essex Fells, NJ 07021 Daily Sum",House Sparrow,15.0
2025-12-17,"Essex Fells, NJ 07021 Daily Sum",White-throated Sparrow,0.0
2025-12-18,"Essex Fells, NJ 07021 Daily Sum",Northern Cardinal,20.0
2025-12-18,"Essex Fells, NJ 07021 Daily Sum",Tufted Titmouse,10.0
2025-12-18,"Essex Fells, NJ 07021 Daily Sum",Blue Jay,204.0
2025-12-18,"Essex Fells, NJ 07021 Daily Sum",Downy Woodpecker,16.0
2025-12-18,"Essex Fells, NJ 07021 Daily Sum",White-breasted Nuthatch,11.0
2025-12-18,"Essex Fells, NJ 07021 Daily Sum",Dark-eyed Junco,30.0
2025-12-18,"Essex Fells, NJ 07021 Daily Sum",House Finch,62.0
2025-12-18,"Essex Fells, NJ 07021 Daily Sum",Red-bellied Woodpecker,31.0
2025-12-18,"Essex Fells, NJ 07021 Daily Sum",Black-capped Chickadee,26.0
2025-12-18,"Essex Fells, NJ 07021 Daily Sum",Mourning Dove,205.0
2025-12-18,"Essex Fells, NJ 07021 Daily Sum",Common Grackle,1.0
2025-12-18,"Essex Fells, NJ 07021 Daily Sum",Carolina Wren,0.0
2025-12-18,"Essex Fells, NJ 07021 Daily Sum",Red-breasted Nuthatch,0.0
2025-12-18,"Essex Fells, NJ 07021 Daily Sum",Carolina Wren,0.0
2025-12-18,"Essex Fells, NJ 07021 Daily Sum",House Sparrow,4.0
2025-12-18,"Essex Fells, NJ 07021 Daily Sum",White-throated Sparrow,0.0
2025-12-18,"Essex Fells, NJ 07021 Daily Sum",Hairy Woodpecker,7.0
2025-12-19,"Essex Fells, NJ 07021 Daily Sum",Northern Cardinal,23.0
2025-12-19,"Essex Fells, NJ 07021 Daily Sum",Tufted Titmouse,19.0
2025-12-19,"Essex Fells, NJ 07021 Daily Sum",Blue Jay,52.0
2025-12-19,"Essex Fells, NJ 07021 Daily Sum",Downy Woodpecker,19.0
2025-12-19,"Essex Fells, NJ 07021 Daily Sum",White-breasted Nuthatch,29.0
2025-12-19,"Essex Fells, NJ 07021 Daily Sum",Dark-eyed Junco,36.0
2025-12-19,"Essex Fells, NJ 07021 Daily Sum",House Finch,97.0
2025-12-19,"Essex Fells, NJ 07021 Daily Sum",Red-bellied Woodpecker,10.0
2025-12-19,"Essex Fells, NJ 07021 Daily Sum",Black-capped Chickadee,22.0
2025-12-19,"Essex Fells, NJ 07021 Daily Sum",Mourning Dove,192.0
2025-12-19,"Essex Fells, NJ 07021 Daily Sum",Common Grackle,0.0
2025-12-19,"Essex Fells, NJ 07021 Daily Sum",Carolina Wren,0.0
2025-12-19,"Essex Fells, NJ 07021 Daily Sum",Red-breasted Nuthatch,0.0
2025-12-19,"Essex Fells, NJ 07021 Daily Sum",Carolina Wren,0.0
2025-12-19,"Essex Fells, NJ 07021 Daily Sum",House Sparrow,0.0
2025-12-19,"Essex Fells, NJ 07021 Daily Sum",White-throated Sparrow,0.0
2025-12-19,"Essex Fells, NJ 07021 Daily Sum",Hairy Woodpecker,6.0
2025-12-20,"Essex Fells, NJ 07021 Daily Sum",Northern Cardinal,26.0
2025-12-20,"Essex Fells, NJ 07021 Daily Sum",Tufted Titmouse,23.0
2025-12-20,"Essex Fells, NJ 07021 Daily Sum",Blue Jay,98.0
2025-12-20,"Essex Fells, NJ 07021 Daily Sum",Downy Woodpecker,17.0
2025-12-20,"Essex Fells, NJ 07021 Daily Sum",White-breasted Nuthatch,20.0
2025-12-20,"Essex Fells, NJ 07021 Daily Sum",Dark-eyed Junco,28.0
2025-12-20,"Essex Fells, NJ 07021 Daily Sum",House Finch,71.0
2025-12-20,"Essex Fells, NJ 07021 Daily Sum",Red-bellied Woodpecker,16.0
2025-12-20,"Essex Fells, NJ 07021 Daily Sum",Black-capped Chickadee,2.0
2025-12-20,"Essex Fells, NJ 07021 Daily Sum",Mourning Dove,179.0
2025-12-20,"Essex Fells, NJ 07021 Daily Sum",Common Grackle,0.0
2025-12-20,"Essex Fells, NJ 07021 Daily Sum",Carolina Wren,0.0
2025-12-20,"Essex Fells, NJ 07021 Daily Sum",Red-breasted Nuthatch,0.0
2025-12-20,"Essex Fells, NJ 07021 Daily Sum",Carolina Wren,0.0
2025-12-20,"Essex Fells, NJ 07021 Daily Sum",House Sparrow,10.0
2025-12-20,"Essex Fells, NJ 07021 Daily Sum",White-throated Sparrow,0.0
2025-12-20,"Essex Fells, NJ 07021 Daily Sum",Hairy Woodpecker,9.0
2025-12-21,"Essex Fells, NJ 07021 Daily Sum",Northern Cardinal,31.0
2025-12-21,"Essex Fells, NJ 07021 Daily Sum",Tufted Titmouse,26.0
2025-12-21,"Essex Fells, NJ 07021 Daily Sum",Blue Jay,54.0
2025-12-21,"Essex Fells, NJ 07021 Daily Sum",Downy Woodpecker,7.0
2025-12-21,"Essex Fells, NJ 07021 Daily Sum",White-breasted Nuthatch,10.0
2025-12-21,"Essex Fells, NJ 07021 Daily Sum",Dark-eyed Junco,32.0
2025-12-21,"Essex Fells, NJ 07021 Daily Sum",House Finch,72.0
2025-12-21,"Essex Fells, NJ 07021 Daily Sum",Red-bellied Woodpecker,5.0
2025-12-21,"Essex Fells, NJ 07021 Daily Sum",Black-capped Chickadee,21.0
2025-12-21,"Essex Fells, NJ 07021 Daily Sum",Mourning Dove,159.0
2025-12-21,"Essex Fells, NJ 07021 Daily Sum",Common Grackle,0.0
2025-12-21,"Essex Fells, NJ 07021 Daily Sum",Carolina Wren,0.0
2025-12-21,"Essex Fells, NJ 07021 Daily Sum",Red-breasted Nuthatch,0.0
2025-12-21,"Essex Fells, NJ 07021 Daily Sum",Carolina Wren,0.0
2025-12-21,"Essex Fells, NJ 07021 Daily Sum",House Sparrow,11.0
2025-12-21,"Essex Fells, NJ 07021 Daily Sum",White-throated Sparrow,0.0
2025-12-21,"Essex Fells, NJ 07021 Daily Sum",Hairy Woodpecker,3.0
2025-12-22,"Essex Fells, NJ 07021 Daily Sum",Northern Cardinal,30.0
2025-12-22,"Essex Fells, NJ 07021 Daily Sum",Tufted Titmouse,5.0
2025-12-22,"Essex Fells, NJ 07021 Daily Sum",Blue Jay,176.0
2025-12-22,"Essex Fells, NJ 07021 Daily Sum",Downy Woodpecker,3.0
2025-12-22,"Essex Fells, NJ 07021 Daily Sum",White-breasted Nuthatch,3.0
2025-12-22,"Essex Fells, NJ 07021 Daily Sum",Dark-eyed Junco,39.0
2025-12-22,"Essex Fells, NJ 07021 Daily Sum",House Finch,82.0
2025-12-22,"Essex Fells, NJ 07021 Daily Sum",Red-bellied Woodpecker,27.0
2025-12-22,"Essex Fells, NJ 07021 Daily Sum",Black-capped Chickadee,23.0
2025-12-22,"Essex Fells, NJ 07021 Daily Sum",Mourning Dove,195.0
2025-12-22,"Essex Fells, NJ 07021 Daily Sum",Common Grackle,0.0
2025-12-22,"Essex Fells, NJ 07021 Daily Sum",Carolina Wren,0.0
2025-12-22,"Essex Fells, NJ 07021 Daily Sum",Red-breasted Nuthatch,0.0
2025-12-22,"Essex Fells, NJ 07021 Daily Sum",Carolina Wren,0.0
2025-12-22,"Essex Fells, NJ 07021 Daily Sum",House Sparrow,0.0
2025-12-22,"Essex Fells, NJ 07021 Daily Sum",White-throated Sparrow,0.0
2025-12-22,"Essex Fells, NJ 07021 Daily Sum",Hairy Woodpecker,3.0
2025-12-23,"Essex Fells, NJ 07021 Daily Sum",Northern Cardinal,41.0
2025-12-23,"Essex Fells, NJ 07021 Daily Sum",Tufted Titmouse,33.0
2025-12-23,"Essex Fells, NJ 07021 Daily Sum",Blue Jay,108.0
2025-12-23,"Essex Fells, NJ 07021 Daily Sum",Downy Woodpecker,17.0
2025-12-23,"Essex Fells, NJ 07021 Daily Sum",White-breasted Nuthatch,16.0
2025-12-23,"Essex Fells, NJ 07021 Daily Sum",Dark-eyed Junco,106.0
2025-12-23,"Essex Fells, NJ 07021 Daily Sum",House Finch,82.0
2025-12-23,"Essex Fells, NJ 07021 Daily Sum",Red-bellied Woodpecker,13.0
2025-12-23,"Essex Fells, NJ 07021 Daily Sum",Black-capped Chickadee,11.0
2025-12-23,"Essex Fells, NJ 07021 Daily Sum",Mourning Dove,181.0
2025-12-23,"Essex Fells, NJ 07021 Daily Sum",Common Grackle,1.0
2025-12-23,"Essex Fells, NJ 07021 Daily Sum",Carolina Wren,0.0
2025-12-23,"Essex Fells, NJ 07021 Daily Sum",Red-breasted Nuthatch,0.0
2025-12-23,"Essex Fells, NJ 07021 Daily Sum",Carolina Wren,0.0
2025-12-23,"Essex Fells, NJ 07021 Daily Sum",House Sparrow,0.0
2025-12-23,"Essex Fells, NJ 07021 Daily Sum",White-throated Sparrow,0.0
2025-12-23,"Essex Fells, NJ 07021 Daily Sum",Hairy Woodpecker,0.0
2025-12-23,"Essex Fells, NJ 07021 Daily Sum",Song Sparrow,2.0
2026-01-12,"Essex Fells, NJ 07021 Daily Sum",Northern Cardinal,30.0
2026-01-12,"Essex Fells, NJ 07021 Daily Sum",Tufted Titmouse,0.0
2026-01-12,"Essex Fells, NJ 07021 Daily Sum",Blue Jay,9.0
2026-01-12,"Essex Fells, NJ 07021 Daily Sum",Downy Woodpecker,0.0
2026-01-12,"Essex Fells, NJ 07021 Daily Sum",White-breasted Nuthatch,15.0
2026-01-12,"Essex Fells, NJ 07021 Daily Sum",Dark-eyed Junco,1.0
2026-01-12,"Essex Fells, NJ 07021 Daily Sum",House Finch,10.0
2026-01-12,"Essex Fells, NJ 07021 Daily Sum",Red-bellied Woodpecker,26.0
2026-01-12,"Essex Fells, NJ 07021 Daily Sum",Black-capped Chickadee,31.0
2026-01-12,"Essex Fells, NJ 07021 Daily Sum",Mourning Dove,0.0
2026-01-12,"Essex Fells, NJ 07021 Daily Sum",Common Grackle,0.0
2026-01-12,"Essex Fells, NJ 07021 Daily Sum",Carolina Wren,0.0
2026-01-12,"Essex Fells, NJ 07021 Daily Sum",Red-breasted Nuthatch,0.0
2026-01-12,"Essex Fells, NJ 07021 Daily Sum",Carolina Wren,0.0
2026-01-12,"Essex Fells, NJ 07021 Daily Sum",House Sparrow,0.0
2026-01-12,"Essex Fells, NJ 07021 Daily Sum",White-throated Sparrow,0.0
2026-01-12,"Essex Fells, NJ 07021 Daily Sum",Hairy Woodpecker,0.0
2026-01-12,"Essex Fells, NJ 07021 Daily Sum",Song Sparrow,0.0
2026-01-13,"Essex Fells, NJ 07021 Daily Sum",Northern Cardinal,63.0
2026-01-13,"Essex Fells, NJ 07021 Daily Sum",Tufted Titmouse,36.0
2026-01-13,"Essex Fells, NJ 07021 Daily Sum",Blue Jay,45.0
2026-01-13,"Essex Fells, NJ 07021 Daily Sum",Downy Woodpecker,8.0
2026-01-13,"Essex Fells, NJ 07021 Daily Sum",White-breasted Nuthatch,71.0
2026-01-13,"Essex Fells, NJ 07021 Daily Sum",Dark-eyed Junco,10.0
2026-01-13,"Essex Fells, NJ 07021 Daily Sum",House Finch,34.0
2026-01-13,"Essex Fells, NJ 07021 Daily Sum",Red-bellied Woodpecker,48.0
2026-01-13,"Essex Fells, NJ 07021 Daily Sum",Black-capped Chickadee,100.0
2026-01-13,"Essex Fells, NJ 07021 Daily Sum",Mourning Dove,0.0
2026-01-13,"Essex Fells, NJ 07021 Daily Sum",Common Grackle,0.0
2026-01-13,"Essex Fells, NJ 07021 Daily Sum",Carolina Wren,0.0
2026-01-13,"Essex Fells, NJ 07021 Daily Sum",Red-breasted Nuthatch,0.0
2026-01-13,"Essex Fells, NJ 07021 Daily Sum",Carolina Wren,0.0
2026-01-13,"Essex Fells, NJ 07021 Daily Sum",House Sparrow,0.0
2026-01-13,"Essex Fells, NJ 07021 Daily Sum",White-throated Sparrow,0.0
2026-01-13,"Essex Fells, NJ 07021 Daily Sum",Hairy Woodpecker,0.0
2026-01-13,"Essex Fells, NJ 07021 Daily Sum",Song Sparrow,0.0
2026-01-14,"Essex Fells, NJ 07021 Daily Sum",Northern Cardinal,42.0
2026-01-14,"Essex Fells, NJ 07021 Daily Sum",Tufted Titmouse,0.0
2026-01-14,"Essex Fells, NJ 07021 Daily Sum",Blue Jay,10.0
2026-01-14,"Essex Fells, NJ 07021 Daily Sum",Downy Woodpecker,7.0
2026-01-14,"Essex Fells, NJ 07021 Daily Sum",White-breasted Nuthatch,51.0
2026-01-14,"Essex Fells, NJ 07021 Daily Sum",Dark-eyed Junco,0.0
2026-01-14,"Essex Fells, NJ 07021 Daily Sum",House Finch,19.0
2026-01-14,"Essex Fells, NJ 07021 Daily Sum",Red-bellied Woodpecker,1.0
2026-01-14,"Essex Fells, NJ 07021 Daily Sum",Black-capped Chickadee,75.0
2026-01-14,"Essex Fells, NJ 07021 Daily Sum",Mourning Dove,0.0
2026-01-14,"Essex Fells, NJ 07021 Daily Sum",Common Grackle,0.0
2026-01-14,"Essex Fells, NJ 07021 Daily Sum",Carolina Wren,0.0
2026-01-14,"Essex Fells, NJ 07021 Daily Sum",Red-breasted Nuthatch,0.0
2026-01-14,"Essex Fells, NJ 07021 Daily Sum",Carolina Wren,0.0
2026-01-14,"Essex Fells, NJ 07021 Daily Sum",House Sparrow,0.0
2026-01-14,"Essex Fells, NJ 07021 Daily Sum",White-throated Sparrow,0.0
2026-01-14,"Essex Fells, NJ 07021 Daily Sum",Hairy Woodpecker,0.0
2026-01-14,"Essex Fells, NJ 07021 Daily Sum",Song Sparrow,0.0
2026-01-15,"Essex Fells, NJ 07021 Daily Sum",Northern Cardinal,41.0
2026-01-15,"Essex Fells, NJ 07021 Daily Sum",Tufted Titmouse,0.0
2026-01-15,"Essex Fells, NJ 07021 Daily Sum",Blue Jay,24.0
2026-01-15,"Essex Fells, NJ 07021 Daily Sum",Downy Woodpecker,2.0
2026-01-15,"Essex Fells, NJ 07021 Daily Sum",White-breasted Nuthatch,63.0
2026-01-15,"Essex Fells, NJ 07021 Daily Sum",Dark-eyed Junco,35.0
2026-01-15,"Essex Fells, NJ 07021 Daily Sum",House Finch,11.0
2026-01-15,"Essex Fells, NJ 07021 Daily Sum",Red-bellied Woodpecker,9.0
2026-01-15,"Essex Fells, NJ 07021 Daily Sum",Black-capped Chickadee,55.0
2026-01-15,"Essex Fells, NJ 07021 Daily Sum",Mourning Dove,0.0
2026-01-15,"Essex Fells, NJ 07021 Daily Sum",Common Grackle,0.0
2026-01-15,"Essex Fells, NJ 07021 Daily Sum",Carolina Wren,0.0
2026-01-15,"Essex Fells, NJ 07021 Daily Sum",Red-breasted Nuthatch,0.0
2026-01-15,"Essex Fells, NJ 07021 Daily Sum",Carolina Wren,0.0
2026-01-15,"Essex Fells, NJ 07021 Daily Sum",House Sparrow,0.0
2026-01-15,"Essex Fells, NJ 07021 Daily Sum",White-throated Sparrow,0.0
2026-01-15,"Essex Fells, NJ 07021 Daily Sum",Hairy Woodpecker,0.0
2026-01-15,"Essex Fells, NJ 07021 Daily Sum",Song Sparrow,0.0
2026-01-16,"Essex Fells, NJ 07021 Daily Sum",Northern Cardinal,46.0
2026-01-16,"Essex Fells, NJ 07021 Daily Sum",Tufted Titmouse,0.0
2026-01-16,"Essex Fells, NJ 07021 Daily Sum",Blue Jay,131.0
2026-01-16,"Essex Fells, NJ 07021 Daily Sum",Downy Woodpecker,0.0
2026-01-16,"Essex Fells, NJ 07021 Daily Sum",White-breasted Nuthatch,59.0
2026-01-16,"Essex Fells, NJ 07021 Daily Sum",Dark-eyed Junco,139.0
2026-01-16,"Essex Fells, NJ 07021 Daily Sum",House Finch,4.0
2026-01-16,"Essex Fells, NJ 07021 Daily Sum",Red-bellied Woodpecker,32.0
2026-01-16,"Essex Fells, NJ 07021 Daily Sum",Black-capped Chickadee,74.0
2026-01-16,"Essex Fells, NJ 07021 Daily Sum",Mourning Dove,0.0
2026-01-16,"Essex Fells, NJ 07021 Daily Sum",Common Grackle,0.0
2026-01-16,"Essex Fells, NJ 07021 Daily Sum",Carolina Wren,0.0
2026-01-16,"Essex Fells, NJ 07021 Daily Sum",Red-breasted Nuthatch,0.0
2026-01-16,"Essex Fells, NJ 07021 Daily Sum",Carolina Wren,0.0
2026-01-16,"Essex Fells, NJ 07021 Daily Sum",House Sparrow,0.0
2026-01-16,"Essex Fells, NJ 07021 Daily Sum",White-throated Sparrow,13.0
2026-01-16,"Essex Fells, NJ 07021 Daily Sum",Hairy Woodpecker,0.0
2026-01-16,"Essex Fells, NJ 07021 Daily Sum",Song Sparrow,0.0
2026-01-16,"Essex Fells, NJ 07021 Daily Sum",American Robin,1.0
2026-01-17,"Essex Fells, NJ 07021 Daily Sum",Northern Cardinal,110.0
2026-01-17,"Essex Fells, NJ 07021 Daily Sum",Tufted Titmouse,43.0
2026-01-17,"Essex Fells, NJ 07021 Daily Sum",Blue Jay,86.0
2026-01-17,"Essex Fells, NJ 07021 Daily Sum",Downy Woodpecker,8.0
2026-01-17,"Essex Fells, NJ 07021 Daily Sum",White-breasted Nuthatch,23.0
2026-01-17,"Essex Fells, NJ 07021 Daily Sum",Dark-eyed Junco,353.0
2026-01-17,"Essex Fells, NJ 07021 Daily Sum",House Finch,0.0
2026-01-17,"Essex Fells, NJ 07021 Daily Sum",Red-bellied Woodpecker,15.0
2026-01-17,"Essex Fells, NJ 07021 Daily Sum",Black-capped Chickadee,57.0
2026-01-17,"Essex Fells, NJ 07021 Daily Sum",Mourning Dove,0.0
2026-01-17,"Essex Fells, NJ 07021 Daily Sum",Common Grackle,0.0
2026-01-17,"Essex Fells, NJ 07021 Daily Sum",Carolina Wren,0.0
2026-01-17,"Essex Fells, NJ 07021 Daily Sum",Red-breasted Nuthatch,0.0
2026-01-17,"Essex Fells, NJ 07021 Daily Sum",Carolina Wren,0.0
2026-01-17,"Essex Fells, NJ 07021 Daily Sum",House Sparrow,0.0
2026-01-17,"Essex Fells, NJ 07021 Daily Sum",White-throated Sparrow,47.0
2026-01-17,"Essex Fells, NJ 07021 Daily Sum",Hairy Woodpecker,0.0
2026-01-17,"Essex Fells, NJ 07021 Daily Sum",Song Sparrow,0.0
2026-01-17,"Essex Fells, NJ 07021 Daily Sum",American Robin,0.0
2026-01-18,"Essex Fells, NJ 07021 Daily Sum",Northern Cardinal,68.0
2026-01-18,"Essex Fells, NJ 07021 Daily Sum",Tufted Titmouse,63.0
2026-01-18,"Essex Fells, NJ 07021 Daily Sum",Blue Jay,233.0
2026-01-18,"Essex Fells, NJ 07021 Daily Sum",Downy Woodpecker,6.0
2026-01-18,"Essex Fells, NJ 07021 Daily Sum",White-breasted Nuthatch,26.0
2026-01-18,"Essex Fells, NJ 07021 Daily Sum",Dark-eyed Junco,299.0
2026-01-18,"Essex Fells, NJ 07021 Daily Sum",House Finch,2.0
2026-01-18,"Essex Fells, NJ 07021 Daily Sum",Red-bellied Woodpecker,9.0
2026-01-18,"Essex Fells, NJ 07021 Daily Sum",Black-capped Chickadee,70.0
2026-01-18,"Essex Fells, NJ 07021 Daily Sum",Mourning Dove,7.0
2026-01-18,"Essex Fells, NJ 07021 Daily Sum",Common Grackle,0.0
2026-01-18,"Essex Fells, NJ 07021 Daily Sum",Carolina Wren,0.0
2026-01-18,"Essex Fells, NJ 07021 Daily Sum",Red-breasted Nuthatch,1.0
2026-01-18,"Essex Fells, NJ 07021 Daily Sum",Carolina Wren,0.0
2026-01-18,"Essex Fells, NJ 07021 Daily Sum",House Sparrow,0.0
2026-01-18,"Essex Fells, NJ 07021 Daily Sum",White-throated Sparrow,31.0
2026-01-18,"Essex Fells, NJ 07021 Daily Sum",Hairy Woodpecker,0.0
2026-01-18,"Essex Fells, NJ 07021 Daily Sum",Song Sparrow,0.0
2026-01-18,"Essex Fells, NJ 07021 Daily Sum",American Robin,0.0
2026-03-25,"Essex Fells, NJ 07021 Daily Sum",Northern Cardinal,69.0
2026-03-25,"Essex Fells, NJ 07021 Daily Sum",Tufted Titmouse,6.0
2026-03-25,"Essex Fells, NJ 07021 Daily Sum",Blue Jay,80.0
2026-03-25,"Essex Fells, NJ 07021 Daily Sum",Downy Woodpecker,5.0
2026-03-25,"Essex Fells, NJ 07021 Daily Sum",White-breasted Nuthatch,4.0
2026-03-25,"Essex Fells, NJ 07021 Daily Sum",Dark-eyed Junco,1.0
2026-03-25,"Essex Fells, NJ 07021 Daily Sum",House Finch,0.0
2026-03-25,"Essex Fells, NJ 07021 Daily Sum",Red-bellied Woodpecker,0.0
2026-03-25,"Essex Fells, NJ 07021 Daily Sum",Black-capped Chickadee,0.0
2026-03-25,"Essex Fells, NJ 07021 Daily Sum",Mourning Dove,0.0
2026-03-25,"Essex Fells, NJ 07021 Daily Sum",Common Grackle,0.0
2026-03-25,"Essex Fells, NJ 07021 Daily Sum",Carolina Wren,0.0
2026-03-25,"Essex Fells, NJ 07021 Daily Sum",Red-breasted Nuthatch,0.0
2026-03-25,"Essex Fells, NJ 07021 Daily Sum",Carolina Wren,0.0
2026-03-25,"Essex Fells, NJ 07021 Daily Sum",House Sparrow,0.0
2026-03-25,"Essex Fells, NJ 07021 Daily Sum",White-throated Sparrow,0.0
2026-03-25,"Essex Fells, NJ 07021 Daily Sum",Hairy Woodpecker,1.0
2026-03-25,"Essex Fells, NJ 07021 Daily Sum",Song Sparrow,0.0
2026-03-25,"Essex Fells, NJ 07021 Daily Sum",American Robin,0.0
2026-03-26,"Essex Fells, NJ 07021 Daily Sum",Northern Cardinal,56.0
2026-03-26,"Essex Fells, NJ 07021 Daily Sum",Tufted Titmouse,0.0
2026-03-26,"Essex Fells, NJ 07021 Daily Sum",Blue Jay,12.0
2026-03-26,"Essex Fells, NJ 07021 Daily Sum",Downy Woodpecker,0.0
2026-03-26,"Essex Fells, NJ 07021 Daily Sum",White-breasted Nuthatch,5.0
2026-03-26,"Essex Fells, NJ 07021 Daily Sum",Dark-eyed Junco,0.0
2026-03-26,"Essex Fells, NJ 07021 Daily Sum",House Finch,0.0
2026-03-26,"Essex Fells, NJ 07021 Daily Sum",Red-bellied Woodpecker,0.0
2026-03-26,"Essex Fells, NJ 07021 Daily Sum",Black-capped Chickadee,0.0
2026-03-26,"Essex Fells, NJ 07021 Daily Sum",Mourning Dove,0.0
2026-03-26,"Essex Fells, NJ 07021 Daily Sum",Common Grackle,0.0
2026-03-26,"Essex Fells, NJ 07021 Daily Sum",Carolina Wren,0.0
2026-03-26,"Essex Fells, NJ 07021 Daily Sum",Red-breasted Nuthatch,0.0
2026-03-26,"Essex Fells, NJ 07021 Daily Sum",Carolina Wren,0.0
2026-03-26,"Essex Fells, NJ 07021 Daily Sum",House Sparrow,0.0
2026-03-26,"Essex Fells, NJ 07021 Daily Sum",White-throated Sparrow,0.0
2026-03-26,"Essex Fells, NJ 07021 Daily Sum",Hairy Woodpecker,0.0
2026-03-26,"Essex Fells, NJ 07021 Daily Sum",Song Sparrow,0.0
2026-03-26,"Essex Fells, NJ 07021 Daily Sum",American Robin,0.0
2026-03-27,"Essex Fells, NJ 07021 Daily Sum",Northern Cardinal,59.0
2026-03-27,"Essex Fells, NJ 07021 Daily Sum",Tufted Titmouse,20.0
2026-03-27,"Essex Fells, NJ 07021 Daily Sum",Blue Jay,28.0
2026-03-27,"Essex Fells, NJ 07021 Daily Sum",Downy Woodpecker,0.0
2026-03-27,"Essex Fells, NJ 07021 Daily Sum",White-breasted Nuthatch,35.0
2026-03-27,"Essex Fells, NJ 07021 Daily Sum",Dark-eyed Junco,0.0
2026-03-27,"Essex Fells, NJ 07021 Daily Sum",House Finch,0.0
2026-03-27,"Essex Fells, NJ 07021 Daily Sum",Red-bellied Woodpecker,0.0
2026-03-27,"Essex Fells, NJ 07021 Daily Sum",Black-capped Chickadee,9.0
2026-03-27,"Essex Fells, NJ 07021 Daily Sum",Mourning Dove,0.0
2026-03-27,"Essex Fells, NJ 07021 Daily Sum",Common Grackle,0.0
2026-03-27,"Essex Fells, NJ 07021 Daily Sum",Carolina Wren,0.0
2026-03-27,"Essex Fells, NJ 07021 Daily Sum",Red-breasted Nuthatch,0.0
2026-03-27,"Essex Fells, NJ 07021 Daily Sum",Carolina Wren,0.0
2026-03-27,"Essex Fells, NJ 07021 Daily Sum",House Sparrow,0.0
2026-03-27,"Essex Fells, NJ 07021 Daily Sum",White-throated Sparrow,0.0
2026-03-27,"Essex Fells, NJ 07021 Daily Sum",Hairy Woodpecker,0.0
2026-03-27,"Essex Fells, NJ 07021 Daily Sum",Song Sparrow,0.0
2026-03-27,"Essex Fells, NJ 07021 Daily Sum",American Robin,0.0
2026-03-28,"Essex Fells, NJ 07021 Daily Sum",Northern Cardinal,58.0
2026-03-28,"Essex Fells, NJ 07021 Daily Sum",Tufted Titmouse,61.0
2026-03-28,"Essex Fells, NJ 07021 Daily Sum",Blue Jay,45.0
2026-03-28,"Essex Fells, NJ 07021 Daily Sum",Downy Woodpecker,0.0
2026-03-28,"Essex Fells, NJ 07021 Daily Sum",White-breasted Nuthatch,57.0
2026-03-28,"Essex Fells, NJ 07021 Daily Sum",Dark-eyed Junco,3.0
2026-03-28,"Essex Fells, NJ 07021 Daily Sum",House Finch,68.0
2026-03-28,"Essex Fells, NJ 07021 Daily Sum",Red-bellied Woodpecker,0.0
2026-03-28,"Essex Fells, NJ 07021 Daily Sum",Black-capped Chickadee,29.0
2026-03-28,"Essex Fells, NJ 07021 Daily Sum",Mourning Dove,16.0
2026-03-28,"Essex Fells, NJ 07021 Daily Sum",Common Grackle,0.0
2026-03-28,"Essex Fells, NJ 07021 Daily Sum",Carolina Wren,0.0
2026-03-28,"Essex Fells, NJ 07021 Daily Sum",Red-breasted Nuthatch,0.0
2026-03-28,"Essex Fells, NJ 07021 Daily Sum",Carolina Wren,0.0
2026-03-28,"Essex Fells, NJ 07021 Daily Sum",House Sparrow,0.0
2026-03-28,"Essex Fells, NJ 07021 Daily Sum",White-throated Sparrow,0.0
2026-03-28,"Essex Fells, NJ 07021 Daily Sum",Hairy Woodpecker,0.0
2026-03-28,"Essex Fells, NJ 07021 Daily Sum",Song Sparrow,0.0
2026-03-28,"Essex Fells, NJ 07021 Daily Sum",American Robin,0.0
2026-03-29,"Essex Fells, NJ 07021 Daily Sum",Northern Cardinal,54.0
2026-03-29,"Essex Fells, NJ 07021 Daily Sum",Tufted Titmouse,43.0
2026-03-29,"Essex Fells, NJ 07021 Daily Sum",Blue Jay,86.0
2026-03-29,"Essex Fells, NJ 07021 Daily Sum",Downy Woodpecker,4.0
2026-03-29,"Essex Fells, NJ 07021 Daily Sum",White-breasted Nuthatch,9.0
2026-03-29,"Essex Fells, NJ 07021 Daily Sum",Dark-eyed Junco,16.0
2026-03-29,"Essex Fells, NJ 07021 Daily Sum",House Finch,40.0
2026-03-29,"Essex Fells, NJ 07021 Daily Sum",Red-bellied Woodpecker,0.0
2026-03-29,"Essex Fells, NJ 07021 Daily Sum",Black-capped Chickadee,4.0
2026-03-29,"Essex Fells, NJ 07021 Daily Sum",Mourning Dove,7.0
2026-03-29,"Essex Fells, NJ 07021 Daily Sum",Common Grackle,0.0
2026-03-29,"Essex Fells, NJ 07021 Daily Sum",Carolina Wren,0.0
2026-03-29,"Essex Fells, NJ 07021 Daily Sum",Red-breasted Nuthatch,0.0
2026-03-29,"Essex Fells, NJ 07021 Daily Sum",Carolina Wren,0.0
2026-03-29,"Essex Fells, NJ 07021 Daily Sum",House Sparrow,5.0
2026-03-29,"Essex Fells, NJ 07021 Daily Sum",White-throated Sparrow,0.0
2026-03-29,"Essex Fells, NJ 07021 Daily Sum",Hairy Woodpecker,0.0
2026-03-29,"Essex Fells, NJ 07021 Daily Sum",Song Sparrow,0.0
2026-03-29,"Essex Fells, NJ 07021 Daily Sum",American Robin,0.0
2026-03-30,"Essex Fells, NJ 07021 Daily Sum",Northern Cardinal,45.0
2026-03-30,"Essex Fells, NJ 07021 Daily Sum",Tufted Titmouse,35.0
2026-03-30,"Essex Fells, NJ 07021 Daily Sum",Blue Jay,29.0
2026-03-30,"Essex Fells, NJ 07021 Daily Sum",Downy Woodpecker,1.0
2026-03-30,"Essex Fells, NJ 07021 Daily Sum",White-breasted Nuthatch,6.0
2026-03-30,"Essex Fells, NJ 07021 Daily Sum",Dark-eyed Junco,5.0
2026-03-30,"Essex Fells, NJ 07021 Daily Sum",House Finch,35.0
2026-03-30,"Essex Fells, NJ 07021 Daily Sum",Red-bellied Woodpecker,0.0
2026-03-30,"Essex Fells, NJ 07021 Daily Sum",Black-capped Chickadee,9.0
2026-03-30,"Essex Fells, NJ 07021 Daily Sum",Mourning Dove,20.0
2026-03-30,"Essex Fells, NJ 07021 Daily Sum",Common Grackle,0.0
2026-03-30,"Essex Fells, NJ 07021 Daily Sum",Carolina Wren,0.0
2026-03-30,"Essex Fells, NJ 07021 Daily Sum",Red-breasted Nuthatch,0.0
2026-03-30,"Essex Fells, NJ 07021 Daily Sum",Carolina Wren,0.0
2026-03-30,"Essex Fells, NJ 07021 Daily Sum",House Sparrow,0.0
2026-03-30,"Essex Fells, NJ 07021 Daily Sum",White-throated Sparrow,0.0
2026-03-30,"Essex Fells, NJ 07021 Daily Sum",Hairy Woodpecker,0.0
2026-03-30,"Essex Fells, NJ 07021 Daily Sum",Song Sparrow,0.0
2026-03-30,"Essex Fells, NJ 07021 Daily Sum",American Robin,0.0
2026-03-30,"Essex Fells, NJ 07021 Daily Sum",Pine Warbler,25.0
2026-03-31,"Essex Fells, NJ 07021 Daily Sum",Northern Cardinal,46.0
2026-03-31,"Essex Fells, NJ 07021 Daily Sum",Tufted Titmouse,13.0
2026-03-31,"Essex Fells, NJ 07021 Daily Sum",Blue Jay,4.0
2026-03-31,"Essex Fells, NJ 07021 Daily Sum",Downy Woodpecker,0.0
2026-03-31,"Essex Fells, NJ 07021 Daily Sum",White-breasted Nuthatch,13.0
2026-03-31,"Essex Fells, NJ 07021 Daily Sum",Dark-eyed Junco,0.0
2026-03-31,"Essex Fells, NJ 07021 Daily Sum",House Finch,36.0
2026-03-31,"Essex Fells, NJ 07021 Daily Sum",Red-bellied Woodpecker,0.0
2026-03-31,"Essex Fells, NJ 07021 Daily Sum",Black-capped Chickadee,7.0
2026-03-31,"Essex Fells, NJ 07021 Daily Sum",Mourning Dove,7.0
2026-03-31,"Essex Fells, NJ 07021 Daily Sum",Common Grackle,0.0
2026-03-31,"Essex Fells, NJ 07021 Daily Sum",Carolina Wren,0.0
2026-03-31,"Essex Fells, NJ 07021 Daily Sum",Red-breasted Nuthatch,0.0
2026-03-31,"Essex Fells, NJ 07021 Daily Sum",Carolina Wren,0.0
2026-03-31,"Essex Fells, NJ 07021 Daily Sum",House Sparrow,0.0
2026-03-31,"Essex Fells, NJ 07021 Daily Sum",White-throated Sparrow,0.0
2026-03-31,"Essex Fells, NJ 07021 Daily Sum",Hairy Woodpecker,0.0
2026-03-31,"Essex Fells, NJ 07021 Daily Sum",Song Sparrow,0.0
2026-03-31,"Essex Fells, NJ 07021 Daily Sum",American Robin,0.0
2026-03-31,"Essex Fells, NJ 07021 Daily Sum",Pine Warbler,0.0
2026-04-01,"Essex Fells, NJ 07021 Daily Sum",Northern Cardinal,45.0
2026-04-01,"Essex Fells, NJ 07021 Daily Sum",Tufted Titmouse,32.0
2026-04-01,"Essex Fells, NJ 07021 Daily Sum",Blue Jay,36.0
2026-04-01,"Essex Fells, NJ 07021 Daily Sum",Downy Woodpecker,0.0
2026-04-01,"Essex Fells, NJ 07021 Daily Sum",White-breasted Nuthatch,14.0
2026-04-01,"Essex Fells, NJ 07021 Daily Sum",Dark-eyed Junco,5.0
2026-04-01,"Essex Fells, NJ 07021 Daily Sum",House Finch,40.0
2026-04-01,"Essex Fells, NJ 07021 Daily Sum",Red-bellied Woodpecker,0.0
2026-04-01,"Essex Fells, NJ 07021 Daily Sum",Black-capped Chickadee,13.0
2026-04-01,"Essex Fells, NJ 07021 Daily Sum",Mourning Dove,8.0
2026-04-01,"Essex Fells, NJ 07021 Daily Sum",Common Grackle,0.0
2026-04-01,"Essex Fells, NJ 07021 Daily Sum",Carolina Wren,0.0
2026-04-01,"Essex Fells, NJ 07021 Daily Sum",Red-breasted Nuthatch,0.0
2026-04-01,"Essex Fells, NJ 07021 Daily Sum",Carolina Wren,0.0
2026-04-01,"Essex Fells, NJ 07021 Daily Sum",House Sparrow,0.0
2026-04-01,"Essex Fells, NJ 07021 Daily Sum",White-throated Sparrow,0.0
2026-04-01,"Essex Fells, NJ 07021 Daily Sum",Hairy Woodpecker,0.0
2026-04-01,"Essex Fells, NJ 07021 Daily Sum",Song Sparrow,0.0
2026-04-01,"Essex Fells, NJ 07021 Daily Sum",American Robin,0.0
2026-04-01,"Essex Fells, NJ 07021 Daily Sum",Pine Warbler,0.0
2026-04-02,"Essex Fells, NJ 07021 Daily Sum",Northern Cardinal,62.0
2026-04-02,"Essex Fells, NJ 07021 Daily Sum",Tufted Titmouse,39.0
2026-04-02,"Essex Fells, NJ 07021 Daily Sum",Blue Jay,78.0
2026-04-02,"Essex Fells, NJ 07021 Daily Sum",Downy Woodpecker,0.0
2026-04-02,"Essex Fells, NJ 07021 Daily Sum",White-breasted Nuthatch,11.0
2026-04-02,"Essex Fells, NJ 07021 Daily Sum",Dark-eyed Junco,48.0
2026-04-02,"Essex Fells, NJ 07021 Daily Sum",House Finch,43.0
2026-04-02,"Essex Fells, NJ 07021 Daily Sum",Red-bellied Woodpecker,1.0
2026-04-02,"Essex Fells, NJ 07021 Daily Sum",Black-capped Chickadee,18.0
2026-04-02,"Essex Fells, NJ 07021 Daily Sum",Mourning Dove,5.0
2026-04-02,"Essex Fells, NJ 07021 Daily Sum",Common Grackle,0.0
2026-04-02,"Essex Fells, NJ 07021 Daily Sum",Carolina Wren,0.0
2026-04-02,"Essex Fells, NJ 07021 Daily Sum",Red-breasted Nuthatch,0.0
2026-04-02,"Essex Fells, NJ 07021 Daily Sum",Carolina Wren,0.0
2026-04-02,"Essex Fells, NJ 07021 Daily Sum",House Sparrow,3.0
2026-04-02,"Essex Fells, NJ 07021 Daily Sum",White-throated Sparrow,0.0
2026-04-02,"Essex Fells, NJ 07021 Daily Sum",Hairy Woodpecker,0.0
2026-04-02,"Essex Fells, NJ 07021 Daily Sum",Song Sparrow,0.0
2026-04-02,"Essex Fells, NJ 07021 Daily Sum",American Robin,0.0
2026-04-02,"Essex Fells, NJ 07021 Daily Sum",Pine Warbler,0.0
2026-04-03,"Essex Fells, NJ 07021 Daily Sum",Northern Cardinal,59.0
2026-04-03,"Essex Fells, NJ 07021 Daily Sum",Tufted Titmouse,27.0
2026-04-03,"Essex Fells, NJ 07021 Daily Sum",Blue Jay,43.0
2026-04-03,"Essex Fells, NJ 07021 Daily Sum",Downy Woodpecker,17.0
2026-04-03,"Essex Fells, NJ 07021 Daily Sum",White-breasted Nuthatch,3.0
2026-04-03,"Essex Fells, NJ 07021 Daily Sum",Dark-eyed Junco,27.0
2026-04-03,"Essex Fells, NJ 07021 Daily Sum",House Finch,64.0
2026-04-03,"Essex Fells, NJ 07021 Daily Sum",Red-bellied Woodpecker,0.0
2026-04-03,"Essex Fells, NJ 07021 Daily Sum",Black-capped Chickadee,8.0
2026-04-03,"Essex Fells, NJ 07021 Daily Sum",Mourning Dove,24.0
2026-04-03,"Essex Fells, NJ 07021 Daily Sum",Common Grackle,0.0
2026-04-03,"Essex Fells, NJ 07021 Daily Sum",Carolina Wren,0.0
2026-04-03,"Essex Fells, NJ 07021 Daily Sum",Red-breasted Nuthatch,0.0
2026-04-03,"Essex Fells, NJ 07021 Daily Sum",Carolina Wren,0.0
2026-04-03,"Essex Fells, NJ 07021 Daily Sum",House Sparrow,9.0
2026-04-03,"Essex Fells, NJ 07021 Daily Sum",White-throated Sparrow,0.0
2026-04-03,"Essex Fells, NJ 07021 Daily Sum",Hairy Woodpecker,0.0
2026-04-03,"Essex Fells, NJ 07021 Daily Sum",Song Sparrow,0.0
2026-04-03,"Essex Fells, NJ 07021 Daily Sum",American Robin,0.0
2026-04-03,"Essex Fells, NJ 07021 Daily Sum",Pine Warbler,0.0
2026-04-04,"Essex Fells, NJ 07021 Daily Sum",Northern Cardinal,9.0
2026-04-04,"Essex Fells, NJ 07021 Daily Sum",Tufted Titmouse,1.0
2026-04-04,"Essex Fells, NJ 07021 Daily Sum",Blue Jay,8.0
2026-04-04,"Essex Fells, NJ 07021 Daily Sum",Downy Woodpecker,4.0
2026-04-04,"Essex Fells, NJ 07021 Daily Sum",White-breasted Nuthatch,2.0
2026-04-04,"Essex Fells, NJ 07021 Daily Sum",Dark-eyed Junco,10.0
2026-04-04,"Essex Fells, NJ 07021 Daily Sum",House Finch,6.0
2026-04-04,"Essex Fells, NJ 07021 Daily Sum",Red-bellied Woodpecker,0.0
2026-04-04,"Essex Fells, NJ 07021 Daily Sum",Black-capped Chickadee,2.0
2026-04-04,"Essex Fells, NJ 07021 Daily Sum",Mourning Dove,2.0
2026-04-04,"Essex Fells, NJ 07021 Daily Sum",Common Grackle,0.0
2026-04-04,"Essex Fells, NJ 07021 Daily Sum",Carolina Wren,0.0
2026-04-04,"Essex Fells, NJ 07021 Daily Sum",Red-breasted Nuthatch,0.0
2026-04-04,"Essex Fells, NJ 07021 Daily Sum",Carolina Wren,0.0
2026-04-04,"Essex Fells, NJ 07021 Daily Sum",House Sparrow,0.0
2026-04-04,"Essex Fells, NJ 07021 Daily Sum",White-throated Sparrow,0.0
2026-04-04,"Essex Fells, NJ 07021 Daily Sum",Hairy Woodpecker,0.0
2026-04-04,"Essex Fells, NJ 07021 Daily Sum",Song Sparrow,0.0
2026-04-04,"Essex Fells, NJ 07021 Daily Sum",American Robin,0.0
2026-04-04,"Essex Fells, NJ 07021 Daily Sum",Pine Warbler,0.0
2025-10-05,"Jacksonville, FL 32259 Daily Su",Northern Cardinal,18.0
2025-10-05,"Jacksonville, FL 32259 Daily Su",Tufted Titmouse,1.0
2025-10-06,"Jacksonville, FL 32259 Daily Su",Northern Cardinal,51.0
2025-10-06,"Jacksonville, FL 32259 Daily Su",Tufted Titmouse,8.0
2025-10-06,"Jacksonville, FL 32259 Daily Su",Gray Catbird,1.0
2025-10-06,"Jacksonville, FL 32259 Daily Su",Carolina Chickadee,5.0
2025-10-07,"Jacksonville, FL 32259 Daily Su",Northern Cardinal,39.0
2025-10-07,"Jacksonville, FL 32259 Daily Su",Tufted Titmouse,22.0
2025-10-07,"Jacksonville, FL 32259 Daily Su",Carolina Chickadee,28.0
2025-10-07,"Jacksonville, FL 32259 Daily Su",Carolina Wren,2.0
2025-10-08,"Jacksonville, FL 32259 Daily Su",Northern Cardinal,49.0
2025-10-08,"Jacksonville, FL 32259 Daily Su",Carolina Chickadee,61.0
2025-10-08,"Jacksonville, FL 32259 Daily Su",Tufted Titmouse,28.0
2025-10-09,"Jacksonville, FL 32259 Daily Su",Northern Cardinal,77.0
2025-10-09,"Jacksonville, FL 32259 Daily Su",Tufted Titmouse,3.0
2025-10-09,"Jacksonville, FL 32259 Daily Su",Carolina Chickadee,22.0
2025-10-10,"Jacksonville, FL 32259 Daily Su",Northern Cardinal,86.0
2025-10-10,"Jacksonville, FL 32259 Daily Su",Carolina Chickadee,87.0
2025-10-10,"Jacksonville, FL 32259 Daily Su",Carolina Wren,11.0
2025-10-10,"Jacksonville, FL 32259 Daily Su",Tufted Titmouse,127.0
2025-10-11,"Jacksonville, FL 32259 Daily Su",Northern Cardinal,124.0
2025-10-11,"Jacksonville, FL 32259 Daily Su",Carolina Chickadee,117.0
2025-10-11,"Jacksonville, FL 32259 Daily Su",Carolina Wren,7.0
2025-10-11,"Jacksonville, FL 32259 Daily Su",Tufted Titmouse,126.0
2025-10-11,"Jacksonville, FL 32259 Daily Su",Red-bellied Woodpecker,1.0
2025-10-12,"Jacksonville, FL 32259 Daily Su",Northern Cardinal,116.0
2025-10-12,"Jacksonville, FL 32259 Daily Su",Carolina Chickadee,59.0
2025-10-12,"Jacksonville, FL 32259 Daily Su",Carolina Wren,12.0
2025-10-12,"Jacksonville, FL 32259 Daily Su",Tufted Titmouse,53.0
2025-10-12,"Jacksonville, FL 32259 Daily Su",Red-bellied Woodpecker,1.0
2025-10-12,"Jacksonville, FL 32259 Daily Su",Common Ground Dove,1.0
2025-10-13,"Jacksonville, FL 32259 Daily Su",Northern Cardinal,71.0
2025-10-13,"Jacksonville, FL 32259 Daily Su",Carolina Chickadee,46.0
2025-10-13,"Jacksonville, FL 32259 Daily Su",Carolina Wren,8.0
2025-10-13,"Jacksonville, FL 32259 Daily Su",Tufted Titmouse,44.0
2025-10-13,"Jacksonville, FL 32259 Daily Su",Common Ground Dove,14.0
2025-10-14,"Jacksonville, FL 32259 Daily Su",Northern Cardinal,67.0
2025-10-14,"Jacksonville, FL 32259 Daily Su",Carolina Chickadee,37.0
2025-10-14,"Jacksonville, FL 32259 Daily Su",Carolina Wren,3.0
2025-10-14,"Jacksonville, FL 32259 Daily Su",Tufted Titmouse,34.0
2025-10-14,"Jacksonville, FL 32259 Daily Su",Common Ground Dove,15.0
2025-10-15,"Jacksonville, FL 32259 Daily Su",Northern Cardinal,47.0
2025-10-15,"Jacksonville, FL 32259 Daily Su",Carolina Chickadee,27.0
2025-10-15,"Jacksonville, FL 32259 Daily Su",Carolina Wren,3.0
2025-10-15,"Jacksonville, FL 32259 Daily Su",Common Ground Dove,25.0
2025-10-15,"Jacksonville, FL 32259 Daily Su",Tufted Titmouse,26.0
2025-10-16,"Jacksonville, FL 32259 Daily Su",Northern Cardinal,67.0
2025-10-16,"Jacksonville, FL 32259 Daily Su",Carolina Chickadee,26.0
2025-10-16,"Jacksonville, FL 32259 Daily Su",Carolina Wren,8.0
2025-10-16,"Jacksonville, FL 32259 Daily Su",Common Ground Dove,16.0
2025-10-16,"Jacksonville, FL 32259 Daily Su",Tufted Titmouse,15.0
2025-10-17,"Jacksonville, FL 32259 Daily Su",Northern Cardinal,56.0
2025-10-17,"Jacksonville, FL 32259 Daily Su",Carolina Chickadee,26.0
2025-10-17,"Jacksonville, FL 32259 Daily Su",Carolina Wren,12.0
2025-10-17,"Jacksonville, FL 32259 Daily Su",Common Ground Dove,13.0
2025-10-17,"Jacksonville, FL 32259 Daily Su",Mourning Dove,19.0
2025-10-17,"Jacksonville, FL 32259 Daily Su",Tufted Titmouse,10.0
2025-10-18,"Jacksonville, FL 32259 Daily Su",Northern Cardinal,25.0
2025-10-18,"Jacksonville, FL 32259 Daily Su",Carolina Chickadee,6.0
2025-10-18,"Jacksonville, FL 32259 Daily Su",Carolina Wren,11.0
2025-10-18,"Jacksonville, FL 32259 Daily Su",Tufted Titmouse,18.0
2025-10-18,"Jacksonville, FL 32259 Daily Su",Mourning Dove,4.0
2025-10-19,"Jacksonville, FL 32259 Daily Su",Northern Cardinal,56.0
2025-10-19,"Jacksonville, FL 32259 Daily Su",Carolina Wren,17.0
2025-10-19,"Jacksonville, FL 32259 Daily Su",Mourning Dove,12.0
2025-10-19,"Jacksonville, FL 32259 Daily Su",Common Ground Dove,11.0
2025-10-20,"Jacksonville, FL 32259 Daily Su",Northern Cardinal,38.0
2025-10-20,"Jacksonville, FL 32259 Daily Su",Carolina Chickadee,11.0
2025-10-20,"Jacksonville, FL 32259 Daily Su",Carolina Wren,15.0
2025-10-20,"Jacksonville, FL 32259 Daily Su",Tufted Titmouse,10.0
2025-10-20,"Jacksonville, FL 32259 Daily Su",Common Ground Dove,14.0
2025-10-20,"Jacksonville, FL 32259 Daily Su",Mourning Dove,14.0
2025-10-21,"Jacksonville, FL 32259 Daily Su",Northern Cardinal,47.0
2025-10-21,"Jacksonville, FL 32259 Daily Su",Carolina Chickadee,4.0
2025-10-21,"Jacksonville, FL 32259 Daily Su",Carolina Wren,36.0
2025-10-21,"Jacksonville, FL 32259 Daily Su",Tufted Titmouse,10.0
2025-10-21,"Jacksonville, FL 32259 Daily Su",Mourning Dove,36.0
2025-10-22,"Jacksonville, FL 32259 Daily Su",Northern Cardinal,55.0
2025-10-22,"Jacksonville, FL 32259 Daily Su",Carolina Chickadee,1.0
2025-10-22,"Jacksonville, FL 32259 Daily Su",Carolina Wren,10.0
2025-10-22,"Jacksonville, FL 32259 Daily Su",Mourning Dove,64.0
2025-10-23,"Jacksonville, FL 32259 Daily Su",Northern Cardinal,64.0
2025-10-23,"Jacksonville, FL 32259 Daily Su",Carolina Chickadee,72.0
2025-10-23,"Jacksonville, FL 32259 Daily Su",Carolina Wren,15.0
2025-10-23,"Jacksonville, FL 32259 Daily Su",Mourning Dove,162.0
2025-10-23,"Jacksonville, FL 32259 Daily Su",Red-bellied Woodpecker,4.0
2025-10-23,"Jacksonville, FL 32259 Daily Su",Tufted Titmouse,81.0
2025-10-24,"Jacksonville, FL 32259 Daily Su",Northern Cardinal,40.0
2025-10-24,"Jacksonville, FL 32259 Daily Su",Carolina Chickadee,19.0
2025-10-24,"Jacksonville, FL 32259 Daily Su",Carolina Wren,10.0
2025-10-24,"Jacksonville, FL 32259 Daily Su",Mourning Dove,106.0
2025-10-24,"Jacksonville, FL 32259 Daily Su",Tufted Titmouse,22.0
2025-10-25,"Jacksonville, FL 32259 Daily Su",Northern Cardinal,30.0
2025-10-25,"Jacksonville, FL 32259 Daily Su",Carolina Chickadee,26.0
2025-10-25,"Jacksonville, FL 32259 Daily Su",Carolina Wren,3.0
2025-10-25,"Jacksonville, FL 32259 Daily Su",Tufted Titmouse,16.0
2025-10-25,"Jacksonville, FL 32259 Daily Su",Mourning Dove,97.0
2025-10-26,"Jacksonville, FL 32259 Daily Su",Northern Cardinal,44.0
2025-10-26,"Jacksonville, FL 32259 Daily Su",Carolina Chickadee,4.0
2025-10-26,"Jacksonville, FL 32259 Daily Su",Tufted Titmouse,2.0
2025-10-26,"Jacksonville, FL 32259 Daily Su",Mourning Dove,83.0
2025-10-27,"Jacksonville, FL 32259 Daily Su",Northern Cardinal,55.0
2025-10-27,"Jacksonville, FL 32259 Daily Su",Carolina Chickadee,47.0
2025-10-27,"Jacksonville, FL 32259 Daily Su",Carolina Wren,12.0
2025-10-27,"Jacksonville, FL 32259 Daily Su",Tufted Titmouse,32.0
2025-10-27,"Jacksonville, FL 32259 Daily Su",Mourning Dove,129.0
2025-10-28,"Jacksonville, FL 32259 Daily Su",Northern Cardinal,25.0
2025-10-28,"Jacksonville, FL 32259 Daily Su",Mourning Dove,35.0
2025-10-28,"Jacksonville, FL 32259 Daily Su",Carolina Wren,7.0
2025-10-28,"Jacksonville, FL 32259 Daily Su",Red-bellied Woodpecker,4.0
2025-10-29,"Jacksonville, FL 32259 Daily Su",Northern Cardinal,34.0
2025-10-29,"Jacksonville, FL 32259 Daily Su",Mourning Dove,110.0
2025-10-29,"Jacksonville, FL 32259 Daily Su",Carolina Chickadee,23.0
2025-10-29,"Jacksonville, FL 32259 Daily Su",Carolina Wren,1.0
2025-10-29,"Jacksonville, FL 32259 Daily Su",Tufted Titmouse,28.0
2025-10-30,"Jacksonville, FL 32259 Daily Su",Northern Cardinal,24.0
2025-10-30,"Jacksonville, FL 32259 Daily Su",Mourning Dove,147.0
2025-10-30,"Jacksonville, FL 32259 Daily Su",Carolina Chickadee,7.0
2025-10-30,"Jacksonville, FL 32259 Daily Su",Carolina Wren,4.0
2025-10-30,"Jacksonville, FL 32259 Daily Su",Tufted Titmouse,0.0
2025-10-31,"Jacksonville, FL 32259 Daily Su",Northern Cardinal,43.0
2025-10-31,"Jacksonville, FL 32259 Daily Su",Mourning Dove,189.0
2025-10-31,"Jacksonville, FL 32259 Daily Su",Carolina Chickadee,18.0
2025-10-31,"Jacksonville, FL 32259 Daily Su",Carolina Wren,3.0
2025-10-31,"Jacksonville, FL 32259 Daily Su",Tufted Titmouse,6.0
2025-11-01,"Jacksonville, FL 32259 Daily Su",Northern Cardinal,18.0
2025-11-01,"Jacksonville, FL 32259 Daily Su",Mourning Dove,117.0
2025-11-01,"Jacksonville, FL 32259 Daily Su",Carolina Chickadee,5.0
2025-11-01,"Jacksonville, FL 32259 Daily Su",Carolina Wren,11.0
2025-11-01,"Jacksonville, FL 32259 Daily Su",Tufted Titmouse,6.0
2025-11-02,"Jacksonville, FL 32259 Daily Su",Northern Cardinal,7.0
2025-11-02,"Jacksonville, FL 32259 Daily Su",Mourning Dove,38.0
2025-11-02,"Jacksonville, FL 32259 Daily Su",Carolina Chickadee,4.0
2025-11-02,"Jacksonville, FL 32259 Daily Su",Carolina Wren,2.0
2025-11-03,"Jacksonville, FL 32259 Daily Su",Mourning Dove,10.0
2025-11-03,"Jacksonville, FL 32259 Daily Su",Carolina Wren,6.0
2025-11-03,"Jacksonville, FL 32259 Daily Su",Red-bellied Woodpecker,1.0
2025-11-04,"Jacksonville, FL 32259 Daily Su",Northern Cardinal,3.0
2025-11-05,"Jacksonville, FL 32259 Daily Su",Northern Cardinal,1.0
2025-11-05,"Jacksonville, FL 32259 Daily Su",Carolina Chickadee,1.0
2025-11-05,"Jacksonville, FL 32259 Daily Su",Carolina Wren,2.0
2025-11-05,"Jacksonville, FL 32259 Daily Su",Tufted Titmouse,2.0
2025-11-06,"Jacksonville, FL 32259 Daily Su",Northern Cardinal,1.0
2025-11-06,"Jacksonville, FL 32259 Daily Su",Carolina Wren,3.0
2025-11-06,"Jacksonville, FL 32259 Daily Su",Mourning Dove,1.0
2025-11-06,"Jacksonville, FL 32259 Daily Su",Tufted Titmouse,2.0
2025-11-07,"Jacksonville, FL 32259 Daily Su",Mourning Dove,4.0
2025-11-07,"Jacksonville, FL 32259 Daily Su",Northern Cardinal,3.0
2025-11-08,"Jacksonville, FL 32259 Daily Su",Northern Cardinal,1.0
2025-11-08,"Jacksonville, FL 32259 Daily Su",Mourning Dove,1.0
2025-11-09,"Jacksonville, FL 32259 Daily Su",Carolina Wren,1.0
2025-11-09,"Jacksonville, FL 32259 Daily Su",Northern Cardinal,1.0
2025-11-10,"Jacksonville, FL 32259 Daily Su",Northern Cardinal,1.0
2025-11-12,"Jacksonville, FL 32259 Daily Su",Northern Cardinal,1.0
2025-11-13,"Jacksonville, FL 32259 Daily Su",Mourning Dove,1.0
2025-11-14,"Jacksonville, FL 32259 Daily Su",Carolina Wren,2.0
2025-11-15,"Jacksonville, FL 32259 Daily Su",Mourning Dove,1.0
2025-11-16,"Jacksonville, FL 32259 Daily Su",Carolina Chickadee,21.0
2025-11-16,"Jacksonville, FL 32259 Daily Su",Carolina Wren,4.0
2025-11-16,"Jacksonville, FL 32259 Daily Su",Tufted Titmouse,23.0
2025-11-16,"Jacksonville, FL 32259 Daily Su",Eastern Bluebird,10.0
2025-11-17,"Jacksonville, FL 32259 Daily Su",Carolina Chickadee,6.0
2025-11-17,"Jacksonville, FL 32259 Daily Su",Carolina Wren,5.0
2025-11-17,"Jacksonville, FL 32259 Daily Su",Tufted Titmouse,8.0
2025-11-17,"Jacksonville, FL 32259 Daily Su",Mourning Dove,25.0
2025-11-17,"Jacksonville, FL 32259 Daily Su",Eastern Bluebird,3.0
2025-11-17,"Jacksonville, FL 32259 Daily Su",Northern Cardinal,6.0
2025-11-18,"Jacksonville, FL 32259 Daily Su",Carolina Chickadee,3.0
2025-11-18,"Jacksonville, FL 32259 Daily Su",Carolina Wren,23.0
2025-11-18,"Jacksonville, FL 32259 Daily Su",Mourning Dove,80.0
2025-11-18,"Jacksonville, FL 32259 Daily Su",Tufted Titmouse,18.0
2025-11-18,"Jacksonville, FL 32259 Daily Su",Northern Cardinal,17.0
2025-11-18,"Jacksonville, FL 32259 Daily Su",Eastern Bluebird,4.0
2025-11-19,"Jacksonville, FL 32259 Daily Su",Carolina Wren,8.0
2025-11-19,"Jacksonville, FL 32259 Daily Su",Mourning Dove,129.0
2025-11-19,"Jacksonville, FL 32259 Daily Su",Tufted Titmouse,43.0
2025-11-19,"Jacksonville, FL 32259 Daily Su",Northern Cardinal,21.0
2025-11-20,"Jacksonville, FL 32259 Daily Su",Northern Cardinal,10.0
2025-11-20,"Jacksonville, FL 32259 Daily Su",Carolina Chickadee,1.0
2025-11-20,"Jacksonville, FL 32259 Daily Su",Carolina Wren,6.0
2025-11-20,"Jacksonville, FL 32259 Daily Su",Mourning Dove,52.0
2025-11-20,"Jacksonville, FL 32259 Daily Su",Tufted Titmouse,4.0
2025-11-21,"Jacksonville, FL 32259 Daily Su",Northern Cardinal,18.0
2025-11-21,"Jacksonville, FL 32259 Daily Su",Carolina Chickadee,2.0
2025-11-21,"Jacksonville, FL 32259 Daily Su",Carolina Wren,16.0
2025-11-21,"Jacksonville, FL 32259 Daily Su",Mourning Dove,96.0
2025-11-21,"Jacksonville, FL 32259 Daily Su",Tufted Titmouse,19.0
2025-11-22,"Jacksonville, FL 32259 Daily Su",Northern Cardinal,11.0
2025-11-22,"Jacksonville, FL 32259 Daily Su",Carolina Chickadee,13.0
2025-11-22,"Jacksonville, FL 32259 Daily Su",Carolina Wren,28.0
2025-11-22,"Jacksonville, FL 32259 Daily Su",Tufted Titmouse,35.0
2025-11-22,"Jacksonville, FL 32259 Daily Su",Mourning Dove,45.0
2025-11-22,"Jacksonville, FL 32259 Daily Su",Eastern Bluebird,64.0
2025-11-22,"Jacksonville, FL 32259 Daily Su",Eastern Phoebe,4.0
2025-11-22,"Jacksonville, FL 32259 Daily Su",Pine Warbler,7.0
2025-11-23,"Jacksonville, FL 32259 Daily Su",Northern Cardinal,17.0
2025-11-23,"Jacksonville, FL 32259 Daily Su",Carolina Chickadee,8.0
2025-11-23,"Jacksonville, FL 32259 Daily Su",Carolina Wren,18.0
2025-11-23,"Jacksonville, FL 32259 Daily Su",Tufted Titmouse,37.0
2025-11-23,"Jacksonville, FL 32259 Daily Su",Mourning Dove,72.0
2025-11-24,"Jacksonville, FL 32259 Daily Su",Northern Cardinal,38.0
2025-11-24,"Jacksonville, FL 32259 Daily Su",Carolina Chickadee,3.0
2025-11-24,"Jacksonville, FL 32259 Daily Su",Carolina Wren,25.0
2025-11-24,"Jacksonville, FL 32259 Daily Su",Tufted Titmouse,22.0
2025-11-24,"Jacksonville, FL 32259 Daily Su",Mourning Dove,121.0
2025-11-24,"Jacksonville, FL 32259 Daily Su",Pine Warbler,2.0
2025-11-25,"Jacksonville, FL 32259 Daily Su",Northern Cardinal,28.0
2025-11-25,"Jacksonville, FL 32259 Daily Su",Carolina Chickadee,8.0
2025-11-25,"Jacksonville, FL 32259 Daily Su",Carolina Wren,28.0
2025-11-25,"Jacksonville, FL 32259 Daily Su",Mourning Dove,92.0
2025-11-25,"Jacksonville, FL 32259 Daily Su",Tufted Titmouse,25.0
2025-11-26,"Jacksonville, FL 32259 Daily Su",Northern Cardinal,18.0
2025-11-26,"Jacksonville, FL 32259 Daily Su",Carolina Chickadee,2.0
2025-11-26,"Jacksonville, FL 32259 Daily Su",Carolina Wren,9.0
2025-11-26,"Jacksonville, FL 32259 Daily Su",Tufted Titmouse,41.0
2025-11-26,"Jacksonville, FL 32259 Daily Su",Mourning Dove,95.0
2025-11-27,"Jacksonville, FL 32259 Daily Su",Northern Cardinal,29.0
2025-11-27,"Jacksonville, FL 32259 Daily Su",Carolina Wren,4.0
2025-11-27,"Jacksonville, FL 32259 Daily Su",Mourning Dove,57.0
2025-11-28,"Jacksonville, FL 32259 Daily Su",Northern Cardinal,22.0
2025-11-28,"Jacksonville, FL 32259 Daily Su",Carolina Wren,13.0
2025-11-28,"Jacksonville, FL 32259 Daily Su",Carolina Chickadee,9.0
2025-11-28,"Jacksonville, FL 32259 Daily Su",Tufted Titmouse,40.0
2025-11-28,"Jacksonville, FL 32259 Daily Su",Eastern Bluebird,5.0
2025-11-28,"Jacksonville, FL 32259 Daily Su",Pine Warbler,2.0
2025-11-28,"Jacksonville, FL 32259 Daily Su",Mourning Dove,86.0
2025-11-29,"Jacksonville, FL 32259 Daily Su",Northern Cardinal,26.0
2025-11-29,"Jacksonville, FL 32259 Daily Su",Carolina Chickadee,1.0
2025-11-29,"Jacksonville, FL 32259 Daily Su",Tufted Titmouse,16.0
2025-11-29,"Jacksonville, FL 32259 Daily Su",Eastern Bluebird,1.0
2025-11-29,"Jacksonville, FL 32259 Daily Su",Mourning Dove,30.0
2025-11-30,"Jacksonville, FL 32259 Daily Su",Northern Cardinal,26.0
2025-11-30,"Jacksonville, FL 32259 Daily Su",Carolina Chickadee,47.0
2025-11-30,"Jacksonville, FL 32259 Daily Su",Carolina Wren,12.0
2025-11-30,"Jacksonville, FL 32259 Daily Su",Tufted Titmouse,144.0
2025-11-30,"Jacksonville, FL 32259 Daily Su",Pine Warbler,4.0
2025-11-30,"Jacksonville, FL 32259 Daily Su",Eastern Bluebird,4.0
2025-11-30,"Jacksonville, FL 32259 Daily Su",Mourning Dove,135.0
2025-12-01,"Jacksonville, FL 32259 Daily Su",Northern Cardinal,16.0
2025-12-01,"Jacksonville, FL 32259 Daily Su",Carolina Chickadee,1.0
2025-12-01,"Jacksonville, FL 32259 Daily Su",Eastern Bluebird,9.0
2025-12-01,"Jacksonville, FL 32259 Daily Su",Mourning Dove,26.0
2025-12-02,"Jacksonville, FL 32259 Daily Su",Northern Cardinal,2.0
2025-12-02,"Jacksonville, FL 32259 Daily Su",Tufted Titmouse,5.0
2025-12-02,"Jacksonville, FL 32259 Daily Su",Carolina Chickadee,4.0
2025-12-02,"Jacksonville, FL 32259 Daily Su",Mourning Dove,1.0
2025-12-02,"Jacksonville, FL 32259 Daily Su",Carolina Wren,3.0
2025-12-03,"Jacksonville, FL 32259 Daily Su",Pine Warbler,4.0
2025-12-03,"Jacksonville, FL 32259 Daily Su",Eastern Bluebird,5.0
2025-12-03,"Jacksonville, FL 32259 Daily Su",Eastern Phoebe,1.0
2025-12-03,"Jacksonville, FL 32259 Daily Su",Carolina Wren,3.0
2025-12-03,"Jacksonville, FL 32259 Daily Su",Mourning Dove,1.0
2025-12-03,"Jacksonville, FL 32259 Daily Su",Northern Cardinal,4.0
2025-12-04,"Jacksonville, FL 32259 Daily Su",Carolina Chickadee,2.0
2025-12-04,"Jacksonville, FL 32259 Daily Su",Carolina Wren,2.0
2025-12-04,"Jacksonville, FL 32259 Daily Su",Tufted Titmouse,3.0
2025-12-04,"Jacksonville, FL 32259 Daily Su",Mourning Dove,3.0
2025-12-05,"Jacksonville, FL 32259 Daily Su",Northern Cardinal,1.0
2025-12-06,"Jacksonville, FL 32259 Daily Su",Northern Cardinal,1.0
2025-12-06,"Jacksonville, FL 32259 Daily Su",Carolina Wren,1.0
2025-12-07,"Jacksonville, FL 32259 Daily Su",Northern Cardinal,3.0
2025-12-07,"Jacksonville, FL 32259 Daily Su",Pine Warbler,1.0
2025-12-07,"Jacksonville, FL 32259 Daily Su",Red-bellied Woodpecker,1.0
2025-12-07,"Jacksonville, FL 32259 Daily Su",Carolina Wren,4.0
2025-12-08,"Jacksonville, FL 32259 Daily Su",Mourning Dove,2.0
2025-12-08,"Jacksonville, FL 32259 Daily Su",Carolina Chickadee,1.0
2025-12-08,"Jacksonville, FL 32259 Daily Su",Northern Cardinal,4.0
2025-12-09,"Jacksonville, FL 32259 Daily Su",Common Ground Dove,2.0
2025-12-09,"Jacksonville, FL 32259 Daily Su",Eastern Bluebird,2.0
2025-12-09,"Jacksonville, FL 32259 Daily Su",Mourning Dove,1.0
2025-12-10,"Jacksonville, FL 32259 Daily Su",Mourning Dove,1.0
2025-12-11,"Jacksonville, FL 32259 Daily Su",Pine Warbler,1.0
2025-12-11,"Jacksonville, FL 32259 Daily Su",Tufted Titmouse,1.0
2025-12-13,"Jacksonville, FL 32259 Daily Su",Carolina Wren,1.0
2025-12-13,"Jacksonville, FL 32259 Daily Su",Mourning Dove,6.0
2025-12-13,"Jacksonville, FL 32259 Daily Su",Northern Cardinal,1.0
2025-12-14,"Jacksonville, FL 32259 Daily Su",Mourning Dove,2.0
2025-12-14,"Jacksonville, FL 32259 Daily Su",Northern Cardinal,1.0
2025-12-15,"Jacksonville, FL 32259 Daily Su",Northern Cardinal,1.0
2025-12-15,"Jacksonville, FL 32259 Daily Su",Mourning Dove,1.0
2025-12-16,"Jacksonville, FL 32259 Daily Su",Northern Cardinal,1.0
2025-12-17,"Jacksonville, FL 32259 Daily Su",Mourning Dove,4.0
2025-12-18,"Jacksonville, FL 32259 Daily Su",Mourning Dove,10.0
2025-12-21,"Jacksonville, FL 32259 Daily Su",Northern Cardinal,1.0
2025-12-20,"Jacksonville, FL 32259 Daily Su",Tufted Titmouse,2.0
2025-12-20,"Jacksonville, FL 32259 Daily Su",Northern Cardinal,7.0
2025-12-21,"Jacksonville, FL 32259 Daily Su",Northern Cardinal,16.0
2025-12-21,"Jacksonville, FL 32259 Daily Su",Mourning Dove,48.0
2025-12-21,"Jacksonville, FL 32259 Daily Su",Eastern Bluebird,1.0
2025-12-22,"Jacksonville, FL 32259 Daily Su",Mourning Dove,23.0
2025-12-22,"Jacksonville, FL 32259 Daily Su",Northern Cardinal,17.0
2025-12-23,"Jacksonville, FL 32259 Daily Su",Mourning Dove,62.0
2025-12-23,"Jacksonville, FL 32259 Daily Su",Northern Cardinal,31.0
2025-12-24,"Jacksonville, FL 32259 Daily Su",Mourning Dove,37.0
2025-12-24,"Jacksonville, FL 32259 Daily Su",Northern Cardinal,35.0
2025-12-24,"Jacksonville, FL 32259 Daily Su",Common Ground Dove,12.0
2025-12-25,"Jacksonville, FL 32259 Daily Su",Mourning Dove,99.0
2025-12-25,"Jacksonville, FL 32259 Daily Su",Northern Cardinal,29.0
2025-12-25,"Jacksonville, FL 32259 Daily Su",Common Ground Dove,8.0
2025-12-26,"Jacksonville, FL 32259 Daily Su",Mourning Dove,104.0
2025-12-26,"Jacksonville, FL 32259 Daily Su",Northern Cardinal,28.0
2025-12-27,"Jacksonville, FL 32259 Daily Su",Mourning Dove,106.0
2025-12-27,"Jacksonville, FL 32259 Daily Su",Northern Cardinal,25.0
2025-12-27,"Jacksonville, FL 32259 Daily Su",Carolina Wren,5.0
2025-12-28,"Jacksonville, FL 32259 Daily Su",Mourning Dove,100.0
2025-12-28,"Jacksonville, FL 32259 Daily Su",Northern Cardinal,14.0
2025-12-28,"Jacksonville, FL 32259 Daily Su",Carolina Wren,1.0
2025-12-29,"Jacksonville, FL 32259 Daily Su",Mourning Dove,59.0
2025-12-29,"Jacksonville, FL 32259 Daily Su",Northern Cardinal,28.0
2025-12-29,"Jacksonville, FL 32259 Daily Su",Carolina Wren,1.0
2025-12-30,"Jacksonville, FL 32259 Daily Su",Northern Cardinal,42.0
2025-12-30,"Jacksonville, FL 32259 Daily Su",Eastern Bluebird,3.0
2025-12-30,"Jacksonville, FL 32259 Daily Su",Red-bellied Woodpecker,6.0
2025-12-30,"Jacksonville, FL 32259 Daily Su",Mourning Dove,10.0
2025-12-31,"Jacksonville, FL 32259 Daily Su",Northern Cardinal,49.0
2026-01-01,"Jacksonville, FL 32259 Daily Su",Northern Cardinal,43.0
2026-01-02,"Jacksonville, FL 32259 Daily Su",Northern Cardinal,33.0
2026-01-03,"Jacksonville, FL 32259 Daily Su",Northern Cardinal,27.0
2026-01-04,"Jacksonville, FL 32259 Daily Su",Northern Cardinal,24.0
2026-01-04,"Jacksonville, FL 32259 Daily Su",Mourning Dove,13.0
2026-01-05,"Jacksonville, FL 32259 Daily Su",Northern Cardinal,57.0
2026-01-05,"Jacksonville, FL 32259 Daily Su",Carolina Wren,3.0
2026-01-05,"Jacksonville, FL 32259 Daily Su",Carolina Chickadee,17.0
2026-01-05,"Jacksonville, FL 32259 Daily Su",Tufted Titmouse,24.0
2026-01-06,"Jacksonville, FL 32259 Daily Su",Mourning Dove,24.0
2026-01-06,"Jacksonville, FL 32259 Daily Su",Northern Cardinal,22.0
2026-01-07,"Jacksonville, FL 32259 Daily Su",Northern Cardinal,16.0
2026-01-07,"Jacksonville, FL 32259 Daily Su",Mourning Dove,8.0
2026-01-07,"Jacksonville, FL 32259 Daily Su",Carolina Wren,9.0
2026-01-08,"Jacksonville, FL 32259 Daily Su",Northern Cardinal,42.0
2026-01-08,"Jacksonville, FL 32259 Daily Su",Mourning Dove,66.0
2026-01-08,"Jacksonville, FL 32259 Daily Su",Carolina Wren,6.0
2026-01-09,"Jacksonville, FL 32259 Daily Su",Northern Cardinal,27.0
2026-01-09,"Jacksonville, FL 32259 Daily Su",Mourning Dove,95.0
2026-01-09,"Jacksonville, FL 32259 Daily Su",Carolina Wren,8.0
2026-01-10,"Jacksonville, FL 32259 Daily Su",Northern Cardinal,27.0
2026-01-10,"Jacksonville, FL 32259 Daily Su",Mourning Dove,40.0
2026-01-10,"Jacksonville, FL 32259 Daily Su",Carolina Chickadee,4.0
2026-01-10,"Jacksonville, FL 32259 Daily Su",Carolina Wren,12.0
2026-01-10,"Jacksonville, FL 32259 Daily Su",Tufted Titmouse,4.0
2026-01-11,"Jacksonville, FL 32259 Daily Su",Northern Cardinal,16.0
2026-01-12,"Jacksonville, FL 32259 Daily Su",Northern Cardinal,60.0
2026-01-12,"Jacksonville, FL 32259 Daily Su",Carolina Wren,2.0
2026-01-13,"Jacksonville, FL 32259 Daily Su",Northern Cardinal,48.0
2026-01-13,"Jacksonville, FL 32259 Daily Su",Carolina Wren,2.0
2026-01-14,"Jacksonville, FL 32259 Daily Su",Northern Cardinal,36.0
2026-01-15,"Jacksonville, FL 32259 Daily Su",Northern Cardinal,38.0
2026-01-15,"Jacksonville, FL 32259 Daily Su",Carolina Wren,13.0
2026-01-16,"Jacksonville, FL 32259 Daily Su",Northern Cardinal,42.0
2026-01-16,"Jacksonville, FL 32259 Daily Su",Carolina Wren,6.0
2026-01-17,"Jacksonville, FL 32259 Daily Su",Northern Cardinal,31.0
2026-01-17,"Jacksonville, FL 32259 Daily Su",Carolina Wren,5.0
2026-01-18,"Jacksonville, FL 32259 Daily Su",Northern Cardinal,36.0
2026-01-19,"Jacksonville, FL 32259 Daily Su",Northern Cardinal,85.0
2026-01-19,"Jacksonville, FL 32259 Daily Su",Carolina Wren,11.0
2026-01-19,"Jacksonville, FL 32259 Daily Su",Red-bellied Woodpecker,14.0
2026-01-20,"Jacksonville, FL 32259 Daily Su",Northern Cardinal,19.0
2026-01-20,"Jacksonville, FL 32259 Daily Su",Carolina Wren,8.0
2026-01-20,"Jacksonville, FL 32259 Daily Su",Red-bellied Woodpecker,7.0
2026-01-21,"Jacksonville, FL 32259 Daily Su",Northern Cardinal,17.0
2026-01-21,"Jacksonville, FL 32259 Daily Su",Carolina Wren,18.0
2026-01-21,"Jacksonville, FL 32259 Daily Su",Mourning Dove,4.0
2026-01-21,"Jacksonville, FL 32259 Daily Su",Tufted Titmouse,3.0
2026-01-22,"Jacksonville, FL 32259 Daily Su",Northern Cardinal,55.0
2026-01-22,"Jacksonville, FL 32259 Daily Su",Carolina Wren,13.0
2026-01-22,"Jacksonville, FL 32259 Daily Su",Mourning Dove,101.0
2026-01-22,"Jacksonville, FL 32259 Daily Su",Red-bellied Woodpecker,5.0
2026-01-23,"Jacksonville, FL 32259 Daily Su",Northern Cardinal,44.0
2026-01-23,"Jacksonville, FL 32259 Daily Su",Carolina Chickadee,2.0
2026-01-23,"Jacksonville, FL 32259 Daily Su",Carolina Wren,17.0
2026-01-23,"Jacksonville, FL 32259 Daily Su",Mourning Dove,126.0
2026-01-23,"Jacksonville, FL 32259 Daily Su",Tufted Titmouse,14.0
2026-01-23,"Jacksonville, FL 32259 Daily Su",Red-bellied Woodpecker,17.0
2026-01-24,"Jacksonville, FL 32259 Daily Su",Northern Cardinal,25.0
2026-01-24,"Jacksonville, FL 32259 Daily Su",Carolina Wren,23.0
2026-01-24,"Jacksonville, FL 32259 Daily Su",Mourning Dove,206.0
2026-01-24,"Jacksonville, FL 32259 Daily Su",Red-bellied Woodpecker,2.0
2026-01-24,"Jacksonville, FL 32259 Daily Su",Eastern Bluebird,21.0
2026-01-24,"Jacksonville, FL 32259 Daily Su",Pine Warbler,2.0
2026-01-25,"Jacksonville, FL 32259 Daily Su",Northern Cardinal,16.0
2026-01-25,"Jacksonville, FL 32259 Daily Su",Carolina Wren,16.0
2026-01-25,"Jacksonville, FL 32259 Daily Su",Mourning Dove,110.0
2026-01-25,"Jacksonville, FL 32259 Daily Su",Red-bellied Woodpecker,4.0
2026-01-25,"Jacksonville, FL 32259 Daily Su",Eastern Bluebird,10.0
2026-01-26,"Jacksonville, FL 32259 Daily Su",Northern Cardinal,26.0
2026-01-26,"Jacksonville, FL 32259 Daily Su",Mourning Dove,121.0
2026-01-26,"Jacksonville, FL 32259 Daily Su",Eastern Bluebird,23.0
2026-01-26,"Jacksonville, FL 32259 Daily Su",Carolina Wren,26.0
2026-01-27,"Jacksonville, FL 32259 Daily Su",Northern Cardinal,20.0
2026-01-27,"Jacksonville, FL 32259 Daily Su",Mourning Dove,130.0
2026-01-27,"Jacksonville, FL 32259 Daily Su",Red-bellied Woodpecker,19.0
2026-01-27,"Jacksonville, FL 32259 Daily Su",Eastern Bluebird,9.0
2026-01-27,"Jacksonville, FL 32259 Daily Su",Carolina Wren,11.0
2026-01-28,"Jacksonville, FL 32259 Daily Su",Northern Cardinal,25.0
2026-01-28,"Jacksonville, FL 32259 Daily Su",Mourning Dove,53.0
2026-01-28,"Jacksonville, FL 32259 Daily Su",Red-bellied Woodpecker,44.0
2026-01-28,"Jacksonville, FL 32259 Daily Su",Carolina Chickadee,11.0
2026-01-28,"Jacksonville, FL 32259 Daily Su",Carolina Wren,39.0
2026-01-28,"Jacksonville, FL 32259 Daily Su",Tufted Titmouse,16.0
2026-01-28,"Jacksonville, FL 32259 Daily Su",Eastern Bluebird,174.0
2026-01-28,"Jacksonville, FL 32259 Daily Su",Pine Warbler,16.0
2026-01-29,"Jacksonville, FL 32259 Daily Su",Northern Cardinal,47.0
2026-01-29,"Jacksonville, FL 32259 Daily Su",Carolina Wren,30.0
2026-01-29,"Jacksonville, FL 32259 Daily Su",Mourning Dove,47.0
2026-01-29,"Jacksonville, FL 32259 Daily Su",Tufted Titmouse,23.0
2026-01-29,"Jacksonville, FL 32259 Daily Su",Pine Warbler,8.0
2026-01-29,"Jacksonville, FL 32259 Daily Su",Eastern Bluebird,109.0
2026-01-29,"Jacksonville, FL 32259 Daily Su",Red-bellied Woodpecker,33.0
2026-01-29,"Jacksonville, FL 32259 Daily Su",Carolina Chickadee,3.0
2026-01-30,"Jacksonville, FL 32259 Daily Su",Northern Cardinal,30.0
2026-01-30,"Jacksonville, FL 32259 Daily Su",Carolina Wren,27.0
2026-01-30,"Jacksonville, FL 32259 Daily Su",Red-bellied Woodpecker,54.0
2026-01-30,"Jacksonville, FL 32259 Daily Su",Pine Warbler,8.0
2026-01-30,"Jacksonville, FL 32259 Daily Su",Eastern Bluebird,66.0
2026-01-30,"Jacksonville, FL 32259 Daily Su",Tufted Titmouse,10.0
2026-01-30,"Jacksonville, FL 32259 Daily Su",Mourning Dove,5.0
2026-01-31,"Jacksonville, FL 32259 Daily Su",Carolina Wren,27.0
2026-01-31,"Jacksonville, FL 32259 Daily Su",Common Ground Dove,37.0
2026-01-31,"Jacksonville, FL 32259 Daily Su",Red-bellied Woodpecker,44.0
2026-01-31,"Jacksonville, FL 32259 Daily Su",Eastern Bluebird,93.0
2026-01-31,"Jacksonville, FL 32259 Daily Su",Northern Cardinal,24.0
2026-01-31,"Jacksonville, FL 32259 Daily Su",Mourning Dove,90.0
2026-01-31,"Jacksonville, FL 32259 Daily Su",Pine Warbler,4.0
2026-01-31,"Jacksonville, FL 32259 Daily Su",Tufted Titmouse,5.0
2026-01-31,"Jacksonville, FL 32259 Daily Su",Carolina Chickadee,20.0
2026-02-01,"Jacksonville, FL 32259 Daily Su",Carolina Wren,22.0
2026-02-01,"Jacksonville, FL 32259 Daily Su",Mourning Dove,54.0
2026-02-01,"Jacksonville, FL 32259 Daily Su",Northern Cardinal,16.0
2026-02-01,"Jacksonville, FL 32259 Daily Su",Tufted Titmouse,21.0
2026-02-01,"Jacksonville, FL 32259 Daily Su",Red-bellied Woodpecker,37.0
2026-02-01,"Jacksonville, FL 32259 Daily Su",Eastern Bluebird,77.0
2026-02-01,"Jacksonville, FL 32259 Daily Su",Carolina Chickadee,19.0
2026-02-01,"Jacksonville, FL 32259 Daily Su",Pine Warbler,1.0
2026-02-01,"Jacksonville, FL 32259 Daily Su",Yellow-rumped Warbler,33.0
2026-02-02,"Jacksonville, FL 32259 Daily Su",Carolina Wren,17.0
2026-02-02,"Jacksonville, FL 32259 Daily Su",Mourning Dove,153.0
2026-02-02,"Jacksonville, FL 32259 Daily Su",Yellow-rumped Warbler,119.0
2026-02-02,"Jacksonville, FL 32259 Daily Su",Red-bellied Woodpecker,41.0
2026-02-02,"Jacksonville, FL 32259 Daily Su",Northern Cardinal,22.0
2026-02-02,"Jacksonville, FL 32259 Daily Su",Eastern Bluebird,115.0
2026-02-02,"Jacksonville, FL 32259 Daily Su",Tufted Titmouse,14.0
2026-02-02,"Jacksonville, FL 32259 Daily Su",Pine Warbler,2.0
2026-02-02,"Jacksonville, FL 32259 Daily Su",Common Ground Dove,12.0
2026-02-02,"Jacksonville, FL 32259 Daily Su",Carolina Chickadee,6.0
2026-02-02,"Jacksonville, FL 32259 Daily Su",Downy Woodpecker,6.0
2026-02-03,"Jacksonville, FL 32259 Daily Su",Northern Cardinal,31.0
2026-02-03,"Jacksonville, FL 32259 Daily Su",Carolina Wren,11.0
2026-02-03,"Jacksonville, FL 32259 Daily Su",Yellow-rumped Warbler,59.0
2026-02-03,"Jacksonville, FL 32259 Daily Su",Mourning Dove,316.0
2026-02-03,"Jacksonville, FL 32259 Daily Su",Red-bellied Woodpecker,41.0
2026-02-03,"Jacksonville, FL 32259 Daily Su",Tufted Titmouse,9.0
2026-02-03,"Jacksonville, FL 32259 Daily Su",Eastern Bluebird,28.0
2026-02-03,"Jacksonville, FL 32259 Daily Su",Pine Warbler,4.0
2026-02-03,"Jacksonville, FL 32259 Daily Su",Carolina Chickadee,1.0
2026-02-04,"Jacksonville, FL 32259 Daily Su",Northern Cardinal,23.0
2026-02-04,"Jacksonville, FL 32259 Daily Su",Mourning Dove,116.0
2026-02-04,"Jacksonville, FL 32259 Daily Su",Carolina Wren,13.0
2026-02-04,"Jacksonville, FL 32259 Daily Su",Yellow-rumped Warbler,46.0
2026-02-04,"Jacksonville, FL 32259 Daily Su",Red-bellied Woodpecker,40.0
2026-02-04,"Jacksonville, FL 32259 Daily Su",Tufted Titmouse,3.0
2026-02-04,"Jacksonville, FL 32259 Daily Su",Eastern Bluebird,47.0
2026-02-05,"Jacksonville, FL 32259 Daily Su",Northern Cardinal,22.0
2026-02-05,"Jacksonville, FL 32259 Daily Su",Carolina Wren,21.0
2026-02-05,"Jacksonville, FL 32259 Daily Su",Mourning Dove,100.0
2026-02-05,"Jacksonville, FL 32259 Daily Su",Eastern Bluebird,228.0
2026-02-05,"Jacksonville, FL 32259 Daily Su",Carolina Chickadee,3.0
2026-02-05,"Jacksonville, FL 32259 Daily Su",Yellow-rumped Warbler,78.0
2026-02-05,"Jacksonville, FL 32259 Daily Su",Red-bellied Woodpecker,35.0
2026-02-05,"Jacksonville, FL 32259 Daily Su",Tufted Titmouse,2.0
2026-02-05,"Jacksonville, FL 32259 Daily Su",Yellow-throated Warbler,6.0
2026-02-05,"Jacksonville, FL 32259 Daily Su",Pine Warbler,1.0
2026-02-06,"Jacksonville, FL 32259 Daily Su",Yellow-rumped Warbler,85.0
2026-02-06,"Jacksonville, FL 32259 Daily Su",Carolina Wren,15.0
2026-02-06,"Jacksonville, FL 32259 Daily Su",Tufted Titmouse,22.0
2026-02-06,"Jacksonville, FL 32259 Daily Su",Mourning Dove,103.0
2026-02-06,"Jacksonville, FL 32259 Daily Su",Red-bellied Woodpecker,31.0
2026-02-06,"Jacksonville, FL 32259 Daily Su",Eastern Bluebird,23.0
2026-02-06,"Jacksonville, FL 32259 Daily Su",Northern Cardinal,20.0
2026-02-07,"Jacksonville, FL 32259 Daily Su",Northern Cardinal,25.0
2026-02-07,"Jacksonville, FL 32259 Daily Su",Mourning Dove,47.0
2026-02-07,"Jacksonville, FL 32259 Daily Su",Carolina Wren,16.0
2026-02-07,"Jacksonville, FL 32259 Daily Su",Yellow-rumped Warbler,74.0
2026-02-07,"Jacksonville, FL 32259 Daily Su",Red-bellied Woodpecker,16.0
2026-02-07,"Jacksonville, FL 32259 Daily Su",Tufted Titmouse,23.0
2026-02-07,"Jacksonville, FL 32259 Daily Su",Eastern Bluebird,16.0
2026-02-07,"Jacksonville, FL 32259 Daily Su",Carolina Chickadee,1.0
2026-02-08,"Jacksonville, FL 32259 Daily Su",Carolina Wren,16.0
2026-02-08,"Jacksonville, FL 32259 Daily Su",Northern Cardinal,34.0
2026-02-08,"Jacksonville, FL 32259 Daily Su",Mourning Dove,100.0
2026-02-08,"Jacksonville, FL 32259 Daily Su",Yellow-rumped Warbler,61.0
2026-02-08,"Jacksonville, FL 32259 Daily Su",Tufted Titmouse,11.0
2026-02-08,"Jacksonville, FL 32259 Daily Su",Red-bellied Woodpecker,24.0
2026-02-08,"Jacksonville, FL 32259 Daily Su",Carolina Chickadee,2.0
2026-02-08,"Jacksonville, FL 32259 Daily Su",Eastern Bluebird,28.0
2026-02-09,"Jacksonville, FL 32259 Daily Su",Yellow-rumped Warbler,50.0
2026-02-09,"Jacksonville, FL 32259 Daily Su",Mourning Dove,37.0
2026-02-09,"Jacksonville, FL 32259 Daily Su",Eastern Bluebird,28.0
2026-02-09,"Jacksonville, FL 32259 Daily Su",Red-bellied Woodpecker,31.0
2026-02-09,"Jacksonville, FL 32259 Daily Su",Tufted Titmouse,7.0
2026-02-09,"Jacksonville, FL 32259 Daily Su",Western Honeybee,1.0
2026-02-09,"Jacksonville, FL 32259 Daily Su",Northern Cardinal,3.0
2026-02-10,"Jacksonville, FL 32259 Daily Su",Northern Cardinal,27.0
2026-02-10,"Jacksonville, FL 32259 Daily Su",Mourning Dove,108.0
2026-02-10,"Jacksonville, FL 32259 Daily Su",Carolina Wren,13.0
2026-02-10,"Jacksonville, FL 32259 Daily Su",Yellow-rumped Warbler,32.0
2026-02-10,"Jacksonville, FL 32259 Daily Su",Red-bellied Woodpecker,29.0
2026-02-10,"Jacksonville, FL 32259 Daily Su",Tufted Titmouse,17.0
2026-02-10,"Jacksonville, FL 32259 Daily Su",Eastern Bluebird,34.0
2026-02-10,"Jacksonville, FL 32259 Daily Su",Pine Warbler,4.0
2026-02-11,"Jacksonville, FL 32259 Daily Su",Northern Cardinal,9.0
2026-02-11,"Jacksonville, FL 32259 Daily Su",Mourning Dove,8.0
2026-02-11,"Jacksonville, FL 32259 Daily Su",Yellow-rumped Warbler,10.0
2026-02-11,"Jacksonville, FL 32259 Daily Su",Eastern Bluebird,151.0
2026-02-11,"Jacksonville, FL 32259 Daily Su",Red-bellied Woodpecker,19.0
2026-02-11,"Jacksonville, FL 32259 Daily Su",Carolina Wren,4.0
2026-02-11,"Jacksonville, FL 32259 Daily Su",Tufted Titmouse,6.0
2026-02-11,"Jacksonville, FL 32259 Daily Su",Pine Warbler,2.0
2026-02-12,"Jacksonville, FL 32259 Daily Su",Northern Cardinal,25.0
2026-02-12,"Jacksonville, FL 32259 Daily Su",Carolina Wren,7.0
2026-02-12,"Jacksonville, FL 32259 Daily Su",Yellow-rumped Warbler,19.0
2026-02-12,"Jacksonville, FL 32259 Daily Su",Tufted Titmouse,11.0
2026-02-12,"Jacksonville, FL 32259 Daily Su",Red-bellied Woodpecker,6.0
2026-02-12,"Jacksonville, FL 32259 Daily Su",Eastern Bluebird,2.0
2026-02-12,"Jacksonville, FL 32259 Daily Su",Mourning Dove,28.0
2026-02-12,"Jacksonville, FL 32259 Daily Su",Carolina Chickadee,3.0
2026-02-13,"Jacksonville, FL 32259 Daily Su",Northern Cardinal,29.0
2026-02-13,"Jacksonville, FL 32259 Daily Su",Carolina Wren,15.0
2026-02-13,"Jacksonville, FL 32259 Daily Su",Tufted Titmouse,23.0
2026-02-13,"Jacksonville, FL 32259 Daily Su",Yellow-rumped Warbler,31.0
2026-02-13,"Jacksonville, FL 32259 Daily Su",Red-bellied Woodpecker,28.0
2026-02-13,"Jacksonville, FL 32259 Daily Su",Eastern Bluebird,107.0
2026-02-13,"Jacksonville, FL 32259 Daily Su",Common Ground Dove,21.0
2026-02-13,"Jacksonville, FL 32259 Daily Su",Pine Warbler,4.0
2026-02-13,"Jacksonville, FL 32259 Daily Su",Mourning Dove,89.0
2026-02-14,"Jacksonville, FL 32259 Daily Su",Northern Cardinal,21.0
2026-02-14,"Jacksonville, FL 32259 Daily Su",Carolina Wren,10.0
2026-02-14,"Jacksonville, FL 32259 Daily Su",Mourning Dove,48.0
2026-02-14,"Jacksonville, FL 32259 Daily Su",Yellow-rumped Warbler,29.0
2026-02-14,"Jacksonville, FL 32259 Daily Su",Eastern Bluebird,131.0
2026-02-14,"Jacksonville, FL 32259 Daily Su",Tufted Titmouse,18.0
2026-02-14,"Jacksonville, FL 32259 Daily Su",Red-bellied Woodpecker,17.0
2026-02-14,"Jacksonville, FL 32259 Daily Su",Pine Warbler,3.0
2026-02-15,"Jacksonville, FL 32259 Daily Su",Northern Cardinal,10.0
2026-02-15,"Jacksonville, FL 32259 Daily Su",Carolina Wren,3.0
2026-02-15,"Jacksonville, FL 32259 Daily Su",Yellow-rumped Warbler,20.0
2026-02-15,"Jacksonville, FL 32259 Daily Su",Eastern Bluebird,20.0
2026-02-15,"Jacksonville, FL 32259 Daily Su",Red-bellied Woodpecker,24.0
2026-02-15,"Jacksonville, FL 32259 Daily Su",Mourning Dove,20.0
2026-02-15,"Jacksonville, FL 32259 Daily Su",Tufted Titmouse,4.0
2026-02-16,"Jacksonville, FL 32259 Daily Su",Northern Cardinal,4.0
2026-02-16,"Jacksonville, FL 32259 Daily Su",Carolina Wren,3.0
2026-02-16,"Jacksonville, FL 32259 Daily Su",Yellow-rumped Warbler,17.0
2026-02-16,"Jacksonville, FL 32259 Daily Su",Red-bellied Woodpecker,2.0
2026-02-16,"Jacksonville, FL 32259 Daily Su",Carolina Chickadee,1.0
2026-02-16,"Jacksonville, FL 32259 Daily Su",Eastern Bluebird,2.0
2026-02-17,"Jacksonville, FL 32259 Daily Su",Carolina Wren,3.0
2026-02-17,"Jacksonville, FL 32259 Daily Su",Red-bellied Woodpecker,1.0
2026-02-17,"Jacksonville, FL 32259 Daily Su",Yellow-rumped Warbler,2.0
2026-02-17,"Jacksonville, FL 32259 Daily Su",Tufted Titmouse,8.0
2026-02-17,"Jacksonville, FL 32259 Daily Su",Mourning Dove,37.0
2026-02-17,"Jacksonville, FL 32259 Daily Su",Eastern Bluebird,2.0
2026-02-17,"Jacksonville, FL 32259 Daily Su",Northern Cardinal,2.0
2026-02-18,"Jacksonville, FL 32259 Daily Su",Northern Cardinal,9.0
2026-02-18,"Jacksonville, FL 32259 Daily Su",Yellow-rumped Warbler,1.0
2026-02-18,"Jacksonville, FL 32259 Daily Su",Mourning Dove,2.0
2026-02-19,"Jacksonville, FL 32259 Daily Su",Carolina Wren,2.0
2026-02-19,"Jacksonville, FL 32259 Daily Su",Tufted Titmouse,4.0
2026-02-19,"Jacksonville, FL 32259 Daily Su",Eastern Bluebird,1.0
2026-02-19,"Jacksonville, FL 32259 Daily Su",Red-bellied Woodpecker,6.0
2026-02-19,"Jacksonville, FL 32259 Daily Su",Pine Warbler,1.0
2026-02-19,"Jacksonville, FL 32259 Daily Su",Mourning Dove,8.0
2026-02-19,"Jacksonville, FL 32259 Daily Su",Yellow-rumped Warbler,10.0
2026-02-19,"Jacksonville, FL 32259 Daily Su",Yellow-throated Warbler,1.0
2026-02-19,"Jacksonville, FL 32259 Daily Su",Northern Cardinal,4.0
2026-02-20,"Jacksonville, FL 32259 Daily Su",Tufted Titmouse,1.0
2026-02-20,"Jacksonville, FL 32259 Daily Su",Northern Cardinal,3.0
2026-02-20,"Jacksonville, FL 32259 Daily Su",Mourning Dove,8.0
2026-02-20,"Jacksonville, FL 32259 Daily Su",Yellow-rumped Warbler,2.0
2026-02-20,"Jacksonville, FL 32259 Daily Su",Eastern Bluebird,5.0
2026-02-21,"Jacksonville, FL 32259 Daily Su",Pine Warbler,3.0
2026-02-21,"Jacksonville, FL 32259 Daily Su",Yellow-rumped Warbler,10.0
2026-02-21,"Jacksonville, FL 32259 Daily Su",Northern Cardinal,2.0
2026-02-21,"Jacksonville, FL 32259 Daily Su",Tufted Titmouse,1.0
2026-02-21,"Jacksonville, FL 32259 Daily Su",Red-bellied Woodpecker,1.0
2026-02-22,"Jacksonville, FL 32259 Daily Su",Northern Cardinal,7.0
2026-02-23,"Jacksonville, FL 32259 Daily Su",Carolina Wren,1.0
2026-02-23,"Jacksonville, FL 32259 Daily Su",Tufted Titmouse,3.0
2026-02-23,"Jacksonville, FL 32259 Daily Su",Yellow-rumped Warbler,2.0
2026-02-23,"Jacksonville, FL 32259 Daily Su",Mourning Dove,1.0
2026-02-23,"Jacksonville, FL 32259 Daily Su",Carolina Chickadee,1.0
2026-02-24,"Jacksonville, FL 32259 Daily Su",Carolina Wren,2.0
2026-02-24,"Jacksonville, FL 32259 Daily Su",Red-bellied Woodpecker,2.0
2026-02-24,"Jacksonville, FL 32259 Daily Su",Northern Cardinal,4.0
2026-02-24,"Jacksonville, FL 32259 Daily Su",Tufted Titmouse,1.0
2026-02-24,"Jacksonville, FL 32259 Daily Su",Yellow-rumped Warbler,5.0
2026-02-24,"Jacksonville, FL 32259 Daily Su",Eastern Bluebird,1.0
2026-02-24,"Jacksonville, FL 32259 Daily Su",Carolina Wren,2.0
2026-02-24,"Jacksonville, FL 32259 Daily Su",Red-bellied Woodpecker,2.0
2026-02-24,"Jacksonville, FL 32259 Daily Su",Northern Cardinal,4.0
2026-02-24,"Jacksonville, FL 32259 Daily Su",Tufted Titmouse,1.0
2026-02-24,"Jacksonville, FL 32259 Daily Su",Yellow-rumped Warbler,5.0
2026-02-24,"Jacksonville, FL 32259 Daily Su",Eastern Bluebird,1.0
2026-02-26,"Jacksonville, FL 32259 Daily Su",Yellow-rumped Warbler,8.0
2026-02-26,"Jacksonville, FL 32259 Daily Su",Tufted Titmouse,1.0
2026-02-26,"Jacksonville, FL 32259 Daily Su",Pine Warbler,1.0
2026-02-27,"Jacksonville, FL 32259 Daily Su",Carolina Chickadee,2.0
2026-02-28,"Jacksonville, FL 32259 Daily Su",Mourning Dove,9.0
2026-02-28,"Jacksonville, FL 32259 Daily Su",Northern Cardinal,1.0
2026-03-01,"Jacksonville, FL 32259 Daily Su",Common Ground Dove,1.0
2026-03-01,"Jacksonville, FL 32259 Daily Su",Pine Warbler,1.0
2026-03-02,"Jacksonville, FL 32259 Daily Su",Mourning Dove,7.0
2026-03-02,"Jacksonville, FL 32259 Daily Su",Tufted Titmouse,0.0
2026-03-03,"Jacksonville, FL 32259 Daily Su",Tufted Titmouse,2.0
2026-03-04,"Jacksonville, FL 32259 Daily Su",Red-bellied Woodpecker,1.0
2026-03-05,"Jacksonville, FL 32259 Daily Su",Carolina Chickadee,2.0
2026-03-07,"Jacksonville, FL 32259 Daily Su",Eastern Phoebe,1.0
2026-03-07,"Jacksonville, FL 32259 Daily Su",Tufted Titmouse,1.0
2026-03-08,"Jacksonville, FL 32259 Daily Su",Northern Cardinal,5.0
2026-03-08,"Jacksonville, FL 32259 Daily Su",Eastern Bluebird,6.0
2026-03-09,"Jacksonville, FL 32259 Daily Su",Northern Cardinal,2.0
2026-03-10,"Jacksonville, FL 32259 Daily Su",Common Ground Dove,16.0
2026-03-12,"Jacksonville, FL 32259 Daily Su",Carolina Chickadee,2.0
2026-03-12,"Jacksonville, FL 32259 Daily Su",Tufted Titmouse,4.0
2026-03-13,"Jacksonville, FL 32259 Daily Su",Northern Cardinal,1.0
2026-03-15,"Jacksonville, FL 32259 Daily Su",Northern Cardinal,2.0
2026-03-15,"Jacksonville, FL 32259 Daily Su",Carolina Wren,1.0
2026-03-16,"Jacksonville, FL 32259 Daily Su",Carolina Wren,1.0
2026-03-17,"Jacksonville, FL 32259 Daily Su",Northern Cardinal,1.0
2026-03-19,"Jacksonville, FL 32259 Daily Su",Carolina Wren,1.0
2026-03-19,"Jacksonville, FL 32259 Daily Su",Northern Cardinal,1.0
2026-03-19,"Jacksonville, FL 32259 Daily Su",Tufted Titmouse,1.0
2026-03-19,"Jacksonville, FL 32259 Daily Su",Mourning Dove,3.0
2026-03-20,"Jacksonville, FL 32259 Daily Su",Common Ground Dove,1.0
2026-03-20,"Jacksonville, FL 32259 Daily Su",Northern Cardinal,1.0
2026-03-21,"Jacksonville, FL 32259 Daily Su",Northern Cardinal,3.0
2026-03-24,"Jacksonville, FL 32259 Daily Su",Northern Cardinal,1.0
2026-03-25,"Jacksonville, FL 32259 Daily Su",Northern Cardinal,6.0
2026-03-26,"Jacksonville, FL 32259 Daily Su",Northern Cardinal,16.0
2026-03-27,"Jacksonville, FL 32259 Daily Su",Northern Cardinal,15.0
2026-03-27,"Jacksonville, FL 32259 Daily Su",Eastern Gray Squirrel,22.0
2026-03-27,"Jacksonville, FL 32259 Daily Su",Yellow-rumped Warbler,14.0
2026-03-28,"Jacksonville, FL 32259 Daily Su",Northern Cardinal,28.0
2026-03-28,"Jacksonville, FL 32259 Daily Su",Eastern Bluebird,2.0
2026-03-29,"Jacksonville, FL 32259 Daily Su",Eastern Gray Squirrel,59.0
2026-03-29,"Jacksonville, FL 32259 Daily Su",Northern Cardinal,27.0
2026-03-29,"Jacksonville, FL 32259 Daily Su",Eastern Bluebird,59.0
2026-03-29,"Jacksonville, FL 32259 Daily Su",Red-bellied Woodpecker,13.0
2026-03-29,"Jacksonville, FL 32259 Daily Su",Yellow-rumped Warbler,13.0
2026-03-29,"Jacksonville, FL 32259 Daily Su",Pine Warbler,23.0
2026-03-30,"Jacksonville, FL 32259 Daily Su",Northern Cardinal,26.0
2026-03-30,"Jacksonville, FL 32259 Daily Su",Eastern Bluebird,90.0
2026-03-30,"Jacksonville, FL 32259 Daily Su",Pine Warbler,30.0
2026-03-30,"Jacksonville, FL 32259 Daily Su",Carolina Wren,9.0
2026-03-30,"Jacksonville, FL 32259 Daily Su",Eastern Gray Squirrel,77.0
2026-03-30,"Jacksonville, FL 32259 Daily Su",Yellow-rumped Warbler,33.0
2026-03-30,"Jacksonville, FL 32259 Daily Su",Red-bellied Woodpecker,7.0
2026-03-30,"Jacksonville, FL 32259 Daily Su",Common Ground Dove,1.0
2026-03-31,"Jacksonville, FL 32259 Daily Su",Northern Cardinal,8.0
2026-03-31,"Jacksonville, FL 32259 Daily Su",Eastern Bluebird,17.0
2026-03-31,"Jacksonville, FL 32259 Daily Su",Pine Warbler,9.0
2026-03-31,"Jacksonville, FL 32259 Daily Su",Red-bellied Woodpecker,5.0
2026-03-31,"Jacksonville, FL 32259 Daily Su",Carolina Wren,2.0
2026-03-31,"Jacksonville, FL 32259 Daily Su",Mourning Dove,49.0
2026-03-31,"Jacksonville, FL 32259 Daily Su",Eastern Gray Squirrel,65.0
2026-03-31,"Jacksonville, FL 32259 Daily Su",Common Ground Dove,64.0
2026-04-01,"Jacksonville, FL 32259 Daily Su",Eastern Bluebird,17.0
2026-04-01,"Jacksonville, FL 32259 Daily Su",Northern Cardinal,8.0
2026-04-01,"Jacksonville, FL 32259 Daily Su",Carolina Wren,3.0
2026-04-01,"Jacksonville, FL 32259 Daily Su",Pine Warbler,4.0
2026-04-01,"Jacksonville, FL 32259 Daily Su",Carolina Chickadee,3.0
2026-04-01,"Jacksonville, FL 32259 Daily Su",Eastern Gray Squirrel,98.0
2026-04-01,"Jacksonville, FL 32259 Daily Su",Tufted Titmouse,7.0
2026-04-02,"Jacksonville, FL 32259 Daily Su",Northern Cardinal,30.0
2026-04-02,"Jacksonville, FL 32259 Daily Su",Eastern Bluebird,110.0
2026-04-02,"Jacksonville, FL 32259 Daily Su",Eastern Gray Squirrel,65.0
2026-04-02,"Jacksonville, FL 32259 Daily Su",Pine Warbler,30.0
2026-04-02,"Jacksonville, FL 32259 Daily Su",Carolina Wren,12.0
2026-04-02,"Jacksonville, FL 32259 Daily Su",Mourning Dove,11.0
2026-04-02,"Jacksonville, FL 32259 Daily Su",Tufted Titmouse,1.0
2026-04-03,"Jacksonville, FL 32259 Daily Su",Northern Cardinal,54.0
2026-04-03,"Jacksonville, FL 32259 Daily Su",Eastern Gray Squirrel,67.0
2026-04-03,"Jacksonville, FL 32259 Daily Su",Mourning Dove,57.0
2026-04-03,"Jacksonville, FL 32259 Daily Su",Pine Warbler,23.0
2026-04-03,"Jacksonville, FL 32259 Daily Su",Red-bellied Woodpecker,1.0
2026-04-03,"Jacksonville, FL 32259 Daily Su",Tufted Titmouse,5.0
2026-04-04,"Jacksonville, FL 32259 Daily Su",Eastern Bluebird,134.0
2026-04-04,"Jacksonville, FL 32259 Daily Su",Eastern Gray Squirrel,132.0
2026-04-04,"Jacksonville, FL 32259 Daily Su",Carolina Wren,25.0
2026-04-04,"Jacksonville, FL 32259 Daily Su",Northern Cardinal,42.0
2026-04-04,"Jacksonville, FL 32259 Daily Su",Pine Warbler,20.0
2026-04-04,"Jacksonville, FL 32259 Daily Su",Red-bellied Woodpecker,2.0
2026-04-04,"Jacksonville, FL 32259 Daily Su",Carolina Chickadee,6.0
2026-04-04,"Jacksonville, FL 32259 Daily Su",Tufted Titmouse,9.0
2026-04-04,"Jacksonville, FL 32259 Daily Su",Mourning Dove,16.0
2026-04-05,"Jacksonville, FL 32259 Daily Su",Northern Cardinal,25.0
2026-04-05,"Jacksonville, FL 32259 Daily Su",Eastern Bluebird,135.0
2026-04-05,"Jacksonville, FL 32259 Daily Su",Carolina Wren,32.0
2026-04-05,"Jacksonville, FL 32259 Daily Su",Eastern Gray Squirrel,133.0
2026-04-05,"Jacksonville, FL 32259 Daily Su",Tufted Titmouse,2.0
2026-04-05,"Jacksonville, FL 32259 Daily Su",Pine Warbler,3.0
2026-04-05,"Jacksonville, FL 32259 Daily Su",Carolina Chickadee,2.0
2026-04-05,"Jacksonville, FL 32259 Daily Su",Red-bellied Woodpecker,3.0
2026-04-05,"Jacksonville, FL 32259 Daily Su",Mourning Dove,13.0
2026-04-05,"Jacksonville, FL 32259 Daily Su",Common Ground Dove,14.0
2025-10-05,Southampton daily summaries,Blue tit,0.0
2025-10-06,Southampton daily summaries,Blue tit,0.0
2025-10-07,Southampton daily summaries,Blue tit,0.0
2025-10-08,Southampton daily summaries,Blue tit,0.0
2025-10-09,Southampton daily summaries,Blue tit,0.0
2025-10-10,Southampton daily summaries,Blue tit,0.0
2025-10-11,Southampton daily summaries,Blue tit,2.0
2025-10-12,Southampton daily summaries,Blue tit,7.0
2025-10-13,Southampton daily summaries,Blue tit,6.0
2025-10-14,Southampton daily summaries,Blue tit,15.0
2025-10-15,Southampton daily summaries,Blue tit,10.0
2025-10-16,Southampton daily summaries,Blue tit,16.0
2025-10-17,Southampton daily summaries,Blue tit,14.0
2025-10-18,Southampton daily summaries,Blue tit,35.0
2025-10-19,Southampton daily summaries,Blue tit,26.0
2025-10-20,Southampton daily summaries,Blue tit,52.0
2025-10-21,Southampton daily summaries,Blue tit,34.0
2025-10-22,Southampton daily summaries,Blue tit,37.0
2025-10-23,Southampton daily summaries,Blue tit,76.0
2025-10-24,Southampton daily summaries,Blue tit,73.0
2025-10-25,Southampton daily summaries,Blue tit,92.0
2025-10-26,Southampton daily summaries,Blue tit,119.0
2025-10-27,Southampton daily summaries,Blue tit,81.0
2025-10-28,Southampton daily summaries,Blue tit,56.0
2025-10-29,Southampton daily summaries,Blue tit,72.0
2025-10-30,Southampton daily summaries,Blue tit,109.0
2025-10-31,Southampton daily summaries,Blue tit,133.0
2025-11-01,Southampton daily summaries,Blue tit,86.0
2025-11-02,Southampton daily summaries,Blue tit,56.0
2025-11-03,Southampton daily summaries,Blue tit,53.0
2025-11-04,Southampton daily summaries,Blue tit,69.0
2025-11-05,Southampton daily summaries,Blue tit,49.0
2025-11-06,Southampton daily summaries,Blue tit,55.0
2025-11-07,Southampton daily summaries,Blue tit,31.0
2025-11-08,Southampton daily summaries,Blue tit,74.0
2025-11-09,Southampton daily summaries,Blue tit,69.0
,Southampton daily summaries,Blue tit,
2025-11-10,Southampton daily summaries,Blue tit,19.0
2025-11-11,Southampton daily summaries,Blue tit,17.0
2025-11-12,Southampton daily summaries,Blue tit,5.0
2025-11-13,Southampton daily summaries,Blue tit,3.0
2025-11-14,Southampton daily summaries,Blue tit,0.0
2025-11-15,Southampton daily summaries,Blue tit,1.0
2025-11-16,Southampton daily summaries,Blue tit,2.0
2025-11-17,Southampton daily summaries,Blue tit,0.0
2025-11-18,Southampton daily summaries,Blue tit,1.0
2025-11-19,Southampton daily summaries,Blue tit,0.0
2025-11-20,Southampton daily summaries,Blue tit,0.0
,Southampton daily summaries,Blue tit,
2025-11-21,Southampton daily summaries,Blue tit,57.0
2025-11-22,Southampton daily summaries,Blue tit,43.0
2025-11-23,Southampton daily summaries,Blue tit,38.0
2025-11-25,Southampton daily summaries,Blue tit,130.0
2025-11-26,Southampton daily summaries,Blue tit,203.0
2025-11-27,Southampton daily summaries,Blue tit,191.0
2025-11-28,Southampton daily summaries,Blue tit,157.0
2025-11-29,Southampton daily summaries,Blue tit,77.0
2025-12-03,Southampton daily summaries,Blue tit,121.0
2025-12-04,Southampton daily summaries,Blue tit,145.0
2025-12-05,Southampton daily summaries,Blue tit,191.0
2025-12-06,Southampton daily summaries,Blue tit,219.0
2025-12-07,Southampton daily summaries,Blue tit,198.0
2025-12-08,Southampton daily summaries,Blue tit,183.0
2025-12-09,Southampton daily summaries,Blue tit,340.0
2025-12-10,Southampton daily summaries,Blue tit,197.0
2025-12-11,Southampton daily summaries,Blue tit,321.0
2025-12-12,Southampton daily summaries,Blue tit,329.0
2025-12-13,Southampton daily summaries,Blue tit,221.0
2025-12-14,Southampton daily summaries,Blue tit,324.0
2025-12-15,Southampton daily summaries,Blue tit,262.0
,Southampton daily summaries,Blue tit,
2025-12-16,Southampton daily summaries,Blue tit,38.0
2025-12-17,Southampton daily summaries,Blue tit,18.0
2025-12-18,Southampton daily summaries,Blue tit,1.0
2025-12-19,Southampton daily summaries,Blue tit,6.0
2025-12-20,Southampton daily summaries,Blue tit,3.0
2025-12-21,Southampton daily summaries,Blue tit,0.0
2025-12-22,Southampton daily summaries,Blue tit,12.0
2025-12-23,Southampton daily summaries,Blue tit,2.0
2025-12-24,Southampton daily summaries,Blue tit,3.0
2025-12-25,Southampton daily summaries,Blue tit,4.0
2025-12-26,Southampton daily summaries,Blue tit,0.0
2025-12-27,Southampton daily summaries,Blue tit,0.0
2025-12-28,Southampton daily summaries,Blue tit,1.0
2025-12-29,Southampton daily summaries,Blue tit,1.0
,Southampton daily summaries,Blue tit,
2025-12-30,Southampton daily summaries,Blue tit,77.0
2025-12-31,Southampton daily summaries,Blue tit,123.0
2026-01-01,Southampton daily summaries,Blue tit,199.0
2026-01-02,Southampton daily summaries,Blue tit,332.0
2026-01-03,Southampton daily summaries,Blue tit,220.0
2026-01-04,Southampton daily summaries,Blue tit,260.0
2026-01-05,Southampton daily summaries,Blue tit,324.0
2026-01-06,Southampton daily summaries,Blue tit,276.0
2026-01-07,Southampton daily summaries,Blue tit,344.0
2025-10-05,Southampton daily summaries,Coal tit,0.0
2025-10-06,Southampton daily summaries,Coal tit,0.0
2025-10-07,Southampton daily summaries,Coal tit,0.0
2025-10-08,Southampton daily summaries,Coal tit,0.0
2025-10-09,Southampton daily summaries,Coal tit,0.0
2025-10-10,Southampton daily summaries,Coal tit,0.0
2025-10-11,Southampton daily summaries,Coal tit,0.0
2025-10-12,Southampton daily summaries,Coal tit,0.0
2025-10-13,Southampton daily summaries,Coal tit,0.0
2025-10-14,Southampton daily summaries,Coal tit,0.0
2025-10-15,Southampton daily summaries,Coal tit,10.0
2025-10-16,Southampton daily summaries,Coal tit,11.0
2025-10-17,Southampton daily summaries,Coal tit,8.0
2025-10-18,Southampton daily summaries,Coal tit,33.0
2025-10-19,Southampton daily summaries,Coal tit,16.0
2025-10-20,Southampton daily summaries,Coal tit,17.0
2025-10-21,Southampton daily summaries,Coal tit,31.0
2025-10-22,Southampton daily summaries,Coal tit,27.0
2025-10-23,Southampton daily summaries,Coal tit,15.0
2025-10-24,Southampton daily summaries,Coal tit,46.0
2025-10-25,Southampton daily summaries,Coal tit,31.0
2025-10-26,Southampton daily summaries,Coal tit,35.0
2025-10-27,Southampton daily summaries,Coal tit,26.0
2025-10-28,Southampton daily summaries,Coal tit,11.0
2025-10-29,Southampton daily summaries,Coal tit,26.0
2025-10-30,Southampton daily summaries,Coal tit,51.0
2025-10-31,Southampton daily summaries,Coal tit,35.0
2025-11-01,Southampton daily summaries,Coal tit,37.0
2025-11-02,Southampton daily summaries,Coal tit,29.0
2025-11-03,Southampton daily summaries,Coal tit,11.0
2025-11-04,Southampton daily summaries,Coal tit,25.0
2025-11-05,Southampton daily summaries,Coal tit,15.0
2025-11-06,Southampton daily summaries,Coal tit,21.0
2025-11-07,Southampton daily summaries,Coal tit,15.0
2025-11-08,Southampton daily summaries,Coal tit,22.0
2025-11-09,Southampton daily summaries,Coal tit,19.0
,Southampton daily summaries,Coal tit,
2025-11-10,Southampton daily summaries,Coal tit,1.0
2025-11-11,Southampton daily summaries,Coal tit,4.0
2025-11-12,Southampton daily summaries,Coal tit,1.0
2025-11-13,Southampton daily summaries,Coal tit,0.0
2025-11-14,Southampton daily summaries,Coal tit,0.0
2025-11-15,Southampton daily summaries,Coal tit,0.0
2025-11-16,Southampton daily summaries,Coal tit,1.0
2025-11-17,Southampton daily summaries,Coal tit,1.0
2025-11-18,Southampton daily summaries,Coal tit,0.0
2025-11-19,Southampton daily summaries,Coal tit,0.0
2025-11-20,Southampton daily summaries,Coal tit,0.0
,Southampton daily summaries,Coal tit,
2025-11-21,Southampton daily summaries,Coal tit,32.0
2025-11-22,Southampton daily summaries,Coal tit,23.0
2025-11-23,Southampton daily summaries,Coal tit,13.0
2025-11-25,Southampton daily summaries,Coal tit,17.0
2025-11-26,Southampton daily summaries,Coal tit,45.0
2025-11-27,Southampton daily summaries,Coal tit,16.0
2025-11-28,Southampton daily summaries,Coal tit,10.0
2025-11-29,Southampton daily summaries,Coal tit,4.0
2025-12-03,Southampton daily summaries,Coal tit,19.0
2025-12-04,Southampton daily summaries,Coal tit,7.0
2025-12-05,Southampton daily summaries,Coal tit,13.0
2025-12-06,Southampton daily summaries,Coal tit,16.0
2025-12-07,Southampton daily summaries,Coal tit,7.0
2025-12-08,Southampton daily summaries,Coal tit,22.0
2025-12-09,Southampton daily summaries,Coal tit,19.0
2025-12-10,Southampton daily summaries,Coal tit,23.0
2025-12-11,Southampton daily summaries,Coal tit,36.0
2025-12-12,Southampton daily summaries,Coal tit,31.0
2025-12-13,Southampton daily summaries,Coal tit,12.0
2025-12-14,Southampton daily summaries,Coal tit,30.0
2025-12-15,Southampton daily summaries,Coal tit,8.0
,Southampton daily summaries,Coal tit,
2025-12-16,Southampton daily summaries,Coal tit,1.0
2025-12-17,Southampton daily summaries,Coal tit,0.0
2025-12-18,Southampton daily summaries,Coal tit,0.0
2025-12-19,Southampton daily summaries,Coal tit,0.0
2025-12-20,Southampton daily summaries,Coal tit,1.0
2025-12-21,Southampton daily summaries,Coal tit,0.0
2025-12-22,Southampton daily summaries,Coal tit,1.0
2025-12-23,Southampton daily summaries,Coal tit,0.0
2025-12-24,Southampton daily summaries,Coal tit,0.0
2025-12-25,Southampton daily summaries,Coal tit,1.0
2025-12-26,Southampton daily summaries,Coal tit,0.0
2025-12-27,Southampton daily summaries,Coal tit,0.0
2025-12-28,Southampton daily summaries,Coal tit,0.0
2025-12-29,Southampton daily summaries,Coal tit,0.0
,Southampton daily summaries,Coal tit,
2025-12-30,Southampton daily summaries,Coal tit,28.0
2025-12-31,Southampton daily summaries,Coal tit,25.0
2026-01-01,Southampton daily summaries,Coal tit,16.0
2026-01-02,Southampton daily summaries,Coal tit,30.0
2026-01-03,Southampton daily summaries,Coal tit,16.0
2026-01-04,Southampton daily summaries,Coal tit,19.0
2026-01-05,Southampton daily summaries,Coal tit,18.0
2026-01-06,Southampton daily summaries,Coal tit,18.0
2026-01-07,Southampton daily summaries,Coal tit,1.0
2025-10-05,Southampton daily summaries,Great tit,2.0
2025-10-06,Southampton daily summaries,Great tit,5.0
2025-10-07,Southampton daily summaries,Great tit,3.0
2025-10-08,Southampton daily summaries,Great tit,5.0
2025-10-09,Southampton daily summaries,Great tit,3.0
2025-10-10,Southampton daily summaries,Great tit,8.0
2025-10-11,Southampton daily summaries,Great tit,10.0
2025-10-12,Southampton daily summaries,Great tit,14.0
2025-10-13,Southampton daily summaries,Great tit,14.0
2025-10-14,Southampton daily summaries,Great tit,50.0
2025-10-15,Southampton daily summaries,Great tit,55.0
2025-10-16,Southampton daily summaries,Great tit,50.0
2025-10-17,Southampton daily summaries,Great tit,39.0
2025-10-18,Southampton daily summaries,Great tit,35.0
2025-10-19,Southampton daily summaries,Great tit,28.0
2025-10-20,Southampton daily summaries,Great tit,50.0
2025-10-21,Southampton daily summaries,Great tit,76.0
2025-10-22,Southampton daily summaries,Great tit,80.0
2025-10-23,Southampton daily summaries,Great tit,114.0
2025-10-24,Southampton daily summaries,Great tit,126.0
2025-10-25,Southampton daily summaries,Great tit,116.0
2025-10-26,Southampton daily summaries,Great tit,126.0
2025-10-27,Southampton daily summaries,Great tit,151.0
2025-10-28,Southampton daily summaries,Great tit,89.0
2025-10-29,Southampton daily summaries,Great tit,97.0
2025-10-30,Southampton daily summaries,Great tit,160.0
2025-10-31,Southampton daily summaries,Great tit,187.0
2025-11-01,Southampton daily summaries,Great tit,191.0
2025-11-02,Southampton daily summaries,Great tit,172.0
2025-11-03,Southampton daily summaries,Great tit,132.0
2025-11-04,Southampton daily summaries,Great tit,118.0
2025-11-05,Southampton daily summaries,Great tit,124.0
2025-11-06,Southampton daily summaries,Great tit,115.0
2025-11-07,Southampton daily summaries,Great tit,65.0
2025-11-08,Southampton daily summaries,Great tit,87.0
2025-11-09,Southampton daily summaries,Great tit,78.0
,Southampton daily summaries,Great tit,
2025-11-10,Southampton daily summaries,Great tit,58.0
2025-11-11,Southampton daily summaries,Great tit,17.0
2025-11-12,Southampton daily summaries,Great tit,7.0
2025-11-13,Southampton daily summaries,Great tit,6.0
2025-11-14,Southampton daily summaries,Great tit,0.0
2025-11-15,Southampton daily summaries,Great tit,1.0
2025-11-16,Southampton daily summaries,Great tit,6.0
2025-11-17,Southampton daily summaries,Great tit,2.0
2025-11-18,Southampton daily summaries,Great tit,2.0
2025-11-19,Southampton daily summaries,Great tit,1.0
2025-11-20,Southampton daily summaries,Great tit,0.0
,Southampton daily summaries,Great tit,
2025-11-21,Southampton daily summaries,Great tit,81.0
2025-11-22,Southampton daily summaries,Great tit,97.0
2025-11-23,Southampton daily summaries,Great tit,36.0
2025-11-25,Southampton daily summaries,Great tit,182.0
2025-11-26,Southampton daily summaries,Great tit,268.0
2025-11-27,Southampton daily summaries,Great tit,198.0
2025-11-28,Southampton daily summaries,Great tit,156.0
2025-11-29,Southampton daily summaries,Great tit,82.0
2025-12-03,Southampton daily summaries,Great tit,143.0
2025-12-04,Southampton daily summaries,Great tit,153.0
2025-12-05,Southampton daily summaries,Great tit,208.0
2025-12-06,Southampton daily summaries,Great tit,198.0
2025-12-07,Southampton daily summaries,Great tit,166.0
2025-12-08,Southampton daily summaries,Great tit,190.0
2025-12-09,Southampton daily summaries,Great tit,245.0
2025-12-10,Southampton daily summaries,Great tit,200.0
2025-12-11,Southampton daily summaries,Great tit,217.0
2025-12-12,Southampton daily summaries,Great tit,284.0
2025-12-13,Southampton daily summaries,Great tit,161.0
2025-12-14,Southampton daily summaries,Great tit,212.0
2025-12-15,Southampton daily summaries,Great tit,217.0
,Southampton daily summaries,Great tit,
2025-12-16,Southampton daily summaries,Great tit,24.0
2025-12-17,Southampton daily summaries,Great tit,3.0
2025-12-18,Southampton daily summaries,Great tit,0.0
2025-12-19,Southampton daily summaries,Great tit,8.0
2025-12-20,Southampton daily summaries,Great tit,2.0
2025-12-21,Southampton daily summaries,Great tit,0.0
2025-12-22,Southampton daily summaries,Great tit,3.0
2025-12-23,Southampton daily summaries,Great tit,3.0
2025-12-24,Southampton daily summaries,Great tit,2.0
2025-12-25,Southampton daily summaries,Great tit,4.0
2025-12-26,Southampton daily summaries,Great tit,0.0
2025-12-27,Southampton daily summaries,Great tit,0.0
2025-12-28,Southampton daily summaries,Great tit,0.0
2025-12-29,Southampton daily summaries,Great tit,0.0
,Southampton daily summaries,Great tit,
2025-12-30,Southampton daily summaries,Great tit,174.0
2025-12-31,Southampton daily summaries,Great tit,180.0
2026-01-01,Southampton daily summaries,Great tit,163.0
2026-01-02,Southampton daily summaries,Great tit,296.0
2026-01-03,Southampton daily summaries,Great tit,233.0
2026-01-04,Southampton daily summaries,Great tit,228.0
2026-01-05,Southampton daily summaries,Great tit,306.0
2026-01-06,Southampton daily summaries,Great tit,284.0
2026-01-07,Southampton daily summaries,Great tit,294.0
2025-10-05,Southampton daily summaries,Nuthatch,0.0
2025-10-06,Southampton daily summaries,Nuthatch,0.0
2025-10-07,Southampton daily summaries,Nuthatch,0.0
2025-10-08,Southampton daily summaries,Nuthatch,0.0
2025-10-09,Southampton daily summaries,Nuthatch,0.0
2025-10-10,Southampton daily summaries,Nuthatch,0.0
2025-10-11,Southampton daily summaries,Nuthatch,0.0
2025-10-12,Southampton daily summaries,Nuthatch,0.0
2025-10-13,Southampton daily summaries,Nuthatch,0.0
2025-10-14,Southampton daily summaries,Nuthatch,0.0
2025-10-15,Southampton daily summaries,Nuthatch,0.0
2025-10-16,Southampton daily summaries,Nuthatch,0.0
2025-10-17,Southampton daily summaries,Nuthatch,0.0
2025-10-18,Southampton daily summaries,Nuthatch,0.0
2025-10-19,Southampton daily summaries,Nuthatch,0.0
2025-10-20,Southampton daily summaries,Nuthatch,0.0
2025-10-21,Southampton daily summaries,Nuthatch,8.0
2025-10-22,Southampton daily summaries,Nuthatch,38.0
2025-10-23,Southampton daily summaries,Nuthatch,1.0
2025-10-24,Southampton daily summaries,Nuthatch,47.0
2025-10-25,Southampton daily summaries,Nuthatch,19.0
2025-10-26,Southampton daily summaries,Nuthatch,40.0
2025-10-27,Southampton daily summaries,Nuthatch,29.0
2025-10-28,Southampton daily summaries,Nuthatch,35.0
2025-10-29,Southampton daily summaries,Nuthatch,21.0
2025-10-30,Southampton daily summaries,Nuthatch,30.0
2025-10-31,Southampton daily summaries,Nuthatch,15.0
2025-11-01,Southampton daily summaries,Nuthatch,22.0
2025-11-02,Southampton daily summaries,Nuthatch,17.0
2025-11-03,Southampton daily summaries,Nuthatch,20.0
2025-11-04,Southampton daily summaries,Nuthatch,23.0
2025-11-05,Southampton daily summaries,Nuthatch,5.0
2025-11-06,Southampton daily summaries,Nuthatch,20.0
2025-11-07,Southampton daily summaries,Nuthatch,10.0
2025-11-08,Southampton daily summaries,Nuthatch,12.0
2025-11-09,Southampton daily summaries,Nuthatch,19.0
,Southampton daily summaries,Nuthatch,
2025-11-10,Southampton daily summaries,Nuthatch,4.0
2025-11-11,Southampton daily summaries,Nuthatch,2.0
2025-11-12,Southampton daily summaries,Nuthatch,1.0
2025-11-13,Southampton daily summaries,Nuthatch,1.0
2025-11-14,Southampton daily summaries,Nuthatch,0.0
2025-11-15,Southampton daily summaries,Nuthatch,0.0
2025-11-16,Southampton daily summaries,Nuthatch,1.0
2025-11-17,Southampton daily summaries,Nuthatch,0.0
2025-11-18,Southampton daily summaries,Nuthatch,6.0
2025-11-19,Southampton daily summaries,Nuthatch,1.0
2025-11-20,Southampton daily summaries,Nuthatch,2.0
,Southampton daily summaries,Nuthatch,
2025-11-21,Southampton daily summaries,Nuthatch,54.0
2025-11-22,Southampton daily summaries,Nuthatch,10.0
2025-11-23,Southampton daily summaries,Nuthatch,11.0
2025-11-25,Southampton daily summaries,Nuthatch,17.0
2025-11-26,Southampton daily summaries,Nuthatch,47.0
2025-11-27,Southampton daily summaries,Nuthatch,8.0
2025-11-28,Southampton daily summaries,Nuthatch,22.0
2025-11-29,Southampton daily summaries,Nuthatch,15.0
2025-12-03,Southampton daily summaries,Nuthatch,16.0
2025-12-04,Southampton daily summaries,Nuthatch,6.0
2025-12-05,Southampton daily summaries,Nuthatch,10.0
2025-12-06,Southampton daily summaries,Nuthatch,7.0
2025-12-07,Southampton daily summaries,Nuthatch,9.0
2025-12-08,Southampton daily summaries,Nuthatch,7.0
2025-12-09,Southampton daily summaries,Nuthatch,8.0
2025-12-10,Southampton daily summaries,Nuthatch,24.0
2025-12-11,Southampton daily summaries,Nuthatch,33.0
2025-12-12,Southampton daily summaries,Nuthatch,8.0
2025-12-13,Southampton daily summaries,Nuthatch,21.0
2025-12-14,Southampton daily summaries,Nuthatch,21.0
2025-12-15,Southampton daily summaries,Nuthatch,17.0
,Southampton daily summaries,Nuthatch,
2025-12-16,Southampton daily summaries,Nuthatch,3.0
2025-12-17,Southampton daily summaries,Nuthatch,1.0
2025-12-18,Southampton daily summaries,Nuthatch,0.0
2025-12-19,Southampton daily summaries,Nuthatch,3.0
2025-12-20,Southampton daily summaries,Nuthatch,0.0
2025-12-21,Southampton daily summaries,Nuthatch,1.0
2025-12-22,Southampton daily summaries,Nuthatch,2.0
2025-12-23,Southampton daily summaries,Nuthatch,0.0
2025-12-24,Southampton daily summaries,Nuthatch,2.0
2025-12-25,Southampton daily summaries,Nuthatch,1.0
2025-12-26,Southampton daily summaries,Nuthatch,0.0
2025-12-27,Southampton daily summaries,Nuthatch,0.0
2025-12-28,Southampton daily summaries,Nuthatch,0.0
2025-12-29,Southampton daily summaries,Nuthatch,0.0
,Southampton daily summaries,Nuthatch,
2025-12-30,Southampton daily summaries,Nuthatch,34.0
2025-12-31,Southampton daily summaries,Nuthatch,4.0
2026-01-01,Southampton daily summaries,Nuthatch,17.0
2026-01-02,Southampton daily summaries,Nuthatch,43.0
2026-01-03,Southampton daily summaries,Nuthatch,17.0
2026-01-04,Southampton daily summaries,Nuthatch,29.0
2026-01-05,Southampton daily summaries,Nuthatch,20.0
2026-01-06,Southampton daily summaries,Nuthatch,11.0
2026-01-07,Southampton daily summaries,Nuthatch,14.0
2025-10-05,Southampton daily summaries,Robin,0.0
2025-10-06,Southampton daily summaries,Robin,0.0
2025-10-07,Southampton daily summaries,Robin,0.0
2025-10-08,Southampton daily summaries,Robin,1.0
2025-10-09,Southampton daily summaries,Robin,10.0
2025-10-10,Southampton daily summaries,Robin,7.0
2025-10-11,Southampton daily summaries,Robin,18.0
2025-10-12,Southampton daily summaries,Robin,12.0
2025-10-13,Southampton daily summaries,Robin,11.0
2025-10-14,Southampton daily summaries,Robin,19.0
2025-10-15,Southampton daily summaries,Robin,9.0
2025-10-16,Southampton daily summaries,Robin,5.0
2025-10-17,Southampton daily summaries,Robin,5.0
2025-10-18,Southampton daily summaries,Robin,13.0
2025-10-19,Southampton daily summaries,Robin,6.0
2025-10-20,Southampton daily summaries,Robin,5.0
2025-10-21,Southampton daily summaries,Robin,6.0
2025-10-22,Southampton daily summaries,Robin,7.0
2025-10-23,Southampton daily summaries,Robin,13.0
2025-10-24,Southampton daily summaries,Robin,6.0
2025-10-25,Southampton daily summaries,Robin,15.0
2025-10-26,Southampton daily summaries,Robin,6.0
2025-10-27,Southampton daily summaries,Robin,10.0
2025-10-28,Southampton daily summaries,Robin,7.0
2025-10-29,Southampton daily summaries,Robin,17.0
2025-10-30,Southampton daily summaries,Robin,12.0
2025-10-31,Southampton daily summaries,Robin,12.0
2025-11-01,Southampton daily summaries,Robin,14.0
2025-11-02,Southampton daily summaries,Robin,15.0
2025-11-03,Southampton daily summaries,Robin,15.0
2025-11-04,Southampton daily summaries,Robin,13.0
2025-11-05,Southampton daily summaries,Robin,18.0
2025-11-06,Southampton daily summaries,Robin,11.0
2025-11-07,Southampton daily summaries,Robin,18.0
2025-11-08,Southampton daily summaries,Robin,22.0
2025-11-09,Southampton daily summaries,Robin,14.0
,Southampton daily summaries,Robin,
2025-11-10,Southampton daily summaries,Robin,11.0
2025-11-11,Southampton daily summaries,Robin,4.0
2025-11-12,Southampton daily summaries,Robin,1.0
2025-11-13,Southampton daily summaries,Robin,1.0
2025-11-14,Southampton daily summaries,Robin,1.0
2025-11-15,Southampton daily summaries,Robin,1.0
2025-11-16,Southampton daily summaries,Robin,6.0
2025-11-17,Southampton daily summaries,Robin,2.0
2025-11-18,Southampton daily summaries,Robin,1.0
2025-11-19,Southampton daily summaries,Robin,1.0
2025-11-20,Southampton daily summaries,Robin,2.0
,Southampton daily summaries,Robin,
2025-11-21,Southampton daily summaries,Robin,22.0
2025-11-22,Southampton daily summaries,Robin,23.0
2025-11-23,Southampton daily summaries,Robin,29.0
2025-11-25,Southampton daily summaries,Robin,19.0
2025-11-26,Southampton daily summaries,Robin,8.0
2025-11-27,Southampton daily summaries,Robin,8.0
2025-11-28,Southampton daily summaries,Robin,24.0
2025-11-29,Southampton daily summaries,Robin,21.0
2025-12-03,Southampton daily summaries,Robin,13.0
2025-12-04,Southampton daily summaries,Robin,14.0
2025-12-05,Southampton daily summaries,Robin,16.0
2025-12-06,Southampton daily summaries,Robin,18.0
2025-12-07,Southampton daily summaries,Robin,7.0
2025-12-08,Southampton daily summaries,Robin,9.0
2025-12-09,Southampton daily summaries,Robin,13.0
2025-12-10,Southampton daily summaries,Robin,11.0
2025-12-11,Southampton daily summaries,Robin,15.0
2025-12-12,Southampton daily summaries,Robin,15.0
2025-12-13,Southampton daily summaries,Robin,12.0
2025-12-14,Southampton daily summaries,Robin,22.0
2025-12-15,Southampton daily summaries,Robin,12.0
,Southampton daily summaries,Robin,
2025-12-16,Southampton daily summaries,Robin,6.0
2025-12-17,Southampton daily summaries,Robin,2.0
2025-12-18,Southampton daily summaries,Robin,2.0
2025-12-19,Southampton daily summaries,Robin,2.0
2025-12-20,Southampton daily summaries,Robin,1.0
2025-12-21,Southampton daily summaries,Robin,0.0
2025-12-22,Southampton daily summaries,Robin,2.0
2025-12-23,Southampton daily summaries,Robin,1.0
2025-12-24,Southampton daily summaries,Robin,0.0
2025-12-25,Southampton daily summaries,Robin,4.0
2025-12-26,Southampton daily summaries,Robin,1.0
2025-12-27,Southampton daily summaries,Robin,0.0
2025-12-28,Southampton daily summaries,Robin,0.0
2025-12-29,Southampton daily summaries,Robin,1.0
,Southampton daily summaries,Robin,
2025-12-30,Southampton daily summaries,Robin,6.0
2025-12-31,Southampton daily summaries,Robin,9.0
2026-01-01,Southampton daily summaries,Robin,10.0
2026-01-02,Southampton daily summaries,Robin,8.0
2026-01-03,Southampton daily summaries,Robin,11.0
2026-01-04,Southampton daily summaries,Robin,5.0
2026-01-05,Southampton daily summaries,Robin,11.0
2026-01-06,Southampton daily summaries,Robin,9.0
2026-01-07,Southampton daily summaries,Robin,10.0
2025-10-05,Southampton daily summaries,Pigeon,0.0
2025-10-06,Southampton daily summaries,Pigeon,0.0
2025-10-07,Southampton daily summaries,Pigeon,0.0
2025-10-08,Southampton daily summaries,Pigeon,0.0
2025-10-09,Southampton daily summaries,Pigeon,0.0
2025-10-10,Southampton daily summaries,Pigeon,0.0
2025-10-11,Southampton daily summaries,Pigeon,0.0
2025-10-12,Southampton daily summaries,Pigeon,0.0
2025-10-13,Southampton daily summaries,Pigeon,0.0
2025-10-14,Southampton daily summaries,Pigeon,4.0
2025-10-15,Southampton daily summaries,Pigeon,3.0
2025-10-16,Southampton daily summaries,Pigeon,9.0
2025-10-17,Southampton daily summaries,Pigeon,6.0
2025-10-18,Southampton daily summaries,Pigeon,4.0
2025-10-19,Southampton daily summaries,Pigeon,1.0
2025-10-20,Southampton daily summaries,Pigeon,8.0
2025-10-21,Southampton daily summaries,Pigeon,8.0
2025-10-22,Southampton daily summaries,Pigeon,7.0
2025-10-23,Southampton daily summaries,Pigeon,1.0
2025-10-24,Southampton daily summaries,Pigeon,8.0
2025-10-25,Southampton daily summaries,Pigeon,5.0
2025-10-26,Southampton daily summaries,Pigeon,8.0
2025-10-27,Southampton daily summaries,Pigeon,13.0
2025-10-28,Southampton daily summaries,Pigeon,18.0
2025-10-29,Southampton daily summaries,Pigeon,19.0
2025-10-30,Southampton daily summaries,Pigeon,16.0
2025-10-31,Southampton daily summaries,Pigeon,17.0
2025-11-01,Southampton daily summaries,Pigeon,25.0
2025-11-02,Southampton daily summaries,Pigeon,37.0
2025-11-03,Southampton daily summaries,Pigeon,11.0
2025-11-04,Southampton daily summaries,Pigeon,13.0
2025-11-05,Southampton daily summaries,Pigeon,22.0
2025-11-06,Southampton daily summaries,Pigeon,9.0
2025-11-07,Southampton daily summaries,Pigeon,5.0
2025-11-08,Southampton daily summaries,Pigeon,15.0
2025-11-09,Southampton daily summaries,Pigeon,8.0
,Southampton daily summaries,Pigeon,
2025-11-10,Southampton daily summaries,Pigeon,9.0
2025-11-11,Southampton daily summaries,Pigeon,7.0
2025-11-12,Southampton daily summaries,Pigeon,1.0
2025-11-13,Southampton daily summaries,Pigeon,3.0
2025-11-14,Southampton daily summaries,Pigeon,0.0
2025-11-15,Southampton daily summaries,Pigeon,1.0
2025-11-16,Southampton daily summaries,Pigeon,3.0
2025-11-17,Southampton daily summaries,Pigeon,0.0
2025-11-18,Southampton daily summaries,Pigeon,0.0
2025-11-19,Southampton daily summaries,Pigeon,0.0
2025-11-20,Southampton daily summaries,Pigeon,1.0
,Southampton daily summaries,Pigeon,
2025-11-21,Southampton daily summaries,Pigeon,2.0
2025-11-22,Southampton daily summaries,Pigeon,6.0
2025-11-23,Southampton daily summaries,Pigeon,17.0
2025-11-25,Southampton daily summaries,Pigeon,12.0
2025-11-26,Southampton daily summaries,Pigeon,9.0
2025-11-27,Southampton daily summaries,Pigeon,7.0
2025-11-28,Southampton daily summaries,Pigeon,19.0
2025-11-29,Southampton daily summaries,Pigeon,7.0
2025-12-03,Southampton daily summaries,Pigeon,2.0
2025-12-04,Southampton daily summaries,Pigeon,0.0
2025-12-05,Southampton daily summaries,Pigeon,9.0
2025-12-06,Southampton daily summaries,Pigeon,4.0
2025-12-07,Southampton daily summaries,Pigeon,8.0
2025-12-08,Southampton daily summaries,Pigeon,8.0
2025-12-09,Southampton daily summaries,Pigeon,11.0
2025-12-10,Southampton daily summaries,Pigeon,13.0
2025-12-11,Southampton daily summaries,Pigeon,6.0
2025-12-12,Southampton daily summaries,Pigeon,0.0
2025-12-13,Southampton daily summaries,Pigeon,8.0
2025-12-14,Southampton daily summaries,Pigeon,3.0
2025-12-15,Southampton daily summaries,Pigeon,5.0
,Southampton daily summaries,Pigeon,
2025-12-16,Southampton daily summaries,Pigeon,2.0
2025-12-17,Southampton daily summaries,Pigeon,1.0
2025-12-18,Southampton daily summaries,Pigeon,1.0
2025-12-19,Southampton daily summaries,Pigeon,2.0
2025-12-20,Southampton daily summaries,Pigeon,1.0
2025-12-21,Southampton daily summaries,Pigeon,0.0
2025-12-22,Southampton daily summaries,Pigeon,0.0
2025-12-23,Southampton daily summaries,Pigeon,0.0
2025-12-24,Southampton daily summaries,Pigeon,1.0
2025-12-25,Southampton daily summaries,Pigeon,0.0
2025-12-26,Southampton daily summaries,Pigeon,0.0
2025-12-27,Southampton daily summaries,Pigeon,2.0
2025-12-28,Southampton daily summaries,Pigeon,0.0
2025-12-29,Southampton daily summaries,Pigeon,0.0
,Southampton daily summaries,Pigeon,
2025-12-30,Southampton daily summaries,Pigeon,3.0
2025-12-31,Southampton daily summaries,Pigeon,0.0
2026-01-01,Southampton daily summaries,Pigeon,9.0
2026-01-02,Southampton daily summaries,Pigeon,4.0
2026-01-03,Southampton daily summaries,Pigeon,12.0
2026-01-04,Southampton daily summaries,Pigeon,10.0
2026-01-05,Southampton daily summaries,Pigeon,8.0
2026-01-06,Southampton daily summaries,Pigeon,9.0
2026-01-07,Southampton daily summaries,Pigeon,7.0
2025-11-02,"Auburn, AL 36830 Daily Sum",Tufted Titmouse,18.0
2025-11-03,"Auburn, AL 36830 Daily Sum",Tufted Titmouse,20.0
2025-11-04,"Auburn, AL 36830 Daily Sum",Tufted Titmouse,17.0
2025-11-05,"Auburn, AL 36830 Daily Sum",Tufted Titmouse,16.0
2025-11-06,"Auburn, AL 36830 Daily Sum",Tufted Titmouse,23.0
2025-11-07,"Auburn, AL 36830 Daily Sum",Tufted Titmouse,9.0
2025-11-09,"Auburn, AL 36830 Daily Sum",Tufted Titmouse,4.0
2025-11-10,"Auburn, AL 36830 Daily Sum",Tufted Titmouse,12.0
2025-11-11,"Auburn, AL 36830 Daily Sum",Tufted Titmouse,7.0
2025-11-12,"Auburn, AL 36830 Daily Sum",Tufted Titmouse,6.0
2025-11-13,"Auburn, AL 36830 Daily Sum",Tufted Titmouse,2.0
2025-11-14,"Auburn, AL 36830 Daily Sum",Tufted Titmouse,11.0
2025-11-15,"Auburn, AL 36830 Daily Sum",Tufted Titmouse,2.0
2025-11-16,"Auburn, AL 36830 Daily Sum",Tufted Titmouse,3.0
2025-11-18,"Auburn, AL 36830 Daily Sum",Tufted Titmouse,1.0
2025-11-20,"Auburn, AL 36830 Daily Sum",Tufted Titmouse,10.0
2025-11-21,"Auburn, AL 36830 Daily Sum",Tufted Titmouse,1.0
2025-11-22,"Auburn, AL 36830 Daily Sum",Tufted Titmouse,4.0
2025-11-23,"Auburn, AL 36830 Daily Sum",Tufted Titmouse,17.0
2025-11-24,"Auburn, AL 36830 Daily Sum",Tufted Titmouse,18.0
2025-11-25,"Auburn, AL 36830 Daily Sum",Tufted Titmouse,2.0
2025-11-26,"Auburn, AL 36830 Daily Sum",Tufted Titmouse,12.0
2025-11-27,"Auburn, AL 36830 Daily Sum",Tufted Titmouse,2.0
2025-11-28,"Auburn, AL 36830 Daily Sum",Tufted Titmouse,3.0
2025-11-29,"Auburn, AL 36830 Daily Sum",Tufted Titmouse,1.0
2025-12-01,"Auburn, AL 36830 Daily Sum",Tufted Titmouse,11.0
2025-12-02,"Auburn, AL 36830 Daily Sum",Tufted Titmouse,4.0
2025-12-03,"Auburn, AL 36830 Daily Sum",Tufted Titmouse,2.0
2025-12-04,"Auburn, AL 36830 Daily Sum",Tufted Titmouse,9.0
2025-12-06,"Auburn, AL 36830 Daily Sum",Tufted Titmouse,4.0
2025-12-07,"Auburn, AL 36830 Daily Sum",Tufted Titmouse,4.0
2025-12-08,"Auburn, AL 36830 Daily Sum",Tufted Titmouse,2.0
2025-12-09,"Auburn, AL 36830 Daily Sum",Tufted Titmouse,9.0
2025-12-10,"Auburn, AL 36830 Daily Sum",Tufted Titmouse,3.0
2025-12-11,"Auburn, AL 36830 Daily Sum",Tufted Titmouse,3.0
2025-12-12,"Auburn, AL 36830 Daily Sum",Tufted Titmouse,10.0
2025-12-13,"Auburn, AL 36830 Daily Sum",Tufted Titmouse,3.0
2025-12-14,"Auburn, AL 36830 Daily Sum",Tufted Titmouse,7.0
2025-12-15,"Auburn, AL 36830 Daily Sum",Tufted Titmouse,4.0
2025-12-16,"Auburn, AL 36830 Daily Sum",Tufted Titmouse,8.0
2025-12-17,"Auburn, AL 36830 Daily Sum",Tufted Titmouse,3.0
2025-12-18,"Auburn, AL 36830 Daily Sum",Tufted Titmouse,8.0
2025-12-19,"Auburn, AL 36830 Daily Sum",Tufted Titmouse,6.0
2025-12-20,"Auburn, AL 36830 Daily Sum",Tufted Titmouse,5.0
2025-12-21,"Auburn, AL 36830 Daily Sum",Tufted Titmouse,2.0
2025-12-22,"Auburn, AL 36830 Daily Sum",Tufted Titmouse,3.0
2025-12-23,"Auburn, AL 36830 Daily Sum",Tufted Titmouse,5.0
2025-12-24,"Auburn, AL 36830 Daily Sum",Tufted Titmouse,9.0
2025-12-25,"Auburn, AL 36830 Daily Sum",Tufted Titmouse,7.0
2025-12-26,"Auburn, AL 36830 Daily Sum",Tufted Titmouse,2.0
2025-12-27,"Auburn, AL 36830 Daily Sum",Tufted Titmouse,7.0
2025-12-28,"Auburn, AL 36830 Daily Sum",Tufted Titmouse,8.0
2025-12-29,"Auburn, AL 36830 Daily Sum",Tufted Titmouse,5.0
2025-12-30,"Auburn, AL 36830 Daily Sum",Tufted Titmouse,4.0
2025-12-31,"Auburn, AL 36830 Daily Sum",Tufted Titmouse,6.0
2026-01-01,"Auburn, AL 36830 Daily Sum",Tufted Titmouse,3.0
2026-01-02,"Auburn, AL 36830 Daily Sum",Tufted Titmouse,6.0
2026-01-03,"Auburn, AL 36830 Daily Sum",Tufted Titmouse,2.0
2026-01-04,"Auburn, AL 36830 Daily Sum",Tufted Titmouse,4.0
2026-01-05,"Auburn, AL 36830 Daily Sum",Tufted Titmouse,6.0
2026-01-06,"Auburn, AL 36830 Daily Sum",Tufted Titmouse,3.0
2026-01-07,"Auburn, AL 36830 Daily Sum",Tufted Titmouse,4.0
2026-01-08,"Auburn, AL 36830 Daily Sum",Tufted Titmouse,1.0
2026-01-09,"Auburn, AL 36830 Daily Sum",Tufted Titmouse,9.0
2026-01-10,"Auburn, AL 36830 Daily Sum",Tufted Titmouse,4.0
2026-01-11,"Auburn, AL 36830 Daily Sum",Tufted Titmouse,5.0
2025-10-31,"Auburn, AL 36830 Daily Sum",Carolina Wren,1.0
2025-11-01,"Auburn, AL 36830 Daily Sum",Carolina Wren,2.0
2025-11-02,"Auburn, AL 36830 Daily Sum",Carolina Wren,3.0
2025-11-03,"Auburn, AL 36830 Daily Sum",Carolina Wren,2.0
2025-11-04,"Auburn, AL 36830 Daily Sum",Carolina Wren,1.0
2025-11-05,"Auburn, AL 36830 Daily Sum",Carolina Wren,3.0
2025-11-06,"Auburn, AL 36830 Daily Sum",Carolina Wren,3.0
2025-11-07,"Auburn, AL 36830 Daily Sum",Carolina Wren,1.0
2025-11-09,"Auburn, AL 36830 Daily Sum",Carolina Wren,1.0
2025-11-10,"Auburn, AL 36830 Daily Sum",Carolina Wren,1.0
2025-11-14,"Auburn, AL 36830 Daily Sum",Carolina Wren,2.0
2025-11-16,"Auburn, AL 36830 Daily Sum",Carolina Wren,1.0
2025-11-18,"Auburn, AL 36830 Daily Sum",Carolina Wren,1.0
2025-11-20,"Auburn, AL 36830 Daily Sum",Carolina Wren,1.0
2025-11-22,"Auburn, AL 36830 Daily Sum",Carolina Wren,1.0
2025-11-23,"Auburn, AL 36830 Daily Sum",Carolina Wren,2.0
2025-11-24,"Auburn, AL 36830 Daily Sum",Carolina Wren,2.0
2025-12-01,"Auburn, AL 36830 Daily Sum",Carolina Wren,1.0
2025-12-02,"Auburn, AL 36830 Daily Sum",Carolina Wren,
2025-12-03,"Auburn, AL 36830 Daily Sum",Carolina Wren,
2025-12-04,"Auburn, AL 36830 Daily Sum",Carolina Wren,
2025-12-05,"Auburn, AL 36830 Daily Sum",Carolina Wren,
2025-12-06,"Auburn, AL 36830 Daily Sum",Carolina Wren,4.0
2025-12-07,"Auburn, AL 36830 Daily Sum",Carolina Wren,1.0
2025-12-08,"Auburn, AL 36830 Daily Sum",Carolina Wren,
2025-12-09,"Auburn, AL 36830 Daily Sum",Carolina Wren,
2025-12-10,"Auburn, AL 36830 Daily Sum",Carolina Wren,
2025-12-11,"Auburn, AL 36830 Daily Sum",Carolina Wren,
2025-12-12,"Auburn, AL 36830 Daily Sum",Carolina Wren,
2025-12-13,"Auburn, AL 36830 Daily Sum",Carolina Wren,1.0
2025-12-14,"Auburn, AL 36830 Daily Sum",Carolina Wren,
2025-12-15,"Auburn, AL 36830 Daily Sum",Carolina Wren,
2025-12-16,"Auburn, AL 36830 Daily Sum",Carolina Wren,1.0
2025-12-17,"Auburn, AL 36830 Daily Sum",Carolina Wren,1.0
2025-12-18,"Auburn, AL 36830 Daily Sum",Carolina Wren,1.0
2025-12-19,"Auburn, AL 36830 Daily Sum",Carolina Wren,2.0
2025-12-20,"Auburn, AL 36830 Daily Sum",Carolina Wren,1.0
2025-12-21,"Auburn, AL 36830 Daily Sum",Carolina Wren,
2025-12-22,"Auburn, AL 36830 Daily Sum",Carolina Wren,1.0
2025-12-23,"Auburn, AL 36830 Daily Sum",Carolina Wren,1.0
2025-12-24,"Auburn, AL 36830 Daily Sum",Carolina Wren,
2025-12-25,"Auburn, AL 36830 Daily Sum",Carolina Wren,
2025-12-26,"Auburn, AL 36830 Daily Sum",Carolina Wren,
2025-12-27,"Auburn, AL 36830 Daily Sum",Carolina Wren,
2025-12-28,"Auburn, AL 36830 Daily Sum",Carolina Wren,1.0
2025-12-29,"Auburn, AL 36830 Daily Sum",Carolina Wren,
2025-12-30,"Auburn, AL 36830 Daily Sum",Carolina Wren,
2025-12-31,"Auburn, AL 36830 Daily Sum",Carolina Wren,1.0
2026-01-01,"Auburn, AL 36830 Daily Sum",Carolina Wren,1.0
2026-01-02,"Auburn, AL 36830 Daily Sum",Carolina Wren,1.0
2026-01-03,"Auburn, AL 36830 Daily Sum",Carolina Wren,1.0
2026-01-04,"Auburn, AL 36830 Daily Sum",Carolina Wren,
2026-01-05,"Auburn, AL 36830 Daily Sum",Carolina Wren,2.0
2026-01-06,"Auburn, AL 36830 Daily Sum",Carolina Wren,2.0
2026-01-07,"Auburn, AL 36830 Daily Sum",Carolina Wren,1.0
2026-01-08,"Auburn, AL 36830 Daily Sum",Carolina Wren,
2026-01-09,"Auburn, AL 36830 Daily Sum",Carolina Wren,1.0
2026-01-10,"Auburn, AL 36830 Daily Sum",Carolina Wren,1.0
2026-01-11,"Auburn, AL 36830 Daily Sum",Carolina Wren,
2025-10-30,"Auburn, AL 36830 Daily Sum",Northern Cardinal,8.0
2025-10-31,"Auburn, AL 36830 Daily Sum",Northern Cardinal,23.0
2025-11-01,"Auburn, AL 36830 Daily Sum",Northern Cardinal,25.0
2025-11-02,"Auburn, AL 36830 Daily Sum",Northern Cardinal,22.0
2025-11-03,"Auburn, AL 36830 Daily Sum",Northern Cardinal,36.0
2025-11-04,"Auburn, AL 36830 Daily Sum",Northern Cardinal,22.0
2025-11-05,"Auburn, AL 36830 Daily Sum",Northern Cardinal,17.0
2025-11-06,"Auburn, AL 36830 Daily Sum",Northern Cardinal,12.0
2025-11-07,"Auburn, AL 36830 Daily Sum",Northern Cardinal,17.0
2025-11-08,"Auburn, AL 36830 Daily Sum",Northern Cardinal,12.0
2025-11-09,"Auburn, AL 36830 Daily Sum",Northern Cardinal,8.0
2025-11-10,"Auburn, AL 36830 Daily Sum",Northern Cardinal,13.0
2025-11-11,"Auburn, AL 36830 Daily Sum",Northern Cardinal,10.0
2025-11-12,"Auburn, AL 36830 Daily Sum",Northern Cardinal,16.0
2025-11-13,"Auburn, AL 36830 Daily Sum",Northern Cardinal,8.0
2025-11-14,"Auburn, AL 36830 Daily Sum",Northern Cardinal,8.0
2025-11-15,"Auburn, AL 36830 Daily Sum",Northern Cardinal,1.0
2025-11-16,"Auburn, AL 36830 Daily Sum",Northern Cardinal,3.0
2025-11-17,"Auburn, AL 36830 Daily Sum",Northern Cardinal,9.0
2025-11-18,"Auburn, AL 36830 Daily Sum",Northern Cardinal,17.0
2025-11-19,"Auburn, AL 36830 Daily Sum",Northern Cardinal,6.0
2025-11-20,"Auburn, AL 36830 Daily Sum",Northern Cardinal,12.0
2025-11-21,"Auburn, AL 36830 Daily Sum",Northern Cardinal,7.0
2025-11-22,"Auburn, AL 36830 Daily Sum",Northern Cardinal,3.0
2025-11-23,"Auburn, AL 36830 Daily Sum",Northern Cardinal,10.0
2025-11-24,"Auburn, AL 36830 Daily Sum",Northern Cardinal,8.0
2025-11-25,"Auburn, AL 36830 Daily Sum",Northern Cardinal,2.0
2025-11-26,"Auburn, AL 36830 Daily Sum",Northern Cardinal,5.0
2025-11-27,"Auburn, AL 36830 Daily Sum",Northern Cardinal,7.0
2025-11-28,"Auburn, AL 36830 Daily Sum",Northern Cardinal,6.0
2025-11-29,"Auburn, AL 36830 Daily Sum",Northern Cardinal,4.0
2025-11-30,"Auburn, AL 36830 Daily Sum",Northern Cardinal,8.0
2025-12-01,"Auburn, AL 36830 Daily Sum",Northern Cardinal,13.0
2025-12-02,"Auburn, AL 36830 Daily Sum",Northern Cardinal,3.0
2025-12-03,"Auburn, AL 36830 Daily Sum",Northern Cardinal,20.0
2025-12-04,"Auburn, AL 36830 Daily Sum",Northern Cardinal,14.0
2025-12-05,"Auburn, AL 36830 Daily Sum",Northern Cardinal,20.0
2025-12-06,"Auburn, AL 36830 Daily Sum",Northern Cardinal,15.0
2025-12-07,"Auburn, AL 36830 Daily Sum",Northern Cardinal,8.0
2025-12-08,"Auburn, AL 36830 Daily Sum",Northern Cardinal,9.0
2025-12-09,"Auburn, AL 36830 Daily Sum",Northern Cardinal,17.0
2025-12-10,"Auburn, AL 36830 Daily Sum",Northern Cardinal,8.0
2025-12-11,"Auburn, AL 36830 Daily Sum",Northern Cardinal,7.0
2025-12-12,"Auburn, AL 36830 Daily Sum",Northern Cardinal,11.0
2025-12-13,"Auburn, AL 36830 Daily Sum",Northern Cardinal,5.0
2025-12-14,"Auburn, AL 36830 Daily Sum",Northern Cardinal,13.0
2025-12-15,"Auburn, AL 36830 Daily Sum",Northern Cardinal,14.0
2025-12-16,"Auburn, AL 36830 Daily Sum",Northern Cardinal,12.0
2025-12-17,"Auburn, AL 36830 Daily Sum",Northern Cardinal,20.0
2025-12-18,"Auburn, AL 36830 Daily Sum",Northern Cardinal,15.0
2025-12-19,"Auburn, AL 36830 Daily Sum",Northern Cardinal,16.0
2025-12-20,"Auburn, AL 36830 Daily Sum",Northern Cardinal,25.0
2025-12-21,"Auburn, AL 36830 Daily Sum",Northern Cardinal,9.0
2025-12-22,"Auburn, AL 36830 Daily Sum",Northern Cardinal,21.0
2025-12-23,"Auburn, AL 36830 Daily Sum",Northern Cardinal,26.0
2025-12-24,"Auburn, AL 36830 Daily Sum",Northern Cardinal,15.0
2025-12-25,"Auburn, AL 36830 Daily Sum",Northern Cardinal,12.0
2025-12-26,"Auburn, AL 36830 Daily Sum",Northern Cardinal,13.0
2025-12-27,"Auburn, AL 36830 Daily Sum",Northern Cardinal,16.0
2025-12-28,"Auburn, AL 36830 Daily Sum",Northern Cardinal,9.0
2025-12-29,"Auburn, AL 36830 Daily Sum",Northern Cardinal,7.0
2025-12-30,"Auburn, AL 36830 Daily Sum",Northern Cardinal,18.0
2025-12-31,"Auburn, AL 36830 Daily Sum",Northern Cardinal,26.0
2026-01-01,"Auburn, AL 36830 Daily Sum",Northern Cardinal,12.0
2026-01-02,"Auburn, AL 36830 Daily Sum",Northern Cardinal,44.0
2026-01-03,"Auburn, AL 36830 Daily Sum",Northern Cardinal,21.0
2026-01-04,"Auburn, AL 36830 Daily Sum",Northern Cardinal,9.0
2026-01-05,"Auburn, AL 36830 Daily Sum",Northern Cardinal,47.0
2026-01-06,"Auburn, AL 36830 Daily Sum",Northern Cardinal,31.0
2026-01-07,"Auburn, AL 36830 Daily Sum",Northern Cardinal,10.0
2026-01-08,"Auburn, AL 36830 Daily Sum",Northern Cardinal,22.0
2026-01-09,"Auburn, AL 36830 Daily Sum",Northern Cardinal,21.0
2026-01-10,"Auburn, AL 36830 Daily Sum",Northern Cardinal,33.0
2026-01-11,"Auburn, AL 36830 Daily Sum",Northern Cardinal,17.0
2025-11-02,"Auburn, AL 36830 Daily Sum",White-breasted Nuthatch,1.0
2025-11-05,"Auburn, AL 36830 Daily Sum",White-breasted Nuthatch,1.0
2025-11-06,"Auburn, AL 36830 Daily Sum",White-breasted Nuthatch,1.0
2025-11-07,"Auburn, AL 36830 Daily Sum",White-breasted Nuthatch,1.0
2025-11-11,"Auburn, AL 36830 Daily Sum",White-breasted Nuthatch,1.0
2025-11-14,"Auburn, AL 36830 Daily Sum",White-breasted Nuthatch,1.0
2025-11-24,"Auburn, AL 36830 Daily Sum",White-breasted Nuthatch,1.0
2025-12-02,"Auburn, AL 36830 Daily Sum",White-breasted Nuthatch,
2025-12-03,"Auburn, AL 36830 Daily Sum",White-breasted Nuthatch,
2025-12-04,"Auburn, AL 36830 Daily Sum",White-breasted Nuthatch,
2025-12-05,"Auburn, AL 36830 Daily Sum",White-breasted Nuthatch,
2025-12-06,"Auburn, AL 36830 Daily Sum",White-breasted Nuthatch,
2025-12-07,"Auburn, AL 36830 Daily Sum",White-breasted Nuthatch,
2025-12-08,"Auburn, AL 36830 Daily Sum",White-breasted Nuthatch,
2025-12-09,"Auburn, AL 36830 Daily Sum",White-breasted Nuthatch,
2025-12-10,"Auburn, AL 36830 Daily Sum",White-breasted Nuthatch,
2025-12-11,"Auburn, AL 36830 Daily Sum",White-breasted Nuthatch,
2025-12-12,"Auburn, AL 36830 Daily Sum",White-breasted Nuthatch,
2025-12-13,"Auburn, AL 36830 Daily Sum",White-breasted Nuthatch,
2025-12-14,"Auburn, AL 36830 Daily Sum",White-breasted Nuthatch,
2025-12-15,"Auburn, AL 36830 Daily Sum",White-breasted Nuthatch,
2025-12-16,"Auburn, AL 36830 Daily Sum",White-breasted Nuthatch,
2025-12-17,"Auburn, AL 36830 Daily Sum",White-breasted Nuthatch,
2025-12-18,"Auburn, AL 36830 Daily Sum",White-breasted Nuthatch,
2025-12-19,"Auburn, AL 36830 Daily Sum",White-breasted Nuthatch,
2025-12-20,"Auburn, AL 36830 Daily Sum",White-breasted Nuthatch,
2025-12-21,"Auburn, AL 36830 Daily Sum",White-breasted Nuthatch,
2025-12-22,"Auburn, AL 36830 Daily Sum",White-breasted Nuthatch,
2025-12-23,"Auburn, AL 36830 Daily Sum",White-breasted Nuthatch,
2025-12-24,"Auburn, AL 36830 Daily Sum",White-breasted Nuthatch,
2025-12-25,"Auburn, AL 36830 Daily Sum",White-breasted Nuthatch,
2025-12-26,"Auburn, AL 36830 Daily Sum",White-breasted Nuthatch,
2025-12-27,"Auburn, AL 36830 Daily Sum",White-breasted Nuthatch,
2025-12-28,"Auburn, AL 36830 Daily Sum",White-breasted Nuthatch,1.0
2025-12-29,"Auburn, AL 36830 Daily Sum",White-breasted Nuthatch,
2025-12-30,"Auburn, AL 36830 Daily Sum",White-breasted Nuthatch,
2025-12-31,"Auburn, AL 36830 Daily Sum",White-breasted Nuthatch,
2026-01-01,"Auburn, AL 36830 Daily Sum",White-breasted Nuthatch,
2026-01-02,"Auburn, AL 36830 Daily Sum",White-breasted Nuthatch,
2026-01-03,"Auburn, AL 36830 Daily Sum",White-breasted Nuthatch,
2026-01-04,"Auburn, AL 36830 Daily Sum",White-breasted Nuthatch,
2026-01-05,"Auburn, AL 36830 Daily Sum",White-breasted Nuthatch,
2026-01-06,"Auburn, AL 36830 Daily Sum",White-breasted Nuthatch,
2026-01-07,"Auburn, AL 36830 Daily Sum",White-breasted Nuthatch,
2026-01-08,"Auburn, AL 36830 Daily Sum",White-breasted Nuthatch,
2026-01-09,"Auburn, AL 36830 Daily Sum",White-breasted Nuthatch,
2026-01-10,"Auburn, AL 36830 Daily Sum",White-breasted Nuthatch,
2026-01-11,"Auburn, AL 36830 Daily Sum",White-breasted Nuthatch,
2025-11-02,"Auburn, AL 36830 Daily Sum",Eastern Bluebird,3.0
2025-11-04,"Auburn, AL 36830 Daily Sum",Eastern Bluebird,3.0
2025-11-05,"Auburn, AL 36830 Daily Sum",Eastern Bluebird,1.0
2025-11-10,"Auburn, AL 36830 Daily Sum",Eastern Bluebird,1.0
2025-11-12,"Auburn, AL 36830 Daily Sum",Eastern Bluebird,1.0
2025-11-14,"Auburn, AL 36830 Daily Sum",Eastern Bluebird,3.0
2025-11-23,"Auburn, AL 36830 Daily Sum",Eastern Bluebird,1.0
2025-11-24,"Auburn, AL 36830 Daily Sum",Eastern Bluebird,1.0
2025-11-25,"Auburn, AL 36830 Daily Sum",Eastern Bluebird,2.0
2025-11-27,"Auburn, AL 36830 Daily Sum",Eastern Bluebird,1.0
2025-11-28,"Auburn, AL 36830 Daily Sum",Eastern Bluebird,1.0
2025-12-02,"Auburn, AL 36830 Daily Sum",Eastern Bluebird,
2025-12-03,"Auburn, AL 36830 Daily Sum",Eastern Bluebird,
2025-12-04,"Auburn, AL 36830 Daily Sum",Eastern Bluebird,
2025-12-05,"Auburn, AL 36830 Daily Sum",Eastern Bluebird,
2025-12-06,"Auburn, AL 36830 Daily Sum",Eastern Bluebird,
2025-12-07,"Auburn, AL 36830 Daily Sum",Eastern Bluebird,
2025-12-08,"Auburn, AL 36830 Daily Sum",Eastern Bluebird,
2025-12-09,"Auburn, AL 36830 Daily Sum",Eastern Bluebird,
2025-12-10,"Auburn, AL 36830 Daily Sum",Eastern Bluebird,
2025-12-11,"Auburn, AL 36830 Daily Sum",Eastern Bluebird,
2025-12-12,"Auburn, AL 36830 Daily Sum",Eastern Bluebird,1.0
2025-12-13,"Auburn, AL 36830 Daily Sum",Eastern Bluebird,1.0
2025-12-14,"Auburn, AL 36830 Daily Sum",Eastern Bluebird,
2025-12-15,"Auburn, AL 36830 Daily Sum",Eastern Bluebird,3.0
2025-12-16,"Auburn, AL 36830 Daily Sum",Eastern Bluebird,
2025-12-17,"Auburn, AL 36830 Daily Sum",Eastern Bluebird,
2025-12-18,"Auburn, AL 36830 Daily Sum",Eastern Bluebird,1.0
2025-12-19,"Auburn, AL 36830 Daily Sum",Eastern Bluebird,
2025-12-20,"Auburn, AL 36830 Daily Sum",Eastern Bluebird,
2025-12-21,"Auburn, AL 36830 Daily Sum",Eastern Bluebird,
2025-12-22,"Auburn, AL 36830 Daily Sum",Eastern Bluebird,
2025-12-23,"Auburn, AL 36830 Daily Sum",Eastern Bluebird,
2025-12-24,"Auburn, AL 36830 Daily Sum",Eastern Bluebird,2.0
2025-12-25,"Auburn, AL 36830 Daily Sum",Eastern Bluebird,2.0
2025-12-26,"Auburn, AL 36830 Daily Sum",Eastern Bluebird,
2025-12-27,"Auburn, AL 36830 Daily Sum",Eastern Bluebird,
2025-12-28,"Auburn, AL 36830 Daily Sum",Eastern Bluebird,
2025-12-29,"Auburn, AL 36830 Daily Sum",Eastern Bluebird,
2025-12-30,"Auburn, AL 36830 Daily Sum",Eastern Bluebird,
2025-12-31,"Auburn, AL 36830 Daily Sum",Eastern Bluebird,1.0
2026-01-01,"Auburn, AL 36830 Daily Sum",Eastern Bluebird,
2026-01-02,"Auburn, AL 36830 Daily Sum",Eastern Bluebird,
2026-01-03,"Auburn, AL 36830 Daily Sum",Eastern Bluebird,
2026-01-04,"Auburn, AL 36830 Daily Sum",Eastern Bluebird,
2026-01-05,"Auburn, AL 36830 Daily Sum",Eastern Bluebird,
2026-01-06,"Auburn, AL 36830 Daily Sum",Eastern Bluebird,
2026-01-07,"Auburn, AL 36830 Daily Sum",Eastern Bluebird,
2026-01-08,"Auburn, AL 36830 Daily Sum",Eastern Bluebird,
2026-01-09,"Auburn, AL 36830 Daily Sum",Eastern Bluebird,5.0
2026-01-10,"Auburn, AL 36830 Daily Sum",Eastern Bluebird,
2026-01-11,"Auburn, AL 36830 Daily Sum",Eastern Bluebird,
2025-11-03,"Auburn, AL 36830 Daily Sum",House Finch,5.0
2025-11-04,"Auburn, AL 36830 Daily Sum",House Finch,1.0
2025-11-05,"Auburn, AL 36830 Daily Sum",House Finch,1.0
2025-11-06,"Auburn, AL 36830 Daily Sum",House Finch,3.0
2025-11-07,"Auburn, AL 36830 Daily Sum",House Finch,4.0
2025-11-08,"Auburn, AL 36830 Daily Sum",House Finch,5.0
2025-11-12,"Auburn, AL 36830 Daily Sum",House Finch,1.0
2025-11-13,"Auburn, AL 36830 Daily Sum",House Finch,1.0
2025-11-14,"Auburn, AL 36830 Daily Sum",House Finch,2.0
2025-11-16,"Auburn, AL 36830 Daily Sum",House Finch,1.0
2025-11-22,"Auburn, AL 36830 Daily Sum",House Finch,1.0
2025-11-23,"Auburn, AL 36830 Daily Sum",House Finch,3.0
2025-11-24,"Auburn, AL 36830 Daily Sum",House Finch,
2025-11-25,"Auburn, AL 36830 Daily Sum",House Finch,2.0
2025-11-26,"Auburn, AL 36830 Daily Sum",House Finch,5.0
2025-11-27,"Auburn, AL 36830 Daily Sum",House Finch,7.0
2025-11-28,"Auburn, AL 36830 Daily Sum",House Finch,6.0
2025-11-29,"Auburn, AL 36830 Daily Sum",House Finch,1.0
2025-12-01,"Auburn, AL 36830 Daily Sum",House Finch,2.0
2025-12-02,"Auburn, AL 36830 Daily Sum",House Finch,1.0
2025-12-03,"Auburn, AL 36830 Daily Sum",House Finch,6.0
2025-12-04,"Auburn, AL 36830 Daily Sum",House Finch,4.0
2025-12-05,"Auburn, AL 36830 Daily Sum",House Finch,4.0
2025-12-06,"Auburn, AL 36830 Daily Sum",House Finch,16.0
2025-12-07,"Auburn, AL 36830 Daily Sum",House Finch,7.0
2025-12-08,"Auburn, AL 36830 Daily Sum",House Finch,6.0
2025-12-09,"Auburn, AL 36830 Daily Sum",House Finch,3.0
2025-12-10,"Auburn, AL 36830 Daily Sum",House Finch,1.0
2025-12-11,"Auburn, AL 36830 Daily Sum",House Finch,
2025-12-12,"Auburn, AL 36830 Daily Sum",House Finch,2.0
2025-12-13,"Auburn, AL 36830 Daily Sum",House Finch,3.0
2025-12-14,"Auburn, AL 36830 Daily Sum",House Finch,4.0
2025-12-15,"Auburn, AL 36830 Daily Sum",House Finch,8.0
2025-12-16,"Auburn, AL 36830 Daily Sum",House Finch,
2025-12-17,"Auburn, AL 36830 Daily Sum",House Finch,6.0
2025-12-18,"Auburn, AL 36830 Daily Sum",House Finch,6.0
2025-12-19,"Auburn, AL 36830 Daily Sum",House Finch,3.0
2025-12-20,"Auburn, AL 36830 Daily Sum",House Finch,3.0
2025-12-21,"Auburn, AL 36830 Daily Sum",House Finch,2.0
2025-12-22,"Auburn, AL 36830 Daily Sum",House Finch,7.0
2025-12-23,"Auburn, AL 36830 Daily Sum",House Finch,14.0
2025-12-24,"Auburn, AL 36830 Daily Sum",House Finch,4.0
2025-12-25,"Auburn, AL 36830 Daily Sum",House Finch,14.0
2025-12-26,"Auburn, AL 36830 Daily Sum",House Finch,9.0
2025-12-27,"Auburn, AL 36830 Daily Sum",House Finch,6.0
2025-12-28,"Auburn, AL 36830 Daily Sum",House Finch,3.0
2025-12-29,"Auburn, AL 36830 Daily Sum",House Finch,1.0
2025-12-30,"Auburn, AL 36830 Daily Sum",House Finch,4.0
2025-12-31,"Auburn, AL 36830 Daily Sum",House Finch,9.0
2026-01-01,"Auburn, AL 36830 Daily Sum",House Finch,9.0
2026-01-02,"Auburn, AL 36830 Daily Sum",House Finch,20.0
2026-01-03,"Auburn, AL 36830 Daily Sum",House Finch,11.0
2026-01-04,"Auburn, AL 36830 Daily Sum",House Finch,8.0
2026-01-05,"Auburn, AL 36830 Daily Sum",House Finch,14.0
2026-01-06,"Auburn, AL 36830 Daily Sum",House Finch,28.0
2026-01-07,"Auburn, AL 36830 Daily Sum",House Finch,1.0
2026-01-08,"Auburn, AL 36830 Daily Sum",House Finch,23.0
2026-01-09,"Auburn, AL 36830 Daily Sum",House Finch,9.0
2026-01-10,"Auburn, AL 36830 Daily Sum",House Finch,12.0
2026-01-11,"Auburn, AL 36830 Daily Sum",House Finch,4.0
2025-11-05,"Auburn, AL 36830 Daily Sum",Carolina Chickadee,2.0
2025-11-06,"Auburn, AL 36830 Daily Sum",Carolina Chickadee,1.0
2025-11-15,"Auburn, AL 36830 Daily Sum",Carolina Chickadee,1.0
2025-11-22,"Auburn, AL 36830 Daily Sum",Carolina Chickadee,1.0
2025-11-23,"Auburn, AL 36830 Daily Sum",Carolina Chickadee,1.0
2025-11-26,"Auburn, AL 36830 Daily Sum",Carolina Chickadee,1.0
2025-12-01,"Auburn, AL 36830 Daily Sum",Carolina Chickadee,2.0
2025-12-02,"Auburn, AL 36830 Daily Sum",Carolina Chickadee,
2025-12-03,"Auburn, AL 36830 Daily Sum",Carolina Chickadee,1.0
2025-12-04,"Auburn, AL 36830 Daily Sum",Carolina Chickadee,
2025-12-05,"Auburn, AL 36830 Daily Sum",Carolina Chickadee,
2025-12-06,"Auburn, AL 36830 Daily Sum",Carolina Chickadee,
2025-12-07,"Auburn, AL 36830 Daily Sum",Carolina Chickadee,
2025-12-08,"Auburn, AL 36830 Daily Sum",Carolina Chickadee,
2025-12-09,"Auburn, AL 36830 Daily Sum",Carolina Chickadee,2.0
2025-12-10,"Auburn, AL 36830 Daily Sum",Carolina Chickadee,1.0
2025-12-11,"Auburn, AL 36830 Daily Sum",Carolina Chickadee,
2025-12-12,"Auburn, AL 36830 Daily Sum",Carolina Chickadee,
2025-12-13,"Auburn, AL 36830 Daily Sum",Carolina Chickadee,
2025-12-14,"Auburn, AL 36830 Daily Sum",Carolina Chickadee,
2025-12-15,"Auburn, AL 36830 Daily Sum",Carolina Chickadee,
2025-12-16,"Auburn, AL 36830 Daily Sum",Carolina Chickadee,
2025-12-17,"Auburn, AL 36830 Daily Sum",Carolina Chickadee,1.0
2025-12-18,"Auburn, AL 36830 Daily Sum",Carolina Chickadee,
2025-12-19,"Auburn, AL 36830 Daily Sum",Carolina Chickadee,
2025-12-20,"Auburn, AL 36830 Daily Sum",Carolina Chickadee,
2025-12-21,"Auburn, AL 36830 Daily Sum",Carolina Chickadee,1.0
2025-12-22,"Auburn, AL 36830 Daily Sum",Carolina Chickadee,1.0
2025-12-23,"Auburn, AL 36830 Daily Sum",Carolina Chickadee,
2025-12-24,"Auburn, AL 36830 Daily Sum",Carolina Chickadee,1.0
2025-12-25,"Auburn, AL 36830 Daily Sum",Carolina Chickadee,
2025-12-26,"Auburn, AL 36830 Daily Sum",Carolina Chickadee,
2025-12-27,"Auburn, AL 36830 Daily Sum",Carolina Chickadee,2.0
2025-12-28,"Auburn, AL 36830 Daily Sum",Carolina Chickadee,
2025-12-29,"Auburn, AL 36830 Daily Sum",Carolina Chickadee,
2025-12-30,"Auburn, AL 36830 Daily Sum",Carolina Chickadee,
2025-12-31,"Auburn, AL 36830 Daily Sum",Carolina Chickadee,
2026-01-01,"Auburn, AL 36830 Daily Sum",Carolina Chickadee,
2026-01-02,"Auburn, AL 36830 Daily Sum",Carolina Chickadee,
2026-01-03,"Auburn, AL 36830 Daily Sum",Carolina Chickadee,1.0
2026-01-04,"Auburn, AL 36830 Daily Sum",Carolina Chickadee,1.0
2026-01-05,"Auburn, AL 36830 Daily Sum",Carolina Chickadee,
2026-01-06,"Auburn, AL 36830 Daily Sum",Carolina Chickadee,
2026-01-07,"Auburn, AL 36830 Daily Sum",Carolina Chickadee,
2026-01-08,"Auburn, AL 36830 Daily Sum",Carolina Chickadee,1.0
2026-01-09,"Auburn, AL 36830 Daily Sum",Carolina Chickadee,1.0
2026-01-10,"Auburn, AL 36830 Daily Sum",Carolina Chickadee,
2026-01-11,"Auburn, AL 36830 Daily Sum",Carolina Chickadee,
2025-11-20,"Auburn, AL 36830 Daily Sum",Chipping Sparrow,1.0
2025-11-25,"Auburn, AL 36830 Daily Sum",Chipping Sparrow,1.0
2025-11-29,"Auburn, AL 36830 Daily Sum",Chipping Sparrow,2.0
2025-12-01,"Auburn, AL 36830 Daily Sum",Chipping Sparrow,1.0
2025-12-02,"Auburn, AL 36830 Daily Sum",Chipping Sparrow,
2025-12-03,"Auburn, AL 36830 Daily Sum",Chipping Sparrow,2.0
2025-12-04,"Auburn, AL 36830 Daily Sum",Chipping Sparrow,
2025-12-05,"Auburn, AL 36830 Daily Sum",Chipping Sparrow,
2025-12-06,"Auburn, AL 36830 Daily Sum",Chipping Sparrow,1.0
2025-12-07,"Auburn, AL 36830 Daily Sum",Chipping Sparrow,
2025-12-08,"Auburn, AL 36830 Daily Sum",Chipping Sparrow,1.0
2025-12-09,"Auburn, AL 36830 Daily Sum",Chipping Sparrow,
2025-12-10,"Auburn, AL 36830 Daily Sum",Chipping Sparrow,1.0
2025-12-11,"Auburn, AL 36830 Daily Sum",Chipping Sparrow,
2025-12-12,"Auburn, AL 36830 Daily Sum",Chipping Sparrow,
2025-12-13,"Auburn, AL 36830 Daily Sum",Chipping Sparrow,
2025-12-14,"Auburn, AL 36830 Daily Sum",Chipping Sparrow,
2025-12-15,"Auburn, AL 36830 Daily Sum",Chipping Sparrow,2.0
2025-12-16,"Auburn, AL 36830 Daily Sum",Chipping Sparrow,
2025-12-17,"Auburn, AL 36830 Daily Sum",Chipping Sparrow,1.0
2025-12-18,"Auburn, AL 36830 Daily Sum",Chipping Sparrow,
2025-12-19,"Auburn, AL 36830 Daily Sum",Chipping Sparrow,
2025-12-20,"Auburn, AL 36830 Daily Sum",Chipping Sparrow,
2025-12-21,"Auburn, AL 36830 Daily Sum",Chipping Sparrow,1.0
2025-12-22,"Auburn, AL 36830 Daily Sum",Chipping Sparrow,
2025-12-23,"Auburn, AL 36830 Daily Sum",Chipping Sparrow,
2025-12-24,"Auburn, AL 36830 Daily Sum",Chipping Sparrow,
2025-12-25,"Auburn, AL 36830 Daily Sum",Chipping Sparrow,2.0
2025-12-26,"Auburn, AL 36830 Daily Sum",Chipping Sparrow,2.0
2025-12-27,"Auburn, AL 36830 Daily Sum",Chipping Sparrow,
2025-12-28,"Auburn, AL 36830 Daily Sum",Chipping Sparrow,
2025-12-29,"Auburn, AL 36830 Daily Sum",Chipping Sparrow,
2025-12-30,"Auburn, AL 36830 Daily Sum",Chipping Sparrow,
2025-12-31,"Auburn, AL 36830 Daily Sum",Chipping Sparrow,
2026-01-01,"Auburn, AL 36830 Daily Sum",Chipping Sparrow,
2026-01-02,"Auburn, AL 36830 Daily Sum",Chipping Sparrow,1.0
2026-01-03,"Auburn, AL 36830 Daily Sum",Chipping Sparrow,3.0
2026-01-04,"Auburn, AL 36830 Daily Sum",Chipping Sparrow,
2026-01-05,"Auburn, AL 36830 Daily Sum",Chipping Sparrow,2.0
2026-01-06,"Auburn, AL 36830 Daily Sum",Chipping Sparrow,2.0
2026-01-07,"Auburn, AL 36830 Daily Sum",Chipping Sparrow,1.0
2026-01-08,"Auburn, AL 36830 Daily Sum",Chipping Sparrow,
2026-01-09,"Auburn, AL 36830 Daily Sum",Chipping Sparrow,
2026-01-10,"Auburn, AL 36830 Daily Sum",Chipping Sparrow,5.0
2026-01-11,"Auburn, AL 36830 Daily Sum",Chipping Sparrow,1.0
2025-12-02,"Auburn, AL 36830 Daily Sum",Orange-crowned Warbler,
2025-12-03,"Auburn, AL 36830 Daily Sum",Orange-crowned Warbler,
2025-12-04,"Auburn, AL 36830 Daily Sum",Orange-crowned Warbler,
2025-12-05,"Auburn, AL 36830 Daily Sum",Orange-crowned Warbler,
2025-12-06,"Auburn, AL 36830 Daily Sum",Orange-crowned Warbler,
2025-12-07,"Auburn, AL 36830 Daily Sum",Orange-crowned Warbler,
2025-12-08,"Auburn, AL 36830 Daily Sum",Orange-crowned Warbler,
2025-12-09,"Auburn, AL 36830 Daily Sum",Orange-crowned Warbler,
2025-12-10,"Auburn, AL 36830 Daily Sum",Orange-crowned Warbler,
2025-12-11,"Auburn, AL 36830 Daily Sum",Orange-crowned Warbler,
2025-12-12,"Auburn, AL 36830 Daily Sum",Orange-crowned Warbler,
2025-12-13,"Auburn, AL 36830 Daily Sum",Orange-crowned Warbler,
2025-12-14,"Auburn, AL 36830 Daily Sum",Orange-crowned Warbler,
2025-12-15,"Auburn, AL 36830 Daily Sum",Orange-crowned Warbler,
2025-12-16,"Auburn, AL 36830 Daily Sum",Orange-crowned Warbler,
2025-12-17,"Auburn, AL 36830 Daily Sum",Orange-crowned Warbler,
2025-12-18,"Auburn, AL 36830 Daily Sum",Orange-crowned Warbler,
2025-12-19,"Auburn, AL 36830 Daily Sum",Orange-crowned Warbler,
2025-12-20,"Auburn, AL 36830 Daily Sum",Orange-crowned Warbler,
2025-12-21,"Auburn, AL 36830 Daily Sum",Orange-crowned Warbler,
2025-12-22,"Auburn, AL 36830 Daily Sum",Orange-crowned Warbler,
2025-12-23,"Auburn, AL 36830 Daily Sum",Orange-crowned Warbler,
2025-12-24,"Auburn, AL 36830 Daily Sum",Orange-crowned Warbler,
2025-12-25,"Auburn, AL 36830 Daily Sum",Orange-crowned Warbler,
2025-12-26,"Auburn, AL 36830 Daily Sum",Orange-crowned Warbler,
2025-12-27,"Auburn, AL 36830 Daily Sum",Orange-crowned Warbler,
2025-12-28,"Auburn, AL 36830 Daily Sum",Orange-crowned Warbler,
2025-12-29,"Auburn, AL 36830 Daily Sum",Orange-crowned Warbler,
2025-12-30,"Auburn, AL 36830 Daily Sum",Orange-crowned Warbler,
2025-12-31,"Auburn, AL 36830 Daily Sum",Orange-crowned Warbler,
2026-01-01,"Auburn, AL 36830 Daily Sum",Orange-crowned Warbler,
2026-01-02,"Auburn, AL 36830 Daily Sum",Orange-crowned Warbler,
2026-01-03,"Auburn, AL 36830 Daily Sum",Orange-crowned Warbler,
2026-01-04,"Auburn, AL 36830 Daily Sum",Orange-crowned Warbler,
2026-01-05,"Auburn, AL 36830 Daily Sum",Orange-crowned Warbler,
2026-01-06,"Auburn, AL 36830 Daily Sum",Orange-crowned Warbler,
2026-01-07,"Auburn, AL 36830 Daily Sum",Orange-crowned Warbler,
2026-01-08,"Auburn, AL 36830 Daily Sum",Orange-crowned Warbler,
2026-01-09,"Auburn, AL 36830 Daily Sum",Orange-crowned Warbler,
2026-01-10,"Auburn, AL 36830 Daily Sum",Orange-crowned Warbler,
2026-01-11,"Auburn, AL 36830 Daily Sum",Orange-crowned Warbler,
2025-11-02,"Auburn, AL 36830 Daily Sum",Black-capped Chickadee,3.0
2025-11-04,"Auburn, AL 36830 Daily Sum",Black-capped Chickadee,6.0
2025-11-05,"Auburn, AL 36830 Daily Sum",Black-capped Chickadee,2.0
2025-11-06,"Auburn, AL 36830 Daily Sum",Black-capped Chickadee,2.0
2025-11-09,"Auburn, AL 36830 Daily Sum",Black-capped Chickadee,1.0
2025-11-10,"Auburn, AL 36830 Daily Sum",Black-capped Chickadee,1.0
2025-11-12,"Auburn, AL 36830 Daily Sum",Black-capped Chickadee,1.0
2025-11-14,"Auburn, AL 36830 Daily Sum",Black-capped Chickadee,3.0
2025-11-20,"Auburn, AL 36830 Daily Sum",Black-capped Chickadee,1.0
2025-11-24,"Auburn, AL 36830 Daily Sum",Black-capped Chickadee,2.0
2025-11-27,"Auburn, AL 36830 Daily Sum",Black-capped Chickadee,1.0
2025-11-28,"Auburn, AL 36830 Daily Sum",Black-capped Chickadee,1.0
2025-12-01,"Auburn, AL 36830 Daily Sum",Black-capped Chickadee,1.0
2025-12-02,"Auburn, AL 36830 Daily Sum",Black-capped Chickadee,
2025-12-03,"Auburn, AL 36830 Daily Sum",Black-capped Chickadee,
2025-12-04,"Auburn, AL 36830 Daily Sum",Black-capped Chickadee,2.0
2025-12-05,"Auburn, AL 36830 Daily Sum",Black-capped Chickadee,
2025-12-06,"Auburn, AL 36830 Daily Sum",Black-capped Chickadee,
2025-12-07,"Auburn, AL 36830 Daily Sum",Black-capped Chickadee,
2025-12-08,"Auburn, AL 36830 Daily Sum",Black-capped Chickadee,1.0
2025-12-09,"Auburn, AL 36830 Daily Sum",Black-capped Chickadee,
2025-12-10,"Auburn, AL 36830 Daily Sum",Black-capped Chickadee,1.0
2025-12-11,"Auburn, AL 36830 Daily Sum",Black-capped Chickadee,
2025-12-12,"Auburn, AL 36830 Daily Sum",Black-capped Chickadee,2.0
2025-12-13,"Auburn, AL 36830 Daily Sum",Black-capped Chickadee,
2025-12-14,"Auburn, AL 36830 Daily Sum",Black-capped Chickadee,
2025-12-15,"Auburn, AL 36830 Daily Sum",Black-capped Chickadee,
2025-12-16,"Auburn, AL 36830 Daily Sum",Black-capped Chickadee,
2025-12-17,"Auburn, AL 36830 Daily Sum",Black-capped Chickadee,
2025-12-18,"Auburn, AL 36830 Daily Sum",Black-capped Chickadee,
2025-12-19,"Auburn, AL 36830 Daily Sum",Black-capped Chickadee,
2025-12-20,"Auburn, AL 36830 Daily Sum",Black-capped Chickadee,1.0
2025-12-21,"Auburn, AL 36830 Daily Sum",Black-capped Chickadee,
2025-12-22,"Auburn, AL 36830 Daily Sum",Black-capped Chickadee,
2025-12-23,"Auburn, AL 36830 Daily Sum",Black-capped Chickadee,
2025-12-24,"Auburn, AL 36830 Daily Sum",Black-capped Chickadee,
2025-12-25,"Auburn, AL 36830 Daily Sum",Black-capped Chickadee,
2025-12-26,"Auburn, AL 36830 Daily Sum",Black-capped Chickadee,
2025-12-27,"Auburn, AL 36830 Daily Sum",Black-capped Chickadee,
2025-12-28,"Auburn, AL 36830 Daily Sum",Black-capped Chickadee,
2025-12-29,"Auburn, AL 36830 Daily Sum",Black-capped Chickadee,
2025-12-30,"Auburn, AL 36830 Daily Sum",Black-capped Chickadee,
2025-12-31,"Auburn, AL 36830 Daily Sum",Black-capped Chickadee,
2026-01-01,"Auburn, AL 36830 Daily Sum",Black-capped Chickadee,
2026-01-02,"Auburn, AL 36830 Daily Sum",Black-capped Chickadee,
2026-01-03,"Auburn, AL 36830 Daily Sum",Black-capped Chickadee,
2026-01-04,"Auburn, AL 36830 Daily Sum",Black-capped Chickadee,
2026-01-05,"Auburn, AL 36830 Daily Sum",Black-capped Chickadee,
2026-01-06,"Auburn, AL 36830 Daily Sum",Black-capped Chickadee,
2026-01-07,"Auburn, AL 36830 Daily Sum",Black-capped Chickadee,
2026-01-08,"Auburn, AL 36830 Daily Sum",Black-capped Chickadee,1.0
2026-01-09,"Auburn, AL 36830 Daily Sum",Black-capped Chickadee,
2026-01-10,"Auburn, AL 36830 Daily Sum",Black-capped Chickadee,
2026-01-11,"Auburn, AL 36830 Daily Sum",Black-capped Chickadee,1.0
2025-12-02,"Auburn, AL 36830 Daily Sum",Red-breasted Nuthatch,
2025-12-03,"Auburn, AL 36830 Daily Sum",Red-breasted Nuthatch,
2025-12-04,"Auburn, AL 36830 Daily Sum",Red-breasted Nuthatch,
2025-12-05,"Auburn, AL 36830 Daily Sum",Red-breasted Nuthatch,
2025-12-06,"Auburn, AL 36830 Daily Sum",Red-breasted Nuthatch,
2025-12-07,"Auburn, AL 36830 Daily Sum",Red-breasted Nuthatch,
2025-12-08,"Auburn, AL 36830 Daily Sum",Red-breasted Nuthatch,
2025-12-09,"Auburn, AL 36830 Daily Sum",Red-breasted Nuthatch,
2025-12-10,"Auburn, AL 36830 Daily Sum",Red-breasted Nuthatch,
2025-12-11,"Auburn, AL 36830 Daily Sum",Red-breasted Nuthatch,
2025-12-12,"Auburn, AL 36830 Daily Sum",Red-breasted Nuthatch,
2025-12-13,"Auburn, AL 36830 Daily Sum",Red-breasted Nuthatch,
2025-12-14,"Auburn, AL 36830 Daily Sum",Red-breasted Nuthatch,
2025-12-15,"Auburn, AL 36830 Daily Sum",Red-breasted Nuthatch,
2025-12-16,"Auburn, AL 36830 Daily Sum",Red-breasted Nuthatch,
2025-12-17,"Auburn, AL 36830 Daily Sum",Red-breasted Nuthatch,
2025-12-18,"Auburn, AL 36830 Daily Sum",Red-breasted Nuthatch,
2025-12-19,"Auburn, AL 36830 Daily Sum",Red-breasted Nuthatch,
2025-12-20,"Auburn, AL 36830 Daily Sum",Red-breasted Nuthatch,
2025-12-21,"Auburn, AL 36830 Daily Sum",Red-breasted Nuthatch,
2025-12-22,"Auburn, AL 36830 Daily Sum",Red-breasted Nuthatch,
2025-12-23,"Auburn, AL 36830 Daily Sum",Red-breasted Nuthatch,
2025-12-24,"Auburn, AL 36830 Daily Sum",Red-breasted Nuthatch,
2025-12-25,"Auburn, AL 36830 Daily Sum",Red-breasted Nuthatch,
2025-12-26,"Auburn, AL 36830 Daily Sum",Red-breasted Nuthatch,
2025-12-27,"Auburn, AL 36830 Daily Sum",Red-breasted Nuthatch,
2025-12-28,"Auburn, AL 36830 Daily Sum",Red-breasted Nuthatch,
2025-12-29,"Auburn, AL 36830 Daily Sum",Red-breasted Nuthatch,
2025-12-30,"Auburn, AL 36830 Daily Sum",Red-breasted Nuthatch,
2025-12-31,"Auburn, AL 36830 Daily Sum",Red-breasted Nuthatch,
2026-01-01,"Auburn, AL 36830 Daily Sum",Red-breasted Nuthatch,
2026-01-02,"Auburn, AL 36830 Daily Sum",Red-breasted Nuthatch,
2026-01-03,"Auburn, AL 36830 Daily Sum",Red-breasted Nuthatch,
2026-01-04,"Auburn, AL 36830 Daily Sum",Red-breasted Nuthatch,
2026-01-05,"Auburn, AL 36830 Daily Sum",Red-breasted Nuthatch,
2026-01-06,"Auburn, AL 36830 Daily Sum",Red-breasted Nuthatch,
2026-01-07,"Auburn, AL 36830 Daily Sum",Red-breasted Nuthatch,
2026-01-08,"Auburn, AL 36830 Daily Sum",Red-breasted Nuthatch,
2026-01-09,"Auburn, AL 36830 Daily Sum",Red-breasted Nuthatch,
2026-01-10,"Auburn, AL 36830 Daily Sum",Red-breasted Nuthatch,
2026-01-11,"Auburn, AL 36830 Daily Sum",Red-breasted Nuthatch,
2025-11-22,"Auburn, AL 36830 Daily Sum",Northern Mockingbird,7.0
2025-11-24,"Auburn, AL 36830 Daily Sum",Northern Mockingbird,7.0
2025-11-25,"Auburn, AL 36830 Daily Sum",Northern Mockingbird,5.0
2025-11-26,"Auburn, AL 36830 Daily Sum",Northern Mockingbird,8.0
2025-11-27,"Auburn, AL 36830 Daily Sum",Northern Mockingbird,10.0
2025-11-28,"Auburn, AL 36830 Daily Sum",Northern Mockingbird,7.0
2025-11-29,"Auburn, AL 36830 Daily Sum",Northern Mockingbird,1.0
2025-11-30,"Auburn, AL 36830 Daily Sum",Northern Mockingbird,1.0
2025-12-01,"Auburn, AL 36830 Daily Sum",Northern Mockingbird,3.0
2025-12-02,"Auburn, AL 36830 Daily Sum",Northern Mockingbird,4.0
2025-12-03,"Auburn, AL 36830 Daily Sum",Northern Mockingbird,8.0
2025-12-04,"Auburn, AL 36830 Daily Sum",Northern Mockingbird,5.0
2025-12-05,"Auburn, AL 36830 Daily Sum",Northern Mockingbird,10.0
2025-12-06,"Auburn, AL 36830 Daily Sum",Northern Mockingbird,4.0
2025-12-07,"Auburn, AL 36830 Daily Sum",Northern Mockingbird,5.0
2025-12-08,"Auburn, AL 36830 Daily Sum",Northern Mockingbird,2.0
2025-12-09,"Auburn, AL 36830 Daily Sum",Northern Mockingbird,
2025-12-10,"Auburn, AL 36830 Daily Sum",Northern Mockingbird,
2025-12-11,"Auburn, AL 36830 Daily Sum",Northern Mockingbird,2.0
2025-12-12,"Auburn, AL 36830 Daily Sum",Northern Mockingbird,1.0
2025-12-13,"Auburn, AL 36830 Daily Sum",Northern Mockingbird,2.0
2025-12-14,"Auburn, AL 36830 Daily Sum",Northern Mockingbird,
2025-12-15,"Auburn, AL 36830 Daily Sum",Northern Mockingbird,1.0
2025-12-16,"Auburn, AL 36830 Daily Sum",Northern Mockingbird,1.0
2025-12-17,"Auburn, AL 36830 Daily Sum",Northern Mockingbird,2.0
2025-12-18,"Auburn, AL 36830 Daily Sum",Northern Mockingbird,
2025-12-19,"Auburn, AL 36830 Daily Sum",Northern Mockingbird,
2025-12-20,"Auburn, AL 36830 Daily Sum",Northern Mockingbird,4.0
2025-12-21,"Auburn, AL 36830 Daily Sum",Northern Mockingbird,
2025-12-22,"Auburn, AL 36830 Daily Sum",Northern Mockingbird,2.0
2025-12-23,"Auburn, AL 36830 Daily Sum",Northern Mockingbird,1.0
2025-12-24,"Auburn, AL 36830 Daily Sum",Northern Mockingbird,
2025-12-25,"Auburn, AL 36830 Daily Sum",Northern Mockingbird,
2025-12-26,"Auburn, AL 36830 Daily Sum",Northern Mockingbird,2.0
2025-12-27,"Auburn, AL 36830 Daily Sum",Northern Mockingbird,
2025-12-28,"Auburn, AL 36830 Daily Sum",Northern Mockingbird,1.0
2025-12-29,"Auburn, AL 36830 Daily Sum",Northern Mockingbird,1.0
2025-12-30,"Auburn, AL 36830 Daily Sum",Northern Mockingbird,2.0
2025-12-31,"Auburn, AL 36830 Daily Sum",Northern Mockingbird,1.0
2026-01-01,"Auburn, AL 36830 Daily Sum",Northern Mockingbird,
2026-01-02,"Auburn, AL 36830 Daily Sum",Northern Mockingbird,1.0
2026-01-03,"Auburn, AL 36830 Daily Sum",Northern Mockingbird,
2026-01-04,"Auburn, AL 36830 Daily Sum",Northern Mockingbird,
2026-01-05,"Auburn, AL 36830 Daily Sum",Northern Mockingbird,1.0
2026-01-06,"Auburn, AL 36830 Daily Sum",Northern Mockingbird,2.0
2026-01-07,"Auburn, AL 36830 Daily Sum",Northern Mockingbird,
2026-01-08,"Auburn, AL 36830 Daily Sum",Northern Mockingbird,
2026-01-09,"Auburn, AL 36830 Daily Sum",Northern Mockingbird,1.0
2026-01-10,"Auburn, AL 36830 Daily Sum",Northern Mockingbird,1.0
2026-01-11,"Auburn, AL 36830 Daily Sum",Northern Mockingbird,2.0
2025-12-02,"Auburn, AL 36830 Daily Sum",Purple Finch,
2025-12-03,"Auburn, AL 36830 Daily Sum",Purple Finch,
2025-12-04,"Auburn, AL 36830 Daily Sum",Purple Finch,
2025-12-05,"Auburn, AL 36830 Daily Sum",Purple Finch,
2025-12-06,"Auburn, AL 36830 Daily Sum",Purple Finch,
2025-12-07,"Auburn, AL 36830 Daily Sum",Purple Finch,
2025-12-08,"Auburn, AL 36830 Daily Sum",Purple Finch,
2025-12-09,"Auburn, AL 36830 Daily Sum",Purple Finch,
2025-12-10,"Auburn, AL 36830 Daily Sum",Purple Finch,
2025-12-11,"Auburn, AL 36830 Daily Sum",Purple Finch,
2025-12-12,"Auburn, AL 36830 Daily Sum",Purple Finch,
2025-12-13,"Auburn, AL 36830 Daily Sum",Purple Finch,
2025-12-14,"Auburn, AL 36830 Daily Sum",Purple Finch,
2025-12-15,"Auburn, AL 36830 Daily Sum",Purple Finch,
2025-12-16,"Auburn, AL 36830 Daily Sum",Purple Finch,
2025-12-17,"Auburn, AL 36830 Daily Sum",Purple Finch,
2025-12-18,"Auburn, AL 36830 Daily Sum",Purple Finch,
2025-12-19,"Auburn, AL 36830 Daily Sum",Purple Finch,
2025-12-20,"Auburn, AL 36830 Daily Sum",Purple Finch,
2025-12-21,"Auburn, AL 36830 Daily Sum",Purple Finch,
2025-12-22,"Auburn, AL 36830 Daily Sum",Purple Finch,
2025-12-23,"Auburn, AL 36830 Daily Sum",Purple Finch,
2025-12-24,"Auburn, AL 36830 Daily Sum",Purple Finch,
2025-12-25,"Auburn, AL 36830 Daily Sum",Purple Finch,
2025-12-26,"Auburn, AL 36830 Daily Sum",Purple Finch,
2025-12-27,"Auburn, AL 36830 Daily Sum",Purple Finch,
2025-12-28,"Auburn, AL 36830 Daily Sum",Purple Finch,
2025-12-29,"Auburn, AL 36830 Daily Sum",Purple Finch,
2025-12-30,"Auburn, AL 36830 Daily Sum",Purple Finch,
2025-12-31,"Auburn, AL 36830 Daily Sum",Purple Finch,
2026-01-01,"Auburn, AL 36830 Daily Sum",Purple Finch,
2026-01-02,"Auburn, AL 36830 Daily Sum",Purple Finch,
2026-01-03,"Auburn, AL 36830 Daily Sum",Purple Finch,
2026-01-04,"Auburn, AL 36830 Daily Sum",Purple Finch,
2026-01-05,"Auburn, AL 36830 Daily Sum",Purple Finch,
2026-01-06,"Auburn, AL 36830 Daily Sum",Purple Finch,
2026-01-07,"Auburn, AL 36830 Daily Sum",Purple Finch,
2026-01-08,"Auburn, AL 36830 Daily Sum",Purple Finch,
2026-01-09,"Auburn, AL 36830 Daily Sum",Purple Finch,
2026-01-10,"Auburn, AL 36830 Daily Sum",Purple Finch,
2026-01-11,"Auburn, AL 36830 Daily Sum",Purple Finch,
2025-12-02,"Auburn, AL 36830 Daily Sum",Blue Jay,
2025-12-03,"Auburn, AL 36830 Daily Sum",Blue Jay,1.0
2025-12-04,"Auburn, AL 36830 Daily Sum",Blue Jay,
2025-12-05,"Auburn, AL 36830 Daily Sum",Blue Jay,
2025-12-06,"Auburn, AL 36830 Daily Sum",Blue Jay,
2025-12-07,"Auburn, AL 36830 Daily Sum",Blue Jay,
2025-12-08,"Auburn, AL 36830 Daily Sum",Blue Jay,
2025-12-09,"Auburn, AL 36830 Daily Sum",Blue Jay,
2025-12-10,"Auburn, AL 36830 Daily Sum",Blue Jay,
2025-12-11,"Auburn, AL 36830 Daily Sum",Blue Jay,
2025-12-12,"Auburn, AL 36830 Daily Sum",Blue Jay,
2025-12-13,"Auburn, AL 36830 Daily Sum",Blue Jay,
2025-12-14,"Auburn, AL 36830 Daily Sum",Blue Jay,
2025-12-15,"Auburn, AL 36830 Daily Sum",Blue Jay,
2025-12-16,"Auburn, AL 36830 Daily Sum",Blue Jay,
2025-12-17,"Auburn, AL 36830 Daily Sum",Blue Jay,
2025-12-18,"Auburn, AL 36830 Daily Sum",Blue Jay,
2025-12-19,"Auburn, AL 36830 Daily Sum",Blue Jay,
2025-12-20,"Auburn, AL 36830 Daily Sum",Blue Jay,
2025-12-21,"Auburn, AL 36830 Daily Sum",Blue Jay,
2025-12-22,"Auburn, AL 36830 Daily Sum",Blue Jay,
2025-12-23,"Auburn, AL 36830 Daily Sum",Blue Jay,
2025-12-24,"Auburn, AL 36830 Daily Sum",Blue Jay,
2025-12-25,"Auburn, AL 36830 Daily Sum",Blue Jay,
2025-12-26,"Auburn, AL 36830 Daily Sum",Blue Jay,
2025-12-27,"Auburn, AL 36830 Daily Sum",Blue Jay,
2025-12-28,"Auburn, AL 36830 Daily Sum",Blue Jay,
2025-12-29,"Auburn, AL 36830 Daily Sum",Blue Jay,
2025-12-30,"Auburn, AL 36830 Daily Sum",Blue Jay,
2025-12-31,"Auburn, AL 36830 Daily Sum",Blue Jay,
2026-01-01,"Auburn, AL 36830 Daily Sum",Blue Jay,
2026-01-02,"Auburn, AL 36830 Daily Sum",Blue Jay,3.0
2026-01-03,"Auburn, AL 36830 Daily Sum",Blue Jay,1.0
2026-01-04,"Auburn, AL 36830 Daily Sum",Blue Jay,1.0
2026-01-05,"Auburn, AL 36830 Daily Sum",Blue Jay,
2026-01-06,"Auburn, AL 36830 Daily Sum",Blue Jay,5.0
2026-01-07,"Auburn, AL 36830 Daily Sum",Blue Jay,
2026-01-08,"Auburn, AL 36830 Daily Sum",Blue Jay,3.0
2026-01-09,"Auburn, AL 36830 Daily Sum",Blue Jay,1.0
2026-01-10,"Auburn, AL 36830 Daily Sum",Blue Jay,
2026-01-11,"Auburn, AL 36830 Daily Sum",Blue Jay,
2025-11-24,"Auburn, AL 36830 Daily Sum",Dark-eyed Junco,1.0
2025-12-02,"Auburn, AL 36830 Daily Sum",Dark-eyed Junco,
2025-12-03,"Auburn, AL 36830 Daily Sum",Dark-eyed Junco,
2025-12-04,"Auburn, AL 36830 Daily Sum",Dark-eyed Junco,
2025-12-05,"Auburn, AL 36830 Daily Sum",Dark-eyed Junco,
2025-12-06,"Auburn, AL 36830 Daily Sum",Dark-eyed Junco,
2025-12-07,"Auburn, AL 36830 Daily Sum",Dark-eyed Junco,
2025-12-08,"Auburn, AL 36830 Daily Sum",Dark-eyed Junco,
2025-12-09,"Auburn, AL 36830 Daily Sum",Dark-eyed Junco,
2025-12-10,"Auburn, AL 36830 Daily Sum",Dark-eyed Junco,
2025-12-11,"Auburn, AL 36830 Daily Sum",Dark-eyed Junco,
2025-12-12,"Auburn, AL 36830 Daily Sum",Dark-eyed Junco,
2025-12-13,"Auburn, AL 36830 Daily Sum",Dark-eyed Junco,
2025-12-14,"Auburn, AL 36830 Daily Sum",Dark-eyed Junco,
2025-12-15,"Auburn, AL 36830 Daily Sum",Dark-eyed Junco,
2025-12-16,"Auburn, AL 36830 Daily Sum",Dark-eyed Junco,
2025-12-17,"Auburn, AL 36830 Daily Sum",Dark-eyed Junco,
2025-12-18,"Auburn, AL 36830 Daily Sum",Dark-eyed Junco,
2025-12-19,"Auburn, AL 36830 Daily Sum",Dark-eyed Junco,
2025-12-20,"Auburn, AL 36830 Daily Sum",Dark-eyed Junco,
2025-12-21,"Auburn, AL 36830 Daily Sum",Dark-eyed Junco,
2025-12-22,"Auburn, AL 36830 Daily Sum",Dark-eyed Junco,
2025-12-23,"Auburn, AL 36830 Daily Sum",Dark-eyed Junco,
2025-12-24,"Auburn, AL 36830 Daily Sum",Dark-eyed Junco,
2025-12-25,"Auburn, AL 36830 Daily Sum",Dark-eyed Junco,
2025-12-26,"Auburn, AL 36830 Daily Sum",Dark-eyed Junco,
2025-12-27,"Auburn, AL 36830 Daily Sum",Dark-eyed Junco,1.0
2025-12-28,"Auburn, AL 36830 Daily Sum",Dark-eyed Junco,
2025-12-29,"Auburn, AL 36830 Daily Sum",Dark-eyed Junco,
2025-12-30,"Auburn, AL 36830 Daily Sum",Dark-eyed Junco,
2025-12-31,"Auburn, AL 36830 Daily Sum",Dark-eyed Junco,
2026-01-01,"Auburn, AL 36830 Daily Sum",Dark-eyed Junco,
2026-01-02,"Auburn, AL 36830 Daily Sum",Dark-eyed Junco,
2026-01-03,"Auburn, AL 36830 Daily Sum",Dark-eyed Junco,
2026-01-04,"Auburn, AL 36830 Daily Sum",Dark-eyed Junco,
2026-01-05,"Auburn, AL 36830 Daily Sum",Dark-eyed Junco,
2026-01-06,"Auburn, AL 36830 Daily Sum",Dark-eyed Junco,
2026-01-07,"Auburn, AL 36830 Daily Sum",Dark-eyed Junco,
2026-01-08,"Auburn, AL 36830 Daily Sum",Dark-eyed Junco,
2026-01-09,"Auburn, AL 36830 Daily Sum",Dark-eyed Junco,
2026-01-10,"Auburn, AL 36830 Daily Sum",Dark-eyed Junco,
2026-01-11,"Auburn, AL 36830 Daily Sum",Dark-eyed Junco,
2025-11-14,"Auburn, AL 36830 Daily Sum",Brown Headed Nuthatch,1.0
2025-12-02,"Auburn, AL 36830 Daily Sum",Brown Headed Nuthatch,
2025-12-03,"Auburn, AL 36830 Daily Sum",Brown Headed Nuthatch,
2025-12-04,"Auburn, AL 36830 Daily Sum",Brown Headed Nuthatch,
2025-12-05,"Auburn, AL 36830 Daily Sum",Brown Headed Nuthatch,
2025-12-06,"Auburn, AL 36830 Daily Sum",Brown Headed Nuthatch,
2025-12-07,"Auburn, AL 36830 Daily Sum",Brown Headed Nuthatch,
2025-12-08,"Auburn, AL 36830 Daily Sum",Brown Headed Nuthatch,
2025-12-09,"Auburn, AL 36830 Daily Sum",Brown Headed Nuthatch,
2025-12-10,"Auburn, AL 36830 Daily Sum",Brown Headed Nuthatch,
2025-12-11,"Auburn, AL 36830 Daily Sum",Brown Headed Nuthatch,
2025-12-12,"Auburn, AL 36830 Daily Sum",Brown Headed Nuthatch,
2025-12-13,"Auburn, AL 36830 Daily Sum",Brown Headed Nuthatch,
2025-12-14,"Auburn, AL 36830 Daily Sum",Brown Headed Nuthatch,
2025-12-15,"Auburn, AL 36830 Daily Sum",Brown Headed Nuthatch,
2025-12-16,"Auburn, AL 36830 Daily Sum",Brown Headed Nuthatch,
2025-12-17,"Auburn, AL 36830 Daily Sum",Brown Headed Nuthatch,
2025-12-18,"Auburn, AL 36830 Daily Sum",Brown Headed Nuthatch,
2025-12-19,"Auburn, AL 36830 Daily Sum",Brown Headed Nuthatch,
2025-12-20,"Auburn, AL 36830 Daily Sum",Brown Headed Nuthatch,
2025-12-21,"Auburn, AL 36830 Daily Sum",Brown Headed Nuthatch,
2025-12-22,"Auburn, AL 36830 Daily Sum",Brown Headed Nuthatch,
2025-12-23,"Auburn, AL 36830 Daily Sum",Brown Headed Nuthatch,
2025-12-24,"Auburn, AL 36830 Daily Sum",Brown Headed Nuthatch,
2025-12-25,"Auburn, AL 36830 Daily Sum",Brown Headed Nuthatch,
2025-12-26,"Auburn, AL 36830 Daily Sum",Brown Headed Nuthatch,
2025-12-27,"Auburn, AL 36830 Daily Sum",Brown Headed Nuthatch,
2025-12-28,"Auburn, AL 36830 Daily Sum",Brown Headed Nuthatch,
2025-12-29,"Auburn, AL 36830 Daily Sum",Brown Headed Nuthatch,
2025-12-30,"Auburn, AL 36830 Daily Sum",Brown Headed Nuthatch,
2025-12-31,"Auburn, AL 36830 Daily Sum",Brown Headed Nuthatch,
2026-01-01,"Auburn, AL 36830 Daily Sum",Brown Headed Nuthatch,
2026-01-02,"Auburn, AL 36830 Daily Sum",Brown Headed Nuthatch,
2026-01-03,"Auburn, AL 36830 Daily Sum",Brown Headed Nuthatch,
2026-01-04,"Auburn, AL 36830 Daily Sum",Brown Headed Nuthatch,
2026-01-05,"Auburn, AL 36830 Daily Sum",Brown Headed Nuthatch,
2026-01-06,"Auburn, AL 36830 Daily Sum",Brown Headed Nuthatch,
2026-01-07,"Auburn, AL 36830 Daily Sum",Brown Headed Nuthatch,
2026-01-08,"Auburn, AL 36830 Daily Sum",Brown Headed Nuthatch,
2026-01-09,"Auburn, AL 36830 Daily Sum",Brown Headed Nuthatch,
2026-01-10,"Auburn, AL 36830 Daily Sum",Brown Headed Nuthatch,
2026-01-11,"Auburn, AL 36830 Daily Sum",Brown Headed Nuthatch,
2025-12-02,"Auburn, AL 36830 Daily Sum",Indigo Bunting,
2025-12-03,"Auburn, AL 36830 Daily Sum",Indigo Bunting,
2025-12-04,"Auburn, AL 36830 Daily Sum",Indigo Bunting,
2025-12-05,"Auburn, AL 36830 Daily Sum",Indigo Bunting,
2025-12-06,"Auburn, AL 36830 Daily Sum",Indigo Bunting,
2025-12-07,"Auburn, AL 36830 Daily Sum",Indigo Bunting,
2025-12-08,"Auburn, AL 36830 Daily Sum",Indigo Bunting,
2025-12-09,"Auburn, AL 36830 Daily Sum",Indigo Bunting,
2025-12-10,"Auburn, AL 36830 Daily Sum",Indigo Bunting,
2025-12-11,"Auburn, AL 36830 Daily Sum",Indigo Bunting,
2025-12-12,"Auburn, AL 36830 Daily Sum",Indigo Bunting,
2025-12-13,"Auburn, AL 36830 Daily Sum",Indigo Bunting,
2025-12-14,"Auburn, AL 36830 Daily Sum",Indigo Bunting,
2025-12-15,"Auburn, AL 36830 Daily Sum",Indigo Bunting,
2025-12-16,"Auburn, AL 36830 Daily Sum",Indigo Bunting,
2025-12-17,"Auburn, AL 36830 Daily Sum",Indigo Bunting,
2025-12-18,"Auburn, AL 36830 Daily Sum",Indigo Bunting,
2025-12-19,"Auburn, AL 36830 Daily Sum",Indigo Bunting,
2025-12-20,"Auburn, AL 36830 Daily Sum",Indigo Bunting,
2025-12-21,"Auburn, AL 36830 Daily Sum",Indigo Bunting,
2025-12-22,"Auburn, AL 36830 Daily Sum",Indigo Bunting,
2025-12-23,"Auburn, AL 36830 Daily Sum",Indigo Bunting,
2025-12-24,"Auburn, AL 36830 Daily Sum",Indigo Bunting,
2025-12-25,"Auburn, AL 36830 Daily Sum",Indigo Bunting,
2025-12-26,"Auburn, AL 36830 Daily Sum",Indigo Bunting,
2025-12-27,"Auburn, AL 36830 Daily Sum",Indigo Bunting,
2025-12-28,"Auburn, AL 36830 Daily Sum",Indigo Bunting,
2025-12-29,"Auburn, AL 36830 Daily Sum",Indigo Bunting,
2025-12-30,"Auburn, AL 36830 Daily Sum",Indigo Bunting,
2025-12-31,"Auburn, AL 36830 Daily Sum",Indigo Bunting,
2026-01-01,"Auburn, AL 36830 Daily Sum",Indigo Bunting,
2026-01-02,"Auburn, AL 36830 Daily Sum",Indigo Bunting,
2026-01-03,"Auburn, AL 36830 Daily Sum",Indigo Bunting,
2026-01-04,"Auburn, AL 36830 Daily Sum",Indigo Bunting,
2026-01-05,"Auburn, AL 36830 Daily Sum",Indigo Bunting,
2026-01-06,"Auburn, AL 36830 Daily Sum",Indigo Bunting,
2026-01-07,"Auburn, AL 36830 Daily Sum",Indigo Bunting,
2026-01-08,"Auburn, AL 36830 Daily Sum",Indigo Bunting,
2026-01-09,"Auburn, AL 36830 Daily Sum",Indigo Bunting,
2026-01-10,"Auburn, AL 36830 Daily Sum",Indigo Bunting,
2026-01-11,"Auburn, AL 36830 Daily Sum",Indigo Bunting,
2025-12-02,"Auburn, AL 36830 Daily Sum",American Goldfinch,
2025-12-03,"Auburn, AL 36830 Daily Sum",American Goldfinch,
2025-12-04,"Auburn, AL 36830 Daily Sum",American Goldfinch,
2025-12-05,"Auburn, AL 36830 Daily Sum",American Goldfinch,
2025-12-06,"Auburn, AL 36830 Daily Sum",American Goldfinch,
2025-12-07,"Auburn, AL 36830 Daily Sum",American Goldfinch,
2025-12-08,"Auburn, AL 36830 Daily Sum",American Goldfinch,
2025-12-09,"Auburn, AL 36830 Daily Sum",American Goldfinch,
2025-12-10,"Auburn, AL 36830 Daily Sum",American Goldfinch,
2025-12-11,"Auburn, AL 36830 Daily Sum",American Goldfinch,
2025-12-12,"Auburn, AL 36830 Daily Sum",American Goldfinch,
2025-12-13,"Auburn, AL 36830 Daily Sum",American Goldfinch,
2025-12-14,"Auburn, AL 36830 Daily Sum",American Goldfinch,
2025-12-15,"Auburn, AL 36830 Daily Sum",American Goldfinch,
2025-12-16,"Auburn, AL 36830 Daily Sum",American Goldfinch,
2025-12-17,"Auburn, AL 36830 Daily Sum",American Goldfinch,
2025-12-18,"Auburn, AL 36830 Daily Sum",American Goldfinch,
2025-12-19,"Auburn, AL 36830 Daily Sum",American Goldfinch,
2025-12-20,"Auburn, AL 36830 Daily Sum",American Goldfinch,
2025-12-21,"Auburn, AL 36830 Daily Sum",American Goldfinch,
2025-12-22,"Auburn, AL 36830 Daily Sum",American Goldfinch,
2025-12-23,"Auburn, AL 36830 Daily Sum",American Goldfinch,
2025-12-24,"Auburn, AL 36830 Daily Sum",American Goldfinch,
2025-12-25,"Auburn, AL 36830 Daily Sum",American Goldfinch,
2025-12-26,"Auburn, AL 36830 Daily Sum",American Goldfinch,
2025-12-27,"Auburn, AL 36830 Daily Sum",American Goldfinch,
2025-12-28,"Auburn, AL 36830 Daily Sum",American Goldfinch,
2025-12-29,"Auburn, AL 36830 Daily Sum",American Goldfinch,
2025-12-30,"Auburn, AL 36830 Daily Sum",American Goldfinch,
2025-12-31,"Auburn, AL 36830 Daily Sum",American Goldfinch,
2026-01-01,"Auburn, AL 36830 Daily Sum",American Goldfinch,
2026-01-02,"Auburn, AL 36830 Daily Sum",American Goldfinch,
2026-01-03,"Auburn, AL 36830 Daily Sum",American Goldfinch,
2026-01-04,"Auburn, AL 36830 Daily Sum",American Goldfinch,
2026-01-05,"Auburn, AL 36830 Daily Sum",American Goldfinch,
2026-01-06,"Auburn, AL 36830 Daily Sum",American Goldfinch,
2026-01-07,"Auburn, AL 36830 Daily Sum",American Goldfinch,
2026-01-08,"Auburn, AL 36830 Daily Sum",American Goldfinch,
2026-01-09,"Auburn, AL 36830 Daily Sum",American Goldfinch,
2026-01-10,"Auburn, AL 36830 Daily Sum",American Goldfinch,
2026-01-11,"Auburn, AL 36830 Daily Sum",American Goldfinch,1.0
2025-12-02,"Auburn, AL 36830 Daily Sum",Brown Headed Cowbird,
2025-12-03,"Auburn, AL 36830 Daily Sum",Brown Headed Cowbird,
2025-12-04,"Auburn, AL 36830 Daily Sum",Brown Headed Cowbird,
2025-12-05,"Auburn, AL 36830 Daily Sum",Brown Headed Cowbird,
2025-12-06,"Auburn, AL 36830 Daily Sum",Brown Headed Cowbird,
2025-12-07,"Auburn, AL 36830 Daily Sum",Brown Headed Cowbird,1.0
2025-12-08,"Auburn, AL 36830 Daily Sum",Brown Headed Cowbird,
2025-12-09,"Auburn, AL 36830 Daily Sum",Brown Headed Cowbird,
2025-12-10,"Auburn, AL 36830 Daily Sum",Brown Headed Cowbird,
2025-12-11,"Auburn, AL 36830 Daily Sum",Brown Headed Cowbird,
2025-12-12,"Auburn, AL 36830 Daily Sum",Brown Headed Cowbird,
2025-12-13,"Auburn, AL 36830 Daily Sum",Brown Headed Cowbird,
2025-12-14,"Auburn, AL 36830 Daily Sum",Brown Headed Cowbird,
2025-12-15,"Auburn, AL 36830 Daily Sum",Brown Headed Cowbird,
2025-12-16,"Auburn, AL 36830 Daily Sum",Brown Headed Cowbird,
2025-12-17,"Auburn, AL 36830 Daily Sum",Brown Headed Cowbird,
2025-12-18,"Auburn, AL 36830 Daily Sum",Brown Headed Cowbird,
2025-12-19,"Auburn, AL 36830 Daily Sum",Brown Headed Cowbird,
2025-12-20,"Auburn, AL 36830 Daily Sum",Brown Headed Cowbird,
2025-12-21,"Auburn, AL 36830 Daily Sum",Brown Headed Cowbird,
2025-12-22,"Auburn, AL 36830 Daily Sum",Brown Headed Cowbird,
2025-12-23,"Auburn, AL 36830 Daily Sum",Brown Headed Cowbird,
2025-12-24,"Auburn, AL 36830 Daily Sum",Brown Headed Cowbird,
2025-12-25,"Auburn, AL 36830 Daily Sum",Brown Headed Cowbird,
2025-12-26,"Auburn, AL 36830 Daily Sum",Brown Headed Cowbird,
2025-12-27,"Auburn, AL 36830 Daily Sum",Brown Headed Cowbird,
2025-12-28,"Auburn, AL 36830 Daily Sum",Brown Headed Cowbird,
2025-12-29,"Auburn, AL 36830 Daily Sum",Brown Headed Cowbird,
2025-12-30,"Auburn, AL 36830 Daily Sum",Brown Headed Cowbird,1.0
2025-12-31,"Auburn, AL 36830 Daily Sum",Brown Headed Cowbird,
2026-01-01,"Auburn, AL 36830 Daily Sum",Brown Headed Cowbird,
2026-01-02,"Auburn, AL 36830 Daily Sum",Brown Headed Cowbird,
2026-01-03,"Auburn, AL 36830 Daily Sum",Brown Headed Cowbird,
2026-01-04,"Auburn, AL 36830 Daily Sum",Brown Headed Cowbird,
2026-01-05,"Auburn, AL 36830 Daily Sum",Brown Headed Cowbird,
2026-01-06,"Auburn, AL 36830 Daily Sum",Brown Headed Cowbird,
2026-01-07,"Auburn, AL 36830 Daily Sum",Brown Headed Cowbird,
2026-01-08,"Auburn, AL 36830 Daily Sum",Brown Headed Cowbird,1.0
2026-01-09,"Auburn, AL 36830 Daily Sum",Brown Headed Cowbird,
2026-01-10,"Auburn, AL 36830 Daily Sum",Brown Headed Cowbird,
2026-01-11,"Auburn, AL 36830 Daily Sum",Brown Headed Cowbird,
2025-11-02,"Auburn, AL 36830 Daily Sum",Red-bellied Woodpecker,1.0
2025-11-07,"Auburn, AL 36830 Daily Sum",Red-bellied Woodpecker,1.0
2025-11-28,"Auburn, AL 36830 Daily Sum",Red-bellied Woodpecker,1.0
2025-12-02,"Auburn, AL 36830 Daily Sum",Red-bellied Woodpecker,
2025-12-03,"Auburn, AL 36830 Daily Sum",Red-bellied Woodpecker,
2025-12-04,"Auburn, AL 36830 Daily Sum",Red-bellied Woodpecker,
2025-12-05,"Auburn, AL 36830 Daily Sum",Red-bellied Woodpecker,
2025-12-06,"Auburn, AL 36830 Daily Sum",Red-bellied Woodpecker,
2025-12-07,"Auburn, AL 36830 Daily Sum",Red-bellied Woodpecker,
2025-12-08,"Auburn, AL 36830 Daily Sum",Red-bellied Woodpecker,
2025-12-09,"Auburn, AL 36830 Daily Sum",Red-bellied Woodpecker,
2025-12-10,"Auburn, AL 36830 Daily Sum",Red-bellied Woodpecker,
2025-12-11,"Auburn, AL 36830 Daily Sum",Red-bellied Woodpecker,1.0
2025-12-12,"Auburn, AL 36830 Daily Sum",Red-bellied Woodpecker,
2025-12-13,"Auburn, AL 36830 Daily Sum",Red-bellied Woodpecker,
2025-12-14,"Auburn, AL 36830 Daily Sum",Red-bellied Woodpecker,
2025-12-15,"Auburn, AL 36830 Daily Sum",Red-bellied Woodpecker,
2025-12-16,"Auburn, AL 36830 Daily Sum",Red-bellied Woodpecker,
2025-12-17,"Auburn, AL 36830 Daily Sum",Red-bellied Woodpecker,
2025-12-18,"Auburn, AL 36830 Daily Sum",Red-bellied Woodpecker,
2025-12-19,"Auburn, AL 36830 Daily Sum",Red-bellied Woodpecker,
2025-12-20,"Auburn, AL 36830 Daily Sum",Red-bellied Woodpecker,
2025-12-21,"Auburn, AL 36830 Daily Sum",Red-bellied Woodpecker,
2025-12-22,"Auburn, AL 36830 Daily Sum",Red-bellied Woodpecker,
2025-12-23,"Auburn, AL 36830 Daily Sum",Red-bellied Woodpecker,
2025-12-24,"Auburn, AL 36830 Daily Sum",Red-bellied Woodpecker,
2025-12-25,"Auburn, AL 36830 Daily Sum",Red-bellied Woodpecker,
2025-12-26,"Auburn, AL 36830 Daily Sum",Red-bellied Woodpecker,
2025-12-27,"Auburn, AL 36830 Daily Sum",Red-bellied Woodpecker,
2025-12-28,"Auburn, AL 36830 Daily Sum",Red-bellied Woodpecker,1.0
2025-12-29,"Auburn, AL 36830 Daily Sum",Red-bellied Woodpecker,
2025-12-30,"Auburn, AL 36830 Daily Sum",Red-bellied Woodpecker,
2025-12-31,"Auburn, AL 36830 Daily Sum",Red-bellied Woodpecker,
2026-01-01,"Auburn, AL 36830 Daily Sum",Red-bellied Woodpecker,
2026-01-02,"Auburn, AL 36830 Daily Sum",Red-bellied Woodpecker,
2026-01-03,"Auburn, AL 36830 Daily Sum",Red-bellied Woodpecker,
2026-01-04,"Auburn, AL 36830 Daily Sum",Red-bellied Woodpecker,
2026-01-05,"Auburn, AL 36830 Daily Sum",Red-bellied Woodpecker,
2026-01-06,"Auburn, AL 36830 Daily Sum",Red-bellied Woodpecker,
2026-01-07,"Auburn, AL 36830 Daily Sum",Red-bellied Woodpecker,
2026-01-08,"Auburn, AL 36830 Daily Sum",Red-bellied Woodpecker,
2026-01-09,"Auburn, AL 36830 Daily Sum",Red-bellied Woodpecker,
2026-01-10,"Auburn, AL 36830 Daily Sum",Red-bellied Woodpecker,
2026-01-11,"Auburn, AL 36830 Daily Sum",Red-bellied Woodpecker,
2025-12-02,"Auburn, AL 36830 Daily Sum",Yellow Rumped Warbler,
2025-12-03,"Auburn, AL 36830 Daily Sum",Yellow Rumped Warbler,
2025-12-04,"Auburn, AL 36830 Daily Sum",Yellow Rumped Warbler,
2025-12-05,"Auburn, AL 36830 Daily Sum",Yellow Rumped Warbler,
2025-12-06,"Auburn, AL 36830 Daily Sum",Yellow Rumped Warbler,
2025-12-07,"Auburn, AL 36830 Daily Sum",Yellow Rumped Warbler,
2025-12-08,"Auburn, AL 36830 Daily Sum",Yellow Rumped Warbler,
2025-12-09,"Auburn, AL 36830 Daily Sum",Yellow Rumped Warbler,
2025-12-10,"Auburn, AL 36830 Daily Sum",Yellow Rumped Warbler,
2025-12-11,"Auburn, AL 36830 Daily Sum",Yellow Rumped Warbler,
2025-12-12,"Auburn, AL 36830 Daily Sum",Yellow Rumped Warbler,
2025-12-13,"Auburn, AL 36830 Daily Sum",Yellow Rumped Warbler,
2025-12-14,"Auburn, AL 36830 Daily Sum",Yellow Rumped Warbler,
2025-12-15,"Auburn, AL 36830 Daily Sum",Yellow Rumped Warbler,
2025-12-16,"Auburn, AL 36830 Daily Sum",Yellow Rumped Warbler,
2025-12-17,"Auburn, AL 36830 Daily Sum",Yellow Rumped Warbler,
2025-12-18,"Auburn, AL 36830 Daily Sum",Yellow Rumped Warbler,
2025-12-19,"Auburn, AL 36830 Daily Sum",Yellow Rumped Warbler,
2025-12-20,"Auburn, AL 36830 Daily Sum",Yellow Rumped Warbler,
2025-12-21,"Auburn, AL 36830 Daily Sum",Yellow Rumped Warbler,
2025-12-22,"Auburn, AL 36830 Daily Sum",Yellow Rumped Warbler,
2025-12-23,"Auburn, AL 36830 Daily Sum",Yellow Rumped Warbler,
2025-12-24,"Auburn, AL 36830 Daily Sum",Yellow Rumped Warbler,
2025-12-25,"Auburn, AL 36830 Daily Sum",Yellow Rumped Warbler,
2025-12-26,"Auburn, AL 36830 Daily Sum",Yellow Rumped Warbler,
2025-12-27,"Auburn, AL 36830 Daily Sum",Yellow Rumped Warbler,
2025-12-28,"Auburn, AL 36830 Daily Sum",Yellow Rumped Warbler,
2025-12-29,"Auburn, AL 36830 Daily Sum",Yellow Rumped Warbler,
2025-12-30,"Auburn, AL 36830 Daily Sum",Yellow Rumped Warbler,
2025-12-31,"Auburn, AL 36830 Daily Sum",Yellow Rumped Warbler,
2026-01-01,"Auburn, AL 36830 Daily Sum",Yellow Rumped Warbler,
2026-01-02,"Auburn, AL 36830 Daily Sum",Yellow Rumped Warbler,
2026-01-03,"Auburn, AL 36830 Daily Sum",Yellow Rumped Warbler,
2026-01-04,"Auburn, AL 36830 Daily Sum",Yellow Rumped Warbler,
2026-01-05,"Auburn, AL 36830 Daily Sum",Yellow Rumped Warbler,1.0
2026-01-06,"Auburn, AL 36830 Daily Sum",Yellow Rumped Warbler,
2026-01-07,"Auburn, AL 36830 Daily Sum",Yellow Rumped Warbler,
2026-01-08,"Auburn, AL 36830 Daily Sum",Yellow Rumped Warbler,
2026-01-09,"Auburn, AL 36830 Daily Sum",Yellow Rumped Warbler,
2026-01-10,"Auburn, AL 36830 Daily Sum",Yellow Rumped Warbler,
2026-01-11,"Auburn, AL 36830 Daily Sum",Yellow Rumped Warbler,
2025-12-02,"Auburn, AL 36830 Daily Sum",House Sparrow,
2025-12-03,"Auburn, AL 36830 Daily Sum",House Sparrow,
2025-12-04,"Auburn, AL 36830 Daily Sum",House Sparrow,
2025-12-05,"Auburn, AL 36830 Daily Sum",House Sparrow,
2025-12-06,"Auburn, AL 36830 Daily Sum",House Sparrow,
2025-12-07,"Auburn, AL 36830 Daily Sum",House Sparrow,
2025-12-08,"Auburn, AL 36830 Daily Sum",House Sparrow,
2025-12-09,"Auburn, AL 36830 Daily Sum",House Sparrow,
2025-12-10,"Auburn, AL 36830 Daily Sum",House Sparrow,
2025-12-11,"Auburn, AL 36830 Daily Sum",House Sparrow,
2025-12-12,"Auburn, AL 36830 Daily Sum",House Sparrow,
2025-12-13,"Auburn, AL 36830 Daily Sum",House Sparrow,
2025-12-14,"Auburn, AL 36830 Daily Sum",House Sparrow,
2025-12-15,"Auburn, AL 36830 Daily Sum",House Sparrow,
2025-12-16,"Auburn, AL 36830 Daily Sum",House Sparrow,
2025-12-17,"Auburn, AL 36830 Daily Sum",House Sparrow,
2025-12-18,"Auburn, AL 36830 Daily Sum",House Sparrow,
2025-12-19,"Auburn, AL 36830 Daily Sum",House Sparrow,
2025-12-20,"Auburn, AL 36830 Daily Sum",House Sparrow,
2025-12-21,"Auburn, AL 36830 Daily Sum",House Sparrow,
2025-12-22,"Auburn, AL 36830 Daily Sum",House Sparrow,
2025-12-23,"Auburn, AL 36830 Daily Sum",House Sparrow,
2025-12-24,"Auburn, AL 36830 Daily Sum",House Sparrow,
2025-12-25,"Auburn, AL 36830 Daily Sum",House Sparrow,
2025-12-26,"Auburn, AL 36830 Daily Sum",House Sparrow,
2025-12-27,"Auburn, AL 36830 Daily Sum",House Sparrow,
2025-12-28,"Auburn, AL 36830 Daily Sum",House Sparrow,
2025-12-29,"Auburn, AL 36830 Daily Sum",House Sparrow,
2025-12-30,"Auburn, AL 36830 Daily Sum",House Sparrow,
2025-12-31,"Auburn, AL 36830 Daily Sum",House Sparrow,
2026-01-01,"Auburn, AL 36830 Daily Sum",House Sparrow,
2026-01-02,"Auburn, AL 36830 Daily Sum",House Sparrow,
2026-01-03,"Auburn, AL 36830 Daily Sum",House Sparrow,
2026-01-04,"Auburn, AL 36830 Daily Sum",House Sparrow,
2026-01-05,"Auburn, AL 36830 Daily Sum",House Sparrow,
2026-01-06,"Auburn, AL 36830 Daily Sum",House Sparrow,
2026-01-07,"Auburn, AL 36830 Daily Sum",House Sparrow,
2026-01-08,"Auburn, AL 36830 Daily Sum",House Sparrow,
2026-01-09,"Auburn, AL 36830 Daily Sum",House Sparrow,
2026-01-10,"Auburn, AL 36830 Daily Sum",House Sparrow,
2026-01-11,"Auburn, AL 36830 Daily Sum",House Sparrow,
2025-12-02,"Auburn, AL 36830 Daily Sum",Mourning Dove,
2025-12-03,"Auburn, AL 36830 Daily Sum",Mourning Dove,
2025-12-04,"Auburn, AL 36830 Daily Sum",Mourning Dove,
2025-12-05,"Auburn, AL 36830 Daily Sum",Mourning Dove,
2025-12-06,"Auburn, AL 36830 Daily Sum",Mourning Dove,5.0
2025-12-07,"Auburn, AL 36830 Daily Sum",Mourning Dove,1.0
2025-12-08,"Auburn, AL 36830 Daily Sum",Mourning Dove,
2025-12-09,"Auburn, AL 36830 Daily Sum",Mourning Dove,4.0
2025-12-10,"Auburn, AL 36830 Daily Sum",Mourning Dove,
2025-12-11,"Auburn, AL 36830 Daily Sum",Mourning Dove,
2025-12-12,"Auburn, AL 36830 Daily Sum",Mourning Dove,
2025-12-13,"Auburn, AL 36830 Daily Sum",Mourning Dove,
2025-12-14,"Auburn, AL 36830 Daily Sum",Mourning Dove,
2025-12-15,"Auburn, AL 36830 Daily Sum",Mourning Dove,
2025-12-16,"Auburn, AL 36830 Daily Sum",Mourning Dove,
2025-12-17,"Auburn, AL 36830 Daily Sum",Mourning Dove,
2025-12-18,"Auburn, AL 36830 Daily Sum",Mourning Dove,
2025-12-19,"Auburn, AL 36830 Daily Sum",Mourning Dove,
2025-12-20,"Auburn, AL 36830 Daily Sum",Mourning Dove,
2025-12-21,"Auburn, AL 36830 Daily Sum",Mourning Dove,
2025-12-22,"Auburn, AL 36830 Daily Sum",Mourning Dove,
2025-12-23,"Auburn, AL 36830 Daily Sum",Mourning Dove,
2025-12-24,"Auburn, AL 36830 Daily Sum",Mourning Dove,
2025-12-25,"Auburn, AL 36830 Daily Sum",Mourning Dove,
2025-12-26,"Auburn, AL 36830 Daily Sum",Mourning Dove,
2025-12-27,"Auburn, AL 36830 Daily Sum",Mourning Dove,3.0
2025-12-28,"Auburn, AL 36830 Daily Sum",Mourning Dove,
2025-12-29,"Auburn, AL 36830 Daily Sum",Mourning Dove,
2025-12-30,"Auburn, AL 36830 Daily Sum",Mourning Dove,
2025-12-31,"Auburn, AL 36830 Daily Sum",Mourning Dove,
2026-01-01,"Auburn, AL 36830 Daily Sum",Mourning Dove,
2026-01-02,"Auburn, AL 36830 Daily Sum",Mourning Dove,
2026-01-03,"Auburn, AL 36830 Daily Sum",Mourning Dove,4.0
2026-01-04,"Auburn, AL 36830 Daily Sum",Mourning Dove,5.0
2026-01-05,"Auburn, AL 36830 Daily Sum",Mourning Dove,2.0
2026-01-06,"Auburn, AL 36830 Daily Sum",Mourning Dove,
2026-01-07,"Auburn, AL 36830 Daily Sum",Mourning Dove,
2026-01-08,"Auburn, AL 36830 Daily Sum",Mourning Dove,
2026-01-09,"Auburn, AL 36830 Daily Sum",Mourning Dove,2.0
2026-01-10,"Auburn, AL 36830 Daily Sum",Mourning Dove,4.0
2026-01-11,"Auburn, AL 36830 Daily Sum",Mourning Dove,
2025-11-22,"Auburn, AL 36830 Daily Sum",Gray Catbird,1.0
2025-12-02,"Auburn, AL 36830 Daily Sum",Gray Catbird,
2025-12-03,"Auburn, AL 36830 Daily Sum",Gray Catbird,
2025-12-04,"Auburn, AL 36830 Daily Sum",Gray Catbird,
2025-12-05,"Auburn, AL 36830 Daily Sum",Gray Catbird,
2025-12-06,"Auburn, AL 36830 Daily Sum",Gray Catbird,
2025-12-07,"Auburn, AL 36830 Daily Sum",Gray Catbird,1.0
2025-12-08,"Auburn, AL 36830 Daily Sum",Gray Catbird,
2025-12-09,"Auburn, AL 36830 Daily Sum",Gray Catbird,
2025-12-10,"Auburn, AL 36830 Daily Sum",Gray Catbird,
2025-12-11,"Auburn, AL 36830 Daily Sum",Gray Catbird,
2025-12-12,"Auburn, AL 36830 Daily Sum",Gray Catbird,
2025-12-13,"Auburn, AL 36830 Daily Sum",Gray Catbird,
2025-12-14,"Auburn, AL 36830 Daily Sum",Gray Catbird,
2025-12-15,"Auburn, AL 36830 Daily Sum",Gray Catbird,
2025-12-16,"Auburn, AL 36830 Daily Sum",Gray Catbird,
2025-12-17,"Auburn, AL 36830 Daily Sum",Gray Catbird,
2025-12-18,"Auburn, AL 36830 Daily Sum",Gray Catbird,
2025-12-19,"Auburn, AL 36830 Daily Sum",Gray Catbird,
2025-12-20,"Auburn, AL 36830 Daily Sum",Gray Catbird,1.0
2025-12-21,"Auburn, AL 36830 Daily Sum",Gray Catbird,
2025-12-22,"Auburn, AL 36830 Daily Sum",Gray Catbird,1.0
2025-12-23,"Auburn, AL 36830 Daily Sum",Gray Catbird,
2025-12-24,"Auburn, AL 36830 Daily Sum",Gray Catbird,
2025-12-25,"Auburn, AL 36830 Daily Sum",Gray Catbird,
2025-12-26,"Auburn, AL 36830 Daily Sum",Gray Catbird,
2025-12-27,"Auburn, AL 36830 Daily Sum",Gray Catbird,
2025-12-28,"Auburn, AL 36830 Daily Sum",Gray Catbird,
2025-12-29,"Auburn, AL 36830 Daily Sum",Gray Catbird,1.0
2025-12-30,"Auburn, AL 36830 Daily Sum",Gray Catbird,
2025-12-31,"Auburn, AL 36830 Daily Sum",Gray Catbird,
2026-01-01,"Auburn, AL 36830 Daily Sum",Gray Catbird,
2026-01-02,"Auburn, AL 36830 Daily Sum",Gray Catbird,
2026-01-03,"Auburn, AL 36830 Daily Sum",Gray Catbird,
2026-01-04,"Auburn, AL 36830 Daily Sum",Gray Catbird,
2026-01-05,"Auburn, AL 36830 Daily Sum",Gray Catbird,1.0
2026-01-06,"Auburn, AL 36830 Daily Sum",Gray Catbird,
2026-01-07,"Auburn, AL 36830 Daily Sum",Gray Catbird,
2026-01-08,"Auburn, AL 36830 Daily Sum",Gray Catbird,
2026-01-09,"Auburn, AL 36830 Daily Sum",Gray Catbird,1.0
2026-01-10,"Auburn, AL 36830 Daily Sum",Gray Catbird,
2026-01-11,"Auburn, AL 36830 Daily Sum",Gray Catbird,
2025-12-01,"Auburn, AL 36830 Daily Sum",Chestnut-backed Chickadee,1.0
2025-12-02,"Auburn, AL 36830 Daily Sum",Chestnut-backed Chickadee,
2025-12-03,"Auburn, AL 36830 Daily Sum",Chestnut-backed Chickadee,
2025-12-04,"Auburn, AL 36830 Daily Sum",Chestnut-backed Chickadee,
2025-12-05,"Auburn, AL 36830 Daily Sum",Chestnut-backed Chickadee,
2025-12-06,"Auburn, AL 36830 Daily Sum",Chestnut-backed Chickadee,
2025-12-07,"Auburn, AL 36830 Daily Sum",Chestnut-backed Chickadee,
2025-12-08,"Auburn, AL 36830 Daily Sum",Chestnut-backed Chickadee,
2025-12-09,"Auburn, AL 36830 Daily Sum",Chestnut-backed Chickadee,
2025-12-10,"Auburn, AL 36830 Daily Sum",Chestnut-backed Chickadee,
2025-12-11,"Auburn, AL 36830 Daily Sum",Chestnut-backed Chickadee,
2025-12-12,"Auburn, AL 36830 Daily Sum",Chestnut-backed Chickadee,
2025-12-13,"Auburn, AL 36830 Daily Sum",Chestnut-backed Chickadee,
2025-12-14,"Auburn, AL 36830 Daily Sum",Chestnut-backed Chickadee,
2025-12-15,"Auburn, AL 36830 Daily Sum",Chestnut-backed Chickadee,
2025-12-16,"Auburn, AL 36830 Daily Sum",Chestnut-backed Chickadee,
2025-12-17,"Auburn, AL 36830 Daily Sum",Chestnut-backed Chickadee,
2025-12-18,"Auburn, AL 36830 Daily Sum",Chestnut-backed Chickadee,
2025-12-19,"Auburn, AL 36830 Daily Sum",Chestnut-backed Chickadee,
2025-12-20,"Auburn, AL 36830 Daily Sum",Chestnut-backed Chickadee,
2025-12-21,"Auburn, AL 36830 Daily Sum",Chestnut-backed Chickadee,
2025-12-22,"Auburn, AL 36830 Daily Sum",Chestnut-backed Chickadee,
2025-12-23,"Auburn, AL 36830 Daily Sum",Chestnut-backed Chickadee,
2025-12-24,"Auburn, AL 36830 Daily Sum",Chestnut-backed Chickadee,
2025-12-25,"Auburn, AL 36830 Daily Sum",Chestnut-backed Chickadee,
2025-12-26,"Auburn, AL 36830 Daily Sum",Chestnut-backed Chickadee,
2025-12-27,"Auburn, AL 36830 Daily Sum",Chestnut-backed Chickadee,
2025-12-28,"Auburn, AL 36830 Daily Sum",Chestnut-backed Chickadee,
2025-12-29,"Auburn, AL 36830 Daily Sum",Chestnut-backed Chickadee,
2025-12-30,"Auburn, AL 36830 Daily Sum",Chestnut-backed Chickadee,
2025-12-31,"Auburn, AL 36830 Daily Sum",Chestnut-backed Chickadee,
2026-01-01,"Auburn, AL 36830 Daily Sum",Chestnut-backed Chickadee,
2026-01-02,"Auburn, AL 36830 Daily Sum",Chestnut-backed Chickadee,
2026-01-03,"Auburn, AL 36830 Daily Sum",Chestnut-backed Chickadee,
2026-01-04,"Auburn, AL 36830 Daily Sum",Chestnut-backed Chickadee,
2026-01-05,"Auburn, AL 36830 Daily Sum",Chestnut-backed Chickadee,
2026-01-06,"Auburn, AL 36830 Daily Sum",Chestnut-backed Chickadee,
2026-01-07,"Auburn, AL 36830 Daily Sum",Chestnut-backed Chickadee,
2026-01-08,"Auburn, AL 36830 Daily Sum",Chestnut-backed Chickadee,
2026-01-09,"Auburn, AL 36830 Daily Sum",Chestnut-backed Chickadee,
2026-01-10,"Auburn, AL 36830 Daily Sum",Chestnut-backed Chickadee,
2026-01-11,"Auburn, AL 36830 Daily Sum",Chestnut-backed Chickadee,
2025-10-30,"Auburn, AL 36830 Daily Sum",Downy Woodpecker,
2025-10-31,"Auburn, AL 36830 Daily Sum",Downy Woodpecker,
2025-11-01,"Auburn, AL 36830 Daily Sum",Downy Woodpecker,
2025-11-02,"Auburn, AL 36830 Daily Sum",Downy Woodpecker,
2025-11-03,"Auburn, AL 36830 Daily Sum",Downy Woodpecker,
2025-11-04,"Auburn, AL 36830 Daily Sum",Downy Woodpecker,
2025-11-05,"Auburn, AL 36830 Daily Sum",Downy Woodpecker,
2025-11-06,"Auburn, AL 36830 Daily Sum",Downy Woodpecker,
2025-11-07,"Auburn, AL 36830 Daily Sum",Downy Woodpecker,
2025-11-08,"Auburn, AL 36830 Daily Sum",Downy Woodpecker,
2025-11-09,"Auburn, AL 36830 Daily Sum",Downy Woodpecker,
2025-11-10,"Auburn, AL 36830 Daily Sum",Downy Woodpecker,
2025-11-11,"Auburn, AL 36830 Daily Sum",Downy Woodpecker,
2025-11-12,"Auburn, AL 36830 Daily Sum",Downy Woodpecker,
2025-11-13,"Auburn, AL 36830 Daily Sum",Downy Woodpecker,
2025-11-14,"Auburn, AL 36830 Daily Sum",Downy Woodpecker,
2025-11-15,"Auburn, AL 36830 Daily Sum",Downy Woodpecker,
2025-11-16,"Auburn, AL 36830 Daily Sum",Downy Woodpecker,
2025-11-17,"Auburn, AL 36830 Daily Sum",Downy Woodpecker,
2025-11-18,"Auburn, AL 36830 Daily Sum",Downy Woodpecker,
2025-11-19,"Auburn, AL 36830 Daily Sum",Downy Woodpecker,
2025-11-20,"Auburn, AL 36830 Daily Sum",Downy Woodpecker,
2025-11-21,"Auburn, AL 36830 Daily Sum",Downy Woodpecker,
2025-11-22,"Auburn, AL 36830 Daily Sum",Downy Woodpecker,
2025-11-23,"Auburn, AL 36830 Daily Sum",Downy Woodpecker,
2025-11-24,"Auburn, AL 36830 Daily Sum",Downy Woodpecker,
2025-11-25,"Auburn, AL 36830 Daily Sum",Downy Woodpecker,
2025-11-26,"Auburn, AL 36830 Daily Sum",Downy Woodpecker,
2025-11-27,"Auburn, AL 36830 Daily Sum",Downy Woodpecker,
2025-11-28,"Auburn, AL 36830 Daily Sum",Downy Woodpecker,
2025-11-29,"Auburn, AL 36830 Daily Sum",Downy Woodpecker,
2025-11-30,"Auburn, AL 36830 Daily Sum",Downy Woodpecker,
2025-12-01,"Auburn, AL 36830 Daily Sum",Downy Woodpecker,
2025-12-02,"Auburn, AL 36830 Daily Sum",Downy Woodpecker,
2025-12-03,"Auburn, AL 36830 Daily Sum",Downy Woodpecker,1.0
2025-12-04,"Auburn, AL 36830 Daily Sum",Downy Woodpecker,
2025-12-05,"Auburn, AL 36830 Daily Sum",Downy Woodpecker,
2025-12-06,"Auburn, AL 36830 Daily Sum",Downy Woodpecker,
2025-12-07,"Auburn, AL 36830 Daily Sum",Downy Woodpecker,
2025-12-08,"Auburn, AL 36830 Daily Sum",Downy Woodpecker,
2025-12-09,"Auburn, AL 36830 Daily Sum",Downy Woodpecker,
2025-12-10,"Auburn, AL 36830 Daily Sum",Downy Woodpecker,
2025-12-11,"Auburn, AL 36830 Daily Sum",Downy Woodpecker,
2025-12-12,"Auburn, AL 36830 Daily Sum",Downy Woodpecker,
2025-12-13,"Auburn, AL 36830 Daily Sum",Downy Woodpecker,
2025-12-14,"Auburn, AL 36830 Daily Sum",Downy Woodpecker,
2025-12-15,"Auburn, AL 36830 Daily Sum",Downy Woodpecker,
2025-12-16,"Auburn, AL 36830 Daily Sum",Downy Woodpecker,
2025-12-17,"Auburn, AL 36830 Daily Sum",Downy Woodpecker,
2025-12-18,"Auburn, AL 36830 Daily Sum",Downy Woodpecker,
2025-12-19,"Auburn, AL 36830 Daily Sum",Downy Woodpecker,
2025-12-20,"Auburn, AL 36830 Daily Sum",Downy Woodpecker,
2025-12-21,"Auburn, AL 36830 Daily Sum",Downy Woodpecker,
2025-12-22,"Auburn, AL 36830 Daily Sum",Downy Woodpecker,
2025-12-23,"Auburn, AL 36830 Daily Sum",Downy Woodpecker,
2025-12-24,"Auburn, AL 36830 Daily Sum",Downy Woodpecker,
2025-12-25,"Auburn, AL 36830 Daily Sum",Downy Woodpecker,
2025-12-26,"Auburn, AL 36830 Daily Sum",Downy Woodpecker,
2025-12-27,"Auburn, AL 36830 Daily Sum",Downy Woodpecker,
2025-12-28,"Auburn, AL 36830 Daily Sum",Downy Woodpecker,
2025-12-29,"Auburn, AL 36830 Daily Sum",Downy Woodpecker,
2025-12-30,"Auburn, AL 36830 Daily Sum",Downy Woodpecker,
2025-12-31,"Auburn, AL 36830 Daily Sum",Downy Woodpecker,
2026-01-01,"Auburn, AL 36830 Daily Sum",Downy Woodpecker,
2026-01-02,"Auburn, AL 36830 Daily Sum",Downy Woodpecker,
2026-01-03,"Auburn, AL 36830 Daily Sum",Downy Woodpecker,
2026-01-04,"Auburn, AL 36830 Daily Sum",Downy Woodpecker,
2026-01-05,"Auburn, AL 36830 Daily Sum",Downy Woodpecker,
2026-01-06,"Auburn, AL 36830 Daily Sum",Downy Woodpecker,
2026-01-07,"Auburn, AL 36830 Daily Sum",Downy Woodpecker,
2026-01-08,"Auburn, AL 36830 Daily Sum",Downy Woodpecker,
2026-01-09,"Auburn, AL 36830 Daily Sum",Downy Woodpecker,
2026-01-10,"Auburn, AL 36830 Daily Sum",Downy Woodpecker,
2026-01-11,"Auburn, AL 36830 Daily Sum",Downy Woodpecker,
2025-10-30,"Auburn, AL 36830 Daily Sum",Pine Warbler,
2025-10-31,"Auburn, AL 36830 Daily Sum",Pine Warbler,
2025-11-01,"Auburn, AL 36830 Daily Sum",Pine Warbler,
2025-11-02,"Auburn, AL 36830 Daily Sum",Pine Warbler,
2025-11-03,"Auburn, AL 36830 Daily Sum",Pine Warbler,
2025-11-04,"Auburn, AL 36830 Daily Sum",Pine Warbler,
2025-11-05,"Auburn, AL 36830 Daily Sum",Pine Warbler,
2025-11-06,"Auburn, AL 36830 Daily Sum",Pine Warbler,
2025-11-07,"Auburn, AL 36830 Daily Sum",Pine Warbler,
2025-11-08,"Auburn, AL 36830 Daily Sum",Pine Warbler,
2025-11-09,"Auburn, AL 36830 Daily Sum",Pine Warbler,
2025-11-10,"Auburn, AL 36830 Daily Sum",Pine Warbler,
2025-11-11,"Auburn, AL 36830 Daily Sum",Pine Warbler,
2025-11-12,"Auburn, AL 36830 Daily Sum",Pine Warbler,
2025-11-13,"Auburn, AL 36830 Daily Sum",Pine Warbler,
2025-11-14,"Auburn, AL 36830 Daily Sum",Pine Warbler,
2025-11-15,"Auburn, AL 36830 Daily Sum",Pine Warbler,
2025-11-16,"Auburn, AL 36830 Daily Sum",Pine Warbler,
2025-11-17,"Auburn, AL 36830 Daily Sum",Pine Warbler,
2025-11-18,"Auburn, AL 36830 Daily Sum",Pine Warbler,
2025-11-19,"Auburn, AL 36830 Daily Sum",Pine Warbler,
2025-11-20,"Auburn, AL 36830 Daily Sum",Pine Warbler,
2025-11-21,"Auburn, AL 36830 Daily Sum",Pine Warbler,
2025-11-22,"Auburn, AL 36830 Daily Sum",Pine Warbler,
2025-11-23,"Auburn, AL 36830 Daily Sum",Pine Warbler,
2025-11-24,"Auburn, AL 36830 Daily Sum",Pine Warbler,
2025-11-25,"Auburn, AL 36830 Daily Sum",Pine Warbler,
2025-11-26,"Auburn, AL 36830 Daily Sum",Pine Warbler,
2025-11-27,"Auburn, AL 36830 Daily Sum",Pine Warbler,
2025-11-28,"Auburn, AL 36830 Daily Sum",Pine Warbler,
2025-11-29,"Auburn, AL 36830 Daily Sum",Pine Warbler,
2025-11-30,"Auburn, AL 36830 Daily Sum",Pine Warbler,
2025-12-01,"Auburn, AL 36830 Daily Sum",Pine Warbler,
2025-12-02,"Auburn, AL 36830 Daily Sum",Pine Warbler,
2025-12-03,"Auburn, AL 36830 Daily Sum",Pine Warbler,
2025-12-04,"Auburn, AL 36830 Daily Sum",Pine Warbler,
2025-12-05,"Auburn, AL 36830 Daily Sum",Pine Warbler,
2025-12-06,"Auburn, AL 36830 Daily Sum",Pine Warbler,
2025-12-07,"Auburn, AL 36830 Daily Sum",Pine Warbler,
2025-12-08,"Auburn, AL 36830 Daily Sum",Pine Warbler,
2025-12-09,"Auburn, AL 36830 Daily Sum",Pine Warbler,
2025-12-10,"Auburn, AL 36830 Daily Sum",Pine Warbler,
2025-12-11,"Auburn, AL 36830 Daily Sum",Pine Warbler,
2025-12-12,"Auburn, AL 36830 Daily Sum",Pine Warbler,
2025-12-13,"Auburn, AL 36830 Daily Sum",Pine Warbler,
2025-12-14,"Auburn, AL 36830 Daily Sum",Pine Warbler,
2025-12-15,"Auburn, AL 36830 Daily Sum",Pine Warbler,
2025-12-16,"Auburn, AL 36830 Daily Sum",Pine Warbler,
2025-12-17,"Auburn, AL 36830 Daily Sum",Pine Warbler,
2025-12-18,"Auburn, AL 36830 Daily Sum",Pine Warbler,
2025-12-19,"Auburn, AL 36830 Daily Sum",Pine Warbler,
2025-12-20,"Auburn, AL 36830 Daily Sum",Pine Warbler,
2025-12-21,"Auburn, AL 36830 Daily Sum",Pine Warbler,
2025-12-22,"Auburn, AL 36830 Daily Sum",Pine Warbler,
2025-12-23,"Auburn, AL 36830 Daily Sum",Pine Warbler,
2025-12-24,"Auburn, AL 36830 Daily Sum",Pine Warbler,
2025-12-25,"Auburn, AL 36830 Daily Sum",Pine Warbler,
2025-12-26,"Auburn, AL 36830 Daily Sum",Pine Warbler,
2025-12-27,"Auburn, AL 36830 Daily Sum",Pine Warbler,1.0
2025-12-28,"Auburn, AL 36830 Daily Sum",Pine Warbler,
2025-12-29,"Auburn, AL 36830 Daily Sum",Pine Warbler,
2025-12-30,"Auburn, AL 36830 Daily Sum",Pine Warbler,
2025-12-31,"Auburn, AL 36830 Daily Sum",Pine Warbler,
2026-01-01,"Auburn, AL 36830 Daily Sum",Pine Warbler,
2026-01-02,"Auburn, AL 36830 Daily Sum",Pine Warbler,
2026-01-03,"Auburn, AL 36830 Daily Sum",Pine Warbler,
2026-01-04,"Auburn, AL 36830 Daily Sum",Pine Warbler,
2026-01-05,"Auburn, AL 36830 Daily Sum",Pine Warbler,
2026-01-06,"Auburn, AL 36830 Daily Sum",Pine Warbler,
2026-01-07,"Auburn, AL 36830 Daily Sum",Pine Warbler,
2026-01-08,"Auburn, AL 36830 Daily Sum",Pine Warbler,
2026-01-09,"Auburn, AL 36830 Daily Sum",Pine Warbler,
2026-01-10,"Auburn, AL 36830 Daily Sum",Pine Warbler,
2026-01-11,"Auburn, AL 36830 Daily Sum",Pine Warbler,
2025-10-30,"Auburn, AL 36830 Daily Sum",Red Winged Blackbird,
2025-10-31,"Auburn, AL 36830 Daily Sum",Red Winged Blackbird,
2025-11-01,"Auburn, AL 36830 Daily Sum",Red Winged Blackbird,
2025-11-02,"Auburn, AL 36830 Daily Sum",Red Winged Blackbird,
2025-11-03,"Auburn, AL 36830 Daily Sum",Red Winged Blackbird,
2025-11-04,"Auburn, AL 36830 Daily Sum",Red Winged Blackbird,
2025-11-05,"Auburn, AL 36830 Daily Sum",Red Winged Blackbird,
2025-11-06,"Auburn, AL 36830 Daily Sum",Red Winged Blackbird,
2025-11-07,"Auburn, AL 36830 Daily Sum",Red Winged Blackbird,
2025-11-08,"Auburn, AL 36830 Daily Sum",Red Winged Blackbird,
2025-11-09,"Auburn, AL 36830 Daily Sum",Red Winged Blackbird,
2025-11-10,"Auburn, AL 36830 Daily Sum",Red Winged Blackbird,
2025-11-11,"Auburn, AL 36830 Daily Sum",Red Winged Blackbird,
2025-11-12,"Auburn, AL 36830 Daily Sum",Red Winged Blackbird,
2025-11-13,"Auburn, AL 36830 Daily Sum",Red Winged Blackbird,
2025-11-14,"Auburn, AL 36830 Daily Sum",Red Winged Blackbird,
2025-11-15,"Auburn, AL 36830 Daily Sum",Red Winged Blackbird,
2025-11-16,"Auburn, AL 36830 Daily Sum",Red Winged Blackbird,
2025-11-17,"Auburn, AL 36830 Daily Sum",Red Winged Blackbird,
2025-11-18,"Auburn, AL 36830 Daily Sum",Red Winged Blackbird,
2025-11-19,"Auburn, AL 36830 Daily Sum",Red Winged Blackbird,
2025-11-20,"Auburn, AL 36830 Daily Sum",Red Winged Blackbird,
2025-11-21,"Auburn, AL 36830 Daily Sum",Red Winged Blackbird,
2025-11-22,"Auburn, AL 36830 Daily Sum",Red Winged Blackbird,
2025-11-23,"Auburn, AL 36830 Daily Sum",Red Winged Blackbird,
2025-11-24,"Auburn, AL 36830 Daily Sum",Red Winged Blackbird,
2025-11-25,"Auburn, AL 36830 Daily Sum",Red Winged Blackbird,
2025-11-26,"Auburn, AL 36830 Daily Sum",Red Winged Blackbird,
2025-11-27,"Auburn, AL 36830 Daily Sum",Red Winged Blackbird,
2025-11-28,"Auburn, AL 36830 Daily Sum",Red Winged Blackbird,
2025-11-29,"Auburn, AL 36830 Daily Sum",Red Winged Blackbird,
2025-11-30,"Auburn, AL 36830 Daily Sum",Red Winged Blackbird,
2025-12-01,"Auburn, AL 36830 Daily Sum",Red Winged Blackbird,
2025-12-02,"Auburn, AL 36830 Daily Sum",Red Winged Blackbird,
2025-12-03,"Auburn, AL 36830 Daily Sum",Red Winged Blackbird,
2025-12-04,"Auburn, AL 36830 Daily Sum",Red Winged Blackbird,
2025-12-05,"Auburn, AL 36830 Daily Sum",Red Winged Blackbird,
2025-12-06,"Auburn, AL 36830 Daily Sum",Red Winged Blackbird,
2025-12-07,"Auburn, AL 36830 Daily Sum",Red Winged Blackbird,
2025-12-08,"Auburn, AL 36830 Daily Sum",Red Winged Blackbird,
2025-12-09,"Auburn, AL 36830 Daily Sum",Red Winged Blackbird,
2025-12-10,"Auburn, AL 36830 Daily Sum",Red Winged Blackbird,
2025-12-11,"Auburn, AL 36830 Daily Sum",Red Winged Blackbird,
2025-12-12,"Auburn, AL 36830 Daily Sum",Red Winged Blackbird,
2025-12-13,"Auburn, AL 36830 Daily Sum",Red Winged Blackbird,
2025-12-14,"Auburn, AL 36830 Daily Sum",Red Winged Blackbird,
2025-12-15,"Auburn, AL 36830 Daily Sum",Red Winged Blackbird,
2025-12-16,"Auburn, AL 36830 Daily Sum",Red Winged Blackbird,
2025-12-17,"Auburn, AL 36830 Daily Sum",Red Winged Blackbird,
2025-12-18,"Auburn, AL 36830 Daily Sum",Red Winged Blackbird,
2025-12-19,"Auburn, AL 36830 Daily Sum",Red Winged Blackbird,
2025-12-20,"Auburn, AL 36830 Daily Sum",Red Winged Blackbird,
2025-12-21,"Auburn, AL 36830 Daily Sum",Red Winged Blackbird,
2025-12-22,"Auburn, AL 36830 Daily Sum",Red Winged Blackbird,
2025-12-23,"Auburn, AL 36830 Daily Sum",Red Winged Blackbird,
2025-12-24,"Auburn, AL 36830 Daily Sum",Red Winged Blackbird,
2025-12-25,"Auburn, AL 36830 Daily Sum",Red Winged Blackbird,
2025-12-26,"Auburn, AL 36830 Daily Sum",Red Winged Blackbird,
2025-12-27,"Auburn, AL 36830 Daily Sum",Red Winged Blackbird,
2025-12-28,"Auburn, AL 36830 Daily Sum",Red Winged Blackbird,
2025-12-29,"Auburn, AL 36830 Daily Sum",Red Winged Blackbird,
2025-12-30,"Auburn, AL 36830 Daily Sum",Red Winged Blackbird,
2025-12-31,"Auburn, AL 36830 Daily Sum",Red Winged Blackbird,2.0
2026-01-01,"Auburn, AL 36830 Daily Sum",Red Winged Blackbird,
2026-01-02,"Auburn, AL 36830 Daily Sum",Red Winged Blackbird,
2026-01-03,"Auburn, AL 36830 Daily Sum",Red Winged Blackbird,
2026-01-04,"Auburn, AL 36830 Daily Sum",Red Winged Blackbird,
2026-01-05,"Auburn, AL 36830 Daily Sum",Red Winged Blackbird,
2026-01-06,"Auburn, AL 36830 Daily Sum",Red Winged Blackbird,
2026-01-07,"Auburn, AL 36830 Daily Sum",Red Winged Blackbird,
2026-01-08,"Auburn, AL 36830 Daily Sum",Red Winged Blackbird,
2026-01-09,"Auburn, AL 36830 Daily Sum",Red Winged Blackbird,
2026-01-10,"Auburn, AL 36830 Daily Sum",Red Winged Blackbird,
2026-01-11,"Auburn, AL 36830 Daily Sum",Red Winged Blackbird,
2025-10-30,"Auburn, AL 36830 Daily Sum",Anna's Hummingbird,
2025-10-31,"Auburn, AL 36830 Daily Sum",Anna's Hummingbird,
2025-11-01,"Auburn, AL 36830 Daily Sum",Anna's Hummingbird,
2025-11-02,"Auburn, AL 36830 Daily Sum",Anna's Hummingbird,
2025-11-03,"Auburn, AL 36830 Daily Sum",Anna's Hummingbird,
2025-11-04,"Auburn, AL 36830 Daily Sum",Anna's Hummingbird,
2025-11-05,"Auburn, AL 36830 Daily Sum",Anna's Hummingbird,
2025-11-06,"Auburn, AL 36830 Daily Sum",Anna's Hummingbird,
2025-11-07,"Auburn, AL 36830 Daily Sum",Anna's Hummingbird,
2025-11-08,"Auburn, AL 36830 Daily Sum",Anna's Hummingbird,
2025-11-09,"Auburn, AL 36830 Daily Sum",Anna's Hummingbird,
2025-11-10,"Auburn, AL 36830 Daily Sum",Anna's Hummingbird,
2025-11-11,"Auburn, AL 36830 Daily Sum",Anna's Hummingbird,
2025-11-12,"Auburn, AL 36830 Daily Sum",Anna's Hummingbird,
2025-11-13,"Auburn, AL 36830 Daily Sum",Anna's Hummingbird,
2025-11-14,"Auburn, AL 36830 Daily Sum",Anna's Hummingbird,
2025-11-15,"Auburn, AL 36830 Daily Sum",Anna's Hummingbird,
2025-11-16,"Auburn, AL 36830 Daily Sum",Anna's Hummingbird,
2025-11-17,"Auburn, AL 36830 Daily Sum",Anna's Hummingbird,
2025-11-18,"Auburn, AL 36830 Daily Sum",Anna's Hummingbird,
2025-11-19,"Auburn, AL 36830 Daily Sum",Anna's Hummingbird,
2025-11-20,"Auburn, AL 36830 Daily Sum",Anna's Hummingbird,
2025-11-21,"Auburn, AL 36830 Daily Sum",Anna's Hummingbird,
2025-11-22,"Auburn, AL 36830 Daily Sum",Anna's Hummingbird,
2025-11-23,"Auburn, AL 36830 Daily Sum",Anna's Hummingbird,
2025-11-24,"Auburn, AL 36830 Daily Sum",Anna's Hummingbird,
2025-11-25,"Auburn, AL 36830 Daily Sum",Anna's Hummingbird,
2025-11-26,"Auburn, AL 36830 Daily Sum",Anna's Hummingbird,
2025-11-27,"Auburn, AL 36830 Daily Sum",Anna's Hummingbird,
2025-11-28,"Auburn, AL 36830 Daily Sum",Anna's Hummingbird,
2025-11-29,"Auburn, AL 36830 Daily Sum",Anna's Hummingbird,
2025-11-30,"Auburn, AL 36830 Daily Sum",Anna's Hummingbird,
2025-12-01,"Auburn, AL 36830 Daily Sum",Anna's Hummingbird,
2025-12-02,"Auburn, AL 36830 Daily Sum",Anna's Hummingbird,
2025-12-03,"Auburn, AL 36830 Daily Sum",Anna's Hummingbird,
2025-12-04,"Auburn, AL 36830 Daily Sum",Anna's Hummingbird,
2025-12-05,"Auburn, AL 36830 Daily Sum",Anna's Hummingbird,
2025-12-06,"Auburn, AL 36830 Daily Sum",Anna's Hummingbird,
2025-12-07,"Auburn, AL 36830 Daily Sum",Anna's Hummingbird,
2025-12-08,"Auburn, AL 36830 Daily Sum",Anna's Hummingbird,
2025-12-09,"Auburn, AL 36830 Daily Sum",Anna's Hummingbird,
2025-12-10,"Auburn, AL 36830 Daily Sum",Anna's Hummingbird,
2025-12-11,"Auburn, AL 36830 Daily Sum",Anna's Hummingbird,
2025-12-12,"Auburn, AL 36830 Daily Sum",Anna's Hummingbird,
2025-12-13,"Auburn, AL 36830 Daily Sum",Anna's Hummingbird,
2025-12-14,"Auburn, AL 36830 Daily Sum",Anna's Hummingbird,
2025-12-15,"Auburn, AL 36830 Daily Sum",Anna's Hummingbird,
2025-12-16,"Auburn, AL 36830 Daily Sum",Anna's Hummingbird,
2025-12-17,"Auburn, AL 36830 Daily Sum",Anna's Hummingbird,
2025-12-18,"Auburn, AL 36830 Daily Sum",Anna's Hummingbird,
2025-12-19,"Auburn, AL 36830 Daily Sum",Anna's Hummingbird,
2025-12-20,"Auburn, AL 36830 Daily Sum",Anna's Hummingbird,
2025-12-21,"Auburn, AL 36830 Daily Sum",Anna's Hummingbird,
2025-12-22,"Auburn, AL 36830 Daily Sum",Anna's Hummingbird,
2025-12-23,"Auburn, AL 36830 Daily Sum",Anna's Hummingbird,
2025-12-24,"Auburn, AL 36830 Daily Sum",Anna's Hummingbird,
2025-12-25,"Auburn, AL 36830 Daily Sum",Anna's Hummingbird,
2025-12-26,"Auburn, AL 36830 Daily Sum",Anna's Hummingbird,
2025-12-27,"Auburn, AL 36830 Daily Sum",Anna's Hummingbird,
2025-12-28,"Auburn, AL 36830 Daily Sum",Anna's Hummingbird,
2025-12-29,"Auburn, AL 36830 Daily Sum",Anna's Hummingbird,
2025-12-30,"Auburn, AL 36830 Daily Sum",Anna's Hummingbird,
2025-12-31,"Auburn, AL 36830 Daily Sum",Anna's Hummingbird,1.0
2026-01-01,"Auburn, AL 36830 Daily Sum",Anna's Hummingbird,
2026-01-02,"Auburn, AL 36830 Daily Sum",Anna's Hummingbird,
2026-01-03,"Auburn, AL 36830 Daily Sum",Anna's Hummingbird,
2026-01-04,"Auburn, AL 36830 Daily Sum",Anna's Hummingbird,
2026-01-05,"Auburn, AL 36830 Daily Sum",Anna's Hummingbird,
2026-01-06,"Auburn, AL 36830 Daily Sum",Anna's Hummingbird,
2026-01-07,"Auburn, AL 36830 Daily Sum",Anna's Hummingbird,
2026-01-08,"Auburn, AL 36830 Daily Sum",Anna's Hummingbird,
2026-01-09,"Auburn, AL 36830 Daily Sum",Anna's Hummingbird,
2026-01-10,"Auburn, AL 36830 Daily Sum",Anna's Hummingbird,
2026-01-11,"Auburn, AL 36830 Daily Sum",Anna's Hummingbird,
