year,slope_det_per_day,r,p
2024,16.364705703904935,0.5875712445564625,2.05006949218156e-16
2025,2.608767512868336,0.1612807529280567,0.005824935534905645
